N,P,K,temperature,humidity,ph,rainfall,label
15.065214480889669,146.67345001283928,199.96947484041516,22.556540291933608,89.74269430819106,5.551462371003515,96.15111913700594,apple
11.870585884301466,135.47904872306736,190.79867195529755,21.638250891321576,92.03553365838911,5.818962018246805,120.52828959789069,apple
2.548900841346176,143.25718183061656,202.47202831987946,23.42260221962051,91.1030686522113,5.641261065093434,114.1427692948498,apple
21.257049051965208,135.64194041068848,197.5232164899589,23.853453756880757,93.31033792897618,6.2490801257231805,120.60892720104255,apple
33.53544196200601,131.2077830784773,201.34749094722932,22.969771385159007,90.32880305343515,6.223611433629188,98.79124261364754,apple
2.598247409583264,128.69871570834854,195.69390974032595,23.356425277323915,96.05431184683161,6.382636171905944,115.3040844840944,apple
21.28715805149049,130.73818796395864,193.16725021820025,20.68607344550465,88.73400036212068,6.227684764557942,107.40122957755055,apple
6.393795220989258,143.52055381186165,207.01547561020496,22.57866798608688,93.73895662229698,6.254237652578641,101.60069754085985,apple
33.01699751940141,141.04825155011548,195.90808159924205,21.620896121964964,90.35018853165796,5.882779875751949,102.95842077482023,apple
11.63231539896281,126.63194994780841,196.54712874083472,22.81284451525659,90.35102765498719,5.678365882674466,108.57478941173927,apple
9.41169529313849,140.75713002722807,205.45912274977414,23.296967587210663,93.1846876976079,5.991648427397632,103.58472066253564,apple
6.8040746868278354,139.50692964728725,193.97177888137995,23.918507251262724,93.05843762900858,5.653278026424799,103.21658127511328,apple
3.7701139700176194,145.89735141038312,204.9274556314751,23.287402438413576,92.01577573678054,5.706856788866622,120.62847660567923,apple
9.208516803758446,140.07015199999805,204.8599859881794,21.868345132623844,92.3194661729047,6.040229155035168,119.25256209616629,apple
37.82566445471616,129.73778517741925,199.99289365575044,23.340835640917188,94.0529572567307,5.986157235082206,114.13852610921876,apple
39.23871597726992,144.70747691755065,198.4591879262401,21.95914224097092,92.63389841129398,6.238866684007859,108.25485977520755,apple
24.128451540154405,148.7522867922304,199.95617441988173,22.28256782804066,94.961585321362,6.272872066513403,117.48159757951001,apple
20.410475045852085,137.79412763780456,200.545262030988,22.881605393644627,94.13285228206989,6.685818953928117,104.39978524027816,apple
11.819340708680436,135.11733001765657,197.4517026883119,20.57543052175255,98.60978975840344,6.076245762506438,105.99000320442458,apple
39.6810855806082,134.24984073109562,201.66193023546387,22.82416654539141,90.74299965952139,5.882557688117974,100.62912214470279,apple
21.38608147981206,142.9485718779516,198.6555955830874,21.28073782774469,94.32435313897749,6.4714444859408715,113.81457811618735,apple
18.585626172784902,127.91391825586786,193.6140638703064,22.71185455482399,93.09830020325957,6.014660701001325,102.06727476298451,apple
2.7880225255178797,141.80581987273257,197.9474641560469,22.78962959287063,95.53324692561137,6.062290655469446,108.63697333760683,apple
12.812000240743652,143.66094733752854,196.43261777971733,23.82453057226826,92.56035217887262,5.525016215368932,116.10291757869105,apple
30.957069629614107,138.93871643531253,203.2333730933145,22.354211732097625,91.88240601740117,6.393271495747024,107.38456014189488,apple
36.50091281402575,129.9817077805394,197.4307789348905,23.32804510673975,94.2418311882592,5.702227024234131,120.74639473977675,apple
25.776277835495584,143.72441266529137,201.6613954208199,23.744538232088598,91.56654353756383,6.157214468053623,100.55989198320484,apple
33.00841337875861,135.67809172445402,194.97757118163815,21.386676921036166,97.73440356661808,5.9750332933016175,108.91653663667323,apple
4.560977188559802,134.35557230866152,197.03613249195953,22.44580766536429,87.6712791702786,5.523956883998938,102.23158611955003,apple
38.88157699896615,120.5388781045964,201.53410494560023,21.139837480458258,95.39649126751985,6.202642307769293,127.21892263527637,apple
18.1413040946007,138.33843924614774,195.00724608244764,24.075147543505214,89.94261197855032,5.624292386379965,126.31618555117032,apple
2.9968175574733835,141.76596968497162,206.87761940814246,22.484683018387404,96.0752914492068,5.946567415348055,119.21561778393901,apple
37.55419532968334,121.52953220570582,200.50474743839425,22.118100864610273,95.34163128781626,6.38046949940551,124.62623522247375,apple
38.02678924725909,143.25137133651634,193.03174124195294,21.665833285670058,92.96211775428169,6.49694645906651,113.43053601181461,apple
20.387577427012758,138.55821985059836,206.16382057946174,23.970115053862834,91.95503014758488,6.019443743018922,117.69590578784724,apple
18.004486481267637,137.74578548659588,198.26204968657194,22.715120292268196,93.85685238335188,5.652727566464125,115.34620723101892,apple
24.778007054790564,127.23261262945475,198.6847081696127,21.262300535729672,94.3657104960282,5.615802859776703,102.54630647320131,apple
1.6191926268278845,122.84785285381153,193.04743616758003,22.37708262549002,90.5072998589753,5.541977825297656,111.99672772211252,apple
34.5606713911278,139.50903984111207,204.89893394462962,21.694966797085822,92.85275241033544,5.974319733053754,106.39438045965105,apple
35.100747968005294,130.78319045686465,194.62298530955312,21.045797751648546,90.24188563239834,6.236174861628902,107.93192792271311,apple
31.321847109751314,130.6903103758738,201.3368209153884,22.019061651581442,89.37709760813655,6.363014191389527,110.85284704646247,apple
9.51324327252081,122.66348304821157,193.26248227394032,21.85545630877075,90.7121710364477,5.659391142375866,105.1828808855979,apple
40.36356837137695,146.2256402512568,206.96193568936096,21.441992601235633,89.82858775264181,6.045017845369233,123.92391430959992,apple
9.164841992277374,121.26908656531972,201.29684375828853,21.489617551163274,92.19163928944273,5.768161606095616,110.73593590089334,apple
10.220202171438354,137.2825745611718,204.57985544967357,23.507043886698042,92.13649740391786,5.925287923667889,107.42897066575344,apple
6.623264481350948,127.08821754317333,201.4877716709673,22.058234070739918,90.74804225475188,5.6396174293963375,121.07281264309302,apple
29.37517784872415,133.32879439063845,197.9740570803846,23.96838518107033,90.3112209603451,5.995159368651105,123.91142753498306,apple
21.870764041401284,142.5510598099241,200.9477722037734,21.66055511845961,92.16960311263476,5.867774881848271,117.3889121120678,apple
4.510575426147738,143.90988013370557,201.71524696846566,22.63951741860941,90.91834829485943,5.681665931613153,103.49319590997365,apple
35.965256571858035,141.16801543870412,199.52283647611392,22.434995686466205,96.11154728420327,5.70773768741909,115.1691375959504,apple
28.238495380612424,125.74762399948008,210.9563825248424,23.059278657337444,91.03715450310284,6.219805295400221,126.00152018958124,apple
0.18312128354984125,127.47560405444239,205.62378130859798,22.49478824619404,91.75535331768151,5.81761201479872,108.08107175003208,apple
19.529162272392995,131.82136553955448,200.88571517841854,22.014499117849166,92.90424075294405,6.15167363792653,98.96779280856174,apple
30.08798603305999,123.46199479056519,204.41473680690652,21.505190134046494,93.68930528225587,5.243005147605421,114.24231948417173,apple
16.297662716284798,130.43612227680757,195.12979166282355,21.515797045079307,95.22432073362478,6.3465014298758,109.13763700777722,apple
8.884210903060858,122.70256170593896,204.59543300794564,20.95791072946665,89.84196325005637,6.38949584816802,105.39180359573663,apple
32.09976751220654,134.51528917530294,196.67311086111863,21.262064827097273,93.87268976275858,6.172066590560466,101.84266823896871,apple
15.913659182199359,133.70046816979195,203.76037847529605,21.933391058943247,95.02706512571224,6.218055322974762,103.38494873062639,apple
10.470153063638122,133.81012026259475,194.7729072201943,22.013984921974146,94.33476254504231,6.425848088729371,123.44084405778294,apple
0.44446843714165285,118.8780479820076,198.7795076234635,23.326485064735863,93.03558811475557,6.163676612080202,114.9331061113134,apple
3.3499656767290062,130.34138997014813,205.67274799779804,22.032860630219066,91.61779798835437,5.87664033416085,119.40971559123041,apple
1.994532486206771,132.3165002499766,208.0859289073947,21.726831913651477,97.25669229432572,5.685959868433306,100.73237973868629,apple
31.13286903679065,136.74583736814336,201.93121265439822,22.825162077562343,93.30440750124099,5.660768055793898,126.09533244374879,apple
34.689445251769385,127.32641491006808,200.72456112411533,21.781295985260023,92.51409223124737,6.30473148976767,103.11273722032374,apple
35.93670822615778,145.72220243323846,200.18009717522042,22.995732582468786,93.8178625365654,6.36167774312083,108.86847832877729,apple
30.40824954464772,128.17940826132914,205.5476622228282,23.413173732293895,95.7029378540225,5.99654927033956,99.87991564580734,apple
34.73715009989445,142.27460937954095,198.604287737235,21.78557515779638,88.54468718015946,6.086957684179099,103.70045769575951,apple
38.51721982032643,136.52266907652427,197.39234636098047,22.32682268933847,95.32529610520265,6.482004310676117,117.16944355905173,apple
9.157886917564769,121.49304828377653,200.34399474121253,22.011426957764748,94.54322380072021,5.806067655663699,100.01524980316007,apple
21.17671613395562,135.59432581185732,202.14404631352534,21.554663994683448,98.18206006379627,5.745195903741193,101.58958284059985,apple
13.869734696177387,124.29228692293225,207.11058576114567,22.641953067402657,92.79893523067346,5.59069928827135,113.24261062266564,apple
35.470326677007364,142.92096687222113,206.29875611467978,24.20279031458728,95.56041103482154,6.187612382663458,121.28016123745748,apple
13.62398964757312,134.45947504577552,196.70449543659092,23.496097524337507,95.57930359699857,5.84523625841467,103.15468815010486,apple
4.297509008500925,137.78438266898553,201.19062764434676,24.401935273930334,89.82653959036537,6.148930947829869,121.57419486948415,apple
13.936901841519083,134.09771465248164,194.94517175818032,22.653382310650365,96.25653876466782,6.608614544052983,114.70173222369871,apple
39.5607208011137,131.29160592179073,197.26304002850028,20.94057431825329,95.6138146761933,6.274225015363584,105.30994108363797,apple
16.550394782621208,134.14363251072206,199.27124900842875,21.722522173031642,96.7243205458601,5.868798831804387,123.5894680963644,apple
7.416727584882289,142.27258142667202,205.64120519986477,23.270925789913303,96.9377858154069,6.176325822333354,119.82128165517523,apple
7.976569016674421,132.22268939883838,194.96503126670575,22.432857780325765,95.86157274119344,6.235104169397029,109.96492309037711,apple
33.65237208698934,139.4862239066802,190.86938735597047,23.116291728225374,92.11310919329583,5.716669291202071,124.73360013547999,apple
13.10948744758714,130.11740373806387,199.75268559979193,22.32678386470447,89.27614402454398,5.528931009390844,110.52878130725412,apple
27.807706753895573,122.95225520005496,206.95822361283726,21.59999878750104,91.71408620984214,6.372656109080697,122.2554788803127,apple
17.719450742064694,134.6488043399064,202.74203979498247,23.718656944542555,95.76937191742338,5.549606269144241,104.19585400943704,apple
40.453807846192134,143.6266809194649,194.77875435873239,21.771080781902786,94.61011799927866,5.518350192249879,103.93840939809205,apple
13.80823269792598,133.880337519868,198.18542482175104,20.878386439224553,95.84546003461116,6.100470451158594,112.14796554799453,apple
24.628924480430197,138.2571287788928,200.92017867485322,23.39913431266375,93.84436675752411,5.767343191510369,99.90317173919087,apple
14.687678895756804,132.91445402371082,190.51634867440404,22.052446560262116,90.87267091888052,5.78740477643438,115.81478609290136,apple
10.194039339705927,134.55745281249156,210.46064893674045,21.665366567238248,91.61937937077286,5.650758246165153,118.97555110363551,apple
8.212090079672278,120.25618293279994,196.94626782273204,21.361120323116413,91.56479994986981,6.437801839239598,101.26501481945476,apple
35.030942430017184,134.2801025980661,195.99309289677853,22.74187792657467,91.36792475527561,5.56929446671899,104.60608764995264,apple
35.39448302736658,125.19428202529608,200.11328145144398,23.54608954730858,95.09735224404052,6.2388018449790295,110.00840386682013,apple
26.707742244228495,129.68004720365053,202.83732335523874,21.45680438777746,94.0764397393475,6.709177269201678,102.12330248122646,apple
36.04707939642813,129.42332709650807,198.7481629514089,22.52953276593478,91.63554452374697,6.056413673803533,117.8219164629794,apple
18.505044573171197,124.20530940560359,207.68516269711117,22.10753791490323,89.7789054952082,5.798348707486689,122.05262368293674,apple
1.0396313637366317,130.01050920896523,197.79726800635322,22.370526179713984,92.5498885442355,6.100343033312035,115.12001516038552,apple
10.07584099314329,124.60575590171528,201.79972519148902,22.94909521893358,92.27935536378803,5.87523813911597,113.02614900570316,apple
7.460369599640157,132.92900710888006,199.75040357561303,21.34778830379093,93.71286644114272,5.772590828507824,127.06619743245582,apple
35.6398666367394,122.57487251225237,194.38873273333058,22.504875924123,93.70279016725833,6.302462501832788,125.5575605890192,apple
26.51288835534926,123.4985380864965,206.16726623756108,23.081133478174475,90.07637731974883,5.698366562621641,121.87856208899525,apple
19.200909057366964,146.34121401885008,202.7595799622334,22.91038709586189,91.64691805629653,5.859233203524016,115.54633709875277,apple
9.253213697522884,129.15467619277428,197.50490459503877,23.512636503550883,88.21944868438341,6.1449307322405335,107.31401255247155,apple
30.363814423516015,132.07600008770083,190.0709320677559,22.636422978258935,93.07453218665785,5.5918158374102225,120.14876378914013,apple
26.635298098605695,142.06869322979725,204.5789501964466,22.236562325590562,90.61814102645639,5.677890633119218,123.49539660594097,apple
33.28172066597213,134.4258272080627,204.14062038427844,20.642673277601006,87.575178493815,5.8079010147142585,114.43831916667179,apple
36.4530920829867,135.5130186037088,207.25129673269439,23.83673496436741,90.11915701467532,6.400197181818258,100.46421776258092,apple
27.601780441681285,128.5880975506674,208.10495480416412,23.560268455861355,95.16234018312208,5.633690900475755,118.36127867678736,apple
16.108460479069322,123.79287325849536,191.5134600203781,20.93033000462292,84.92271618664121,5.668218716207796,124.78090160211173,apple
8.504423957534705,135.89255705261465,200.14354090329059,21.192850293708737,89.76044705962687,6.23200066505852,111.87502176461669,apple
19.951426833285595,144.31178104657585,202.6176032659574,23.2977142373729,90.60294353162361,5.980469069593424,115.909938007742,apple
29.158736010399103,137.71152140164503,196.63921268407395,21.59039183791617,92.7455945362821,5.517502316796758,107.72916700948306,apple
4.492004564716041,131.39159582711392,190.3539964222935,23.32365244272671,88.90715575572416,5.715611667274234,104.34237007647664,apple
38.37166262011969,145.69892093732707,195.75357142505254,23.406723869345885,92.7398394018279,5.904492469158203,124.80132707224327,apple
2.6787167919406847,131.7507405403477,193.34786644226313,23.815269302408623,90.74521346505566,6.016091056105264,102.41652758941788,apple
7.579360456421933,126.82995842955441,193.01756258282512,22.32741815206344,96.6390217246714,5.727841143276817,100.01933114898526,apple
25.316698218290373,144.38098456726584,204.44371233411772,22.8590284578774,88.66944882551351,6.514959617107743,121.30386682678237,apple
8.946822536250975,128.7319952480304,198.21727603432046,22.455430344376147,94.58302465769127,6.553957756582119,104.78099167372599,apple
35.06712978599277,143.23639696656957,199.94702169459663,21.97555235725489,94.38713915693313,5.964152973908598,120.82148988369903,apple
28.989310980453048,141.12088308634728,207.39277559169346,22.77223600464871,90.88611431525236,6.3267101211613905,114.42158603579607,apple
26.107279848895505,137.85238407462282,197.62564634400718,21.757674184920937,91.34303694749755,5.912930736444654,116.94532608813212,apple
30.655524203984065,133.53187096124495,196.6889114651766,22.869703164593123,89.38758710958763,6.335969815743236,104.27860196720555,apple
41.19331750355911,127.26728210795167,204.1403110342432,22.900729032753738,94.77303908941745,5.991197619356444,114.65011368820272,apple
2.5787855543417533,136.5933796709741,198.40332512894958,22.3108128644173,93.01116066529967,6.155445139937678,119.03584709633708,apple
30.866380925076825,137.31958600960704,204.83409844282025,21.935934444894542,92.55107817768636,5.71259680267069,112.23394599098619,apple
30.749342024311037,121.75624187154298,194.64075357503685,23.585678076139796,88.66809537145222,6.111116932881475,114.35565071005243,apple
10.141321721184784,130.60637971452476,204.56538111150084,23.34773200841564,85.70876331844657,6.28236078495112,113.46125078784551,apple
6.455245030785324,134.98470068524375,195.55369958237884,22.84579091715001,91.7420688128437,6.4273688825870945,102.47134782085679,apple
10.900102754105001,135.84104348264452,192.46378853680886,22.85109840046437,90.77318511775411,5.998029212207131,102.25695834967497,apple
2.094359926906318,131.23584206443024,192.2403238064792,23.40881609615575,94.83883329606282,5.570578965382843,119.0648151972778,apple
4.536855387708316,124.15824657015506,198.75025006887626,22.541009644199278,94.09728412282709,5.960725663376423,110.2206962174329,apple
37.784057630697355,141.30812625514045,198.75360185663274,22.304997044967056,94.59021793572352,6.071507296620455,111.81946032677098,apple
6.5407563293591435,129.56721237542726,203.85370507526193,22.543757129875132,90.91327753942869,6.283966475124971,122.19289580142922,apple
20.26347199124161,122.91466500885392,195.76959045956082,23.89772769506803,90.67402314576393,6.510733645420185,126.79285305118584,apple
32.44881173048129,128.7879588568572,203.06666816096507,22.817586091166213,89.79742845619319,6.131992499392353,120.54568712932895,apple
6.1767608253375625,130.79941213540056,202.97289895063793,20.798866670922937,95.22082913633857,6.28000987043113,114.85062806614326,apple
6.384809659760266,121.75040944369478,201.68469344553208,22.719585766429958,96.98099542404704,6.43509020890273,101.36578520607858,apple
31.580254102754985,133.69215175405145,200.74936763369934,22.37520086705219,93.45058011643353,5.789488241292401,102.41907972780504,apple
18.027711969123136,139.09671512548405,203.01247295622912,22.501523360789726,93.95438551662106,6.19922402301684,110.88330124735664,apple
33.83270988627726,128.28704213758104,202.15227802594853,23.244319767294417,93.46888901073582,5.879005783060136,107.65349480861579,apple
10.440798933517618,145.82053836370318,202.7277072735318,22.652541080958173,90.21530449872421,5.834945769074794,111.01416722139828,apple
34.62322655482103,124.9237267555319,208.54084789102,23.012535302682263,95.54407904090486,5.558540431663204,128.63153742155225,apple
3.9424763038512265,123.86937054087186,196.7955234783247,22.80923005729317,93.15795916686771,6.124513441265056,109.00868609981546,apple
1.368800677236823,132.07428948245868,205.9314704802009,24.026739654172705,93.53532729058166,5.584736190041792,123.20255164879684,apple
21.569317511970482,127.84981006577817,203.011937135951,23.084233688898504,91.96494048660549,6.197463716670202,119.95122155783459,apple
15.38973107883197,130.54549545286093,202.3065972115588,23.49741103092516,90.54792751962125,6.167201160694938,112.57320265663424,apple
5.500781407364349,125.221122067329,203.87626004378953,21.99706223492663,94.4145449086645,5.630304355845073,116.37642589494327,apple
12.380736136817989,146.37754694521982,199.05495805120773,22.069713185825293,92.97239994001815,5.53430077135099,105.34186516485568,apple
16.92201455204259,128.67372970322162,201.18521494109083,23.300767174628092,91.49080150172047,5.552697014951656,118.45263996594433,apple
16.655057864224805,135.7529514841848,201.23275032896302,21.19865873881623,91.80845451098892,6.5329681728115485,117.25870939366851,apple
23.671261268800805,140.01108165700475,213.07213493946907,21.154188795050143,90.80853831048596,5.6480088748378074,115.28850074041036,apple
34.69502821631305,141.1363735027252,198.30262881348173,23.15180806207703,91.8526539544298,5.790716725606126,121.66610339187143,apple
12.690069062938397,131.28673805552458,194.87895558851912,22.607043350972212,93.62066884040607,6.168435751910325,106.27392582194692,apple
2.9380829230840817,130.1719402751584,199.22224168084279,22.658436485637473,93.81789486542256,5.809016222937434,105.41683479350996,apple
19.488820275434342,143.07735873547534,198.47049465382813,21.213696420342014,90.58675835537976,5.994432463713937,100.7980978545726,apple
13.210756542704413,128.7250984424518,194.40829251756384,22.30409298558797,91.55736677202343,6.240843810957382,119.70028874698123,apple
10.76552499507221,150.89031537161054,201.74790391044294,22.438348216887306,96.54539407076243,5.766344599068615,110.10581795824002,apple
1.5381063250893559,134.75270880921624,200.8230215903428,21.816839940646062,94.07742076277378,6.44395374922706,117.24327934529722,apple
11.087019627083338,144.89608972158445,198.51959585340757,21.084912218370654,93.4945966216441,6.386978196323912,112.62425119302107,apple
18.73997740771722,135.92579585262257,204.0206439112178,23.847723641053452,91.75946347213313,6.3028532054661675,121.81413443600368,apple
35.204811727674304,141.64005812220722,199.34911278458407,24.171249647972314,91.48528705932951,5.920627241811083,118.31443729834041,apple
11.031853501376565,127.0842446258993,206.68641828582304,20.756826447290358,95.80966299113447,6.2757010309220895,122.53276875065067,apple
25.477474996056735,134.60939365083286,202.6818061385985,22.590276190202395,90.63618670297525,5.971488927823631,102.00278708848047,apple
12.128481439016852,118.00162801376553,196.95524833749417,23.02384111339165,91.77714752706403,5.642301468334865,101.42782846602258,apple
12.640009107690338,132.79482579836136,197.2917107122496,23.381557240726284,99.04653649410893,5.945978481587644,107.53142907724569,apple
27.40795108309499,127.03755925627839,200.08189300072186,23.45560102633473,90.693229546538,5.9684059294481395,112.07923423066359,apple
25.66333849723011,118.85135577851611,199.00996268248124,22.446955558399683,89.50931406837906,5.917651387651096,102.64573744435623,apple
12.41153629344249,140.46485792007337,201.542013440648,21.21366897026814,94.29579458703722,6.044556920094046,126.4008633558968,apple
0.1708468354995556,126.80254875511953,202.95233485846143,22.868206848404213,93.99931635173662,6.278540768049046,124.77908971503874,apple
19.966015407064283,129.63236532261797,205.37457819943563,21.76797605333754,92.39546840672841,5.942858050828694,99.00139745368948,apple
19.37284540686735,144.30455887528768,201.39698477819059,22.402920132218128,95.91924018189624,5.707049752359177,103.81274224485308,apple
11.462303316674696,128.60397197425561,191.69140422058612,20.241212610569946,92.22560514637276,6.045892337477085,122.78397490313657,apple
0.3979115402690996,135.67565710941597,203.66217760814607,22.643822004229467,95.21970451273957,5.725589119463268,114.19014925650765,apple
14.945577212115348,120.44997795724291,198.96405020698236,22.836973815047454,97.69786807695866,6.143840128392879,98.92310588757343,apple
2.656021643393539,125.83567887387666,196.65355211120846,22.16034471843505,92.4958959114538,5.902385956104248,102.13353970982477,apple
30.63145452209829,132.27694315815876,191.52811003618223,23.323693824753992,94.04887689016748,6.004437490948105,116.67575489810933,apple
28.330290559192175,122.97623611288955,196.48797448060824,20.33970546780159,92.16728603749141,5.9743934416988225,105.09642600296512,apple
18.159470134495933,132.5169343478505,201.6744648288624,20.456278146094796,91.66832019981247,6.186253981841049,102.3607105317212,apple
2.9248223957447355,137.1096233272912,204.4640496737675,21.033944976023673,92.15608941744624,6.5143791459107945,127.03452324545403,apple
6.660964360779042,130.77286072726977,205.16717094135498,22.89367840815185,89.24620581457182,5.4572488635973775,109.50495322350869,apple
16.687101167551898,116.85803560633391,200.79800314904693,23.056450339804755,90.77464047759781,5.856931157132393,112.56693579431568,apple
9.921127555694355,134.14013161708453,194.79700845372278,22.782901608222666,92.45386680808471,5.703647108181688,124.39311854854606,apple
17.957435467461412,133.41164993902328,198.72221291377497,21.66028589254268,92.1602857082065,5.697884865447446,121.00471683026241,apple
33.49924903709941,126.2702867489387,197.29408618037849,21.73116799964684,92.67526290690307,6.088640518483057,112.86443030605189,apple
6.147512191510717,134.6365771739595,197.45917227390564,21.400333693232348,90.22846279443527,5.45461479001171,105.70924800219213,apple
34.493959197569204,132.61140899856156,197.0330676203201,21.71326909076686,96.22473352725015,6.5364643803174385,106.58695244271514,apple
3.0385332269175462,135.7313429342273,206.01540655377494,21.847442437761526,93.9657505369113,5.967429522612859,118.08774965181618,apple
37.43420987337506,142.5614044653272,203.6750684285343,23.531291570119166,91.16902540717625,6.349297471032455,114.782496165641,apple
12.782388812329808,144.24680045178064,205.4144915473392,22.856425290565006,92.30099188897283,6.237196425176709,123.52813912439156,apple
9.484428015507378,139.54525540676823,204.881873671252,22.862070105268014,93.83744423459174,5.312575790952905,115.09111431090116,apple
5.200173426763356,143.8194666394515,200.94285315292205,22.777901002736545,91.57779496391355,6.2898899404161535,114.47544805700983,apple
13.807230315492829,134.0799430133227,191.56773504865154,22.68007230316573,94.29708980825215,5.550991277949236,118.28255868655474,apple
37.55560887489042,134.6066413853326,199.6690984456061,22.132800880681337,88.57756135881971,5.927504170765889,122.36900138733296,apple
27.8364602599472,128.16090409974268,194.48022882980524,22.284834137356484,91.44803372868475,5.622977877983666,112.4723399335512,apple
3.095294797018383,146.70061961742505,191.73684259404743,21.670262743251424,94.21457895399118,5.935466159140973,115.71311459206294,apple
23.633546780407414,139.10197378188428,201.55011451820656,22.724217887243473,89.47512113441391,6.151615178773149,104.15917049532122,apple
37.82543773134618,121.4713474009145,201.62809612942476,22.081110058031275,90.49172741279907,6.237542684196743,126.71731190211035,apple
9.930721260734748,135.6904554830447,193.20818284465548,21.202056212622313,92.81708035127119,6.230341015659424,98.90719961326738,apple
28.488431558966862,135.727280998937,207.44579087455324,21.53292753540594,95.049944579998,6.555513832557793,119.68268926989913,apple
36.37429139641914,133.98967864646158,206.2075033468977,21.222752774845137,93.11502863286441,6.317852296540939,120.6732829201961,apple
17.45739858868122,136.2442101734723,207.60469256671658,21.185010521144154,94.5982133099095,5.748809053395519,114.98469209461135,apple
10.197475260737455,125.40228193584186,200.4116178071357,21.07092504164013,89.81484142915417,6.030437266760197,120.02756587853018,apple
98.29539830704407,83.37395359640294,49.2562416360771,26.419931537194113,85.05933300467996,6.020077670621665,94.95812180000027,banana
114.38544903316448,89.37751212272559,52.39009623011141,28.750977793961464,80.96802788371738,5.889634013170255,104.64242393496951,banana
86.1245896187882,75.67763051473955,51.373631554705575,27.768789441818136,80.3188485050395,5.488439879893181,89.4779110419046,banana
83.29676618683035,80.19361377220201,45.56204483702096,26.846560500163438,85.25784452444454,6.010085700767701,105.03315514089996,banana
99.33301780973214,81.9249064976252,54.170883306125404,27.081924600828607,79.56540446959299,5.471142973324912,104.863192175536,banana
100.66681581092865,85.82725429070237,46.082026728441946,28.329148799466196,78.35267489847763,6.018716080738045,104.82654048281947,banana
113.52804348397545,86.43554712433091,48.15784122442894,27.772922051721167,79.07450328558836,5.790370039559351,112.47955137096534,banana
82.73577522240853,84.66488992547515,46.30797932283375,26.165109812627566,81.06239119039722,5.8593815120853865,114.50541048854221,banana
94.38686207700545,87.84181625554353,52.50787404016184,28.46291359553977,84.38052387185397,5.55404431991515,96.87546886475725,banana
101.9774561420117,78.26800040977338,52.19061503691765,27.5903344473289,82.93570885316834,5.862652126634865,96.90761984168442,banana
114.10827424990627,84.83066414694082,50.54575513252587,25.273609936785984,81.09581169895526,6.196909692213794,94.11737573871723,banana
83.13045027373995,86.9811594542277,49.697367523789296,28.384541287220856,82.4979595438536,6.148204900842009,95.06581992005833,banana
88.88611675529648,90.24318371742244,46.29114345120309,28.166908747072895,76.93188542967326,6.153787376035703,109.63920635752207,banana
103.29911793182455,76.28739759059108,51.9951798295797,26.538870079039377,81.40006975028899,6.484807299570121,99.33432446463416,banana
117.09846544681336,93.81775244212022,45.69660963639772,25.483737788058615,77.2111670057015,5.707987603018302,92.97844127130868,banana
82.58473744196381,92.00823968582608,51.21973645163462,27.062035473267667,83.78656650878077,6.260256554634136,107.88137584793637,banana
91.14934073968277,87.89215503397588,55.032874919174965,29.633979050025488,78.31531490610249,5.948944948411721,97.557896583502,banana
97.14827502362151,92.4404368035525,46.220551201669856,27.666145416620648,84.66919105665481,6.266900788552563,104.3469671507138,banana
99.86955767679008,89.2383512228605,52.32726805131209,27.251463152756745,73.532450486353,6.23985282821809,101.75948294655021,banana
118.11149657554235,87.00184827249994,50.156039927363196,25.822288314892475,76.46043522622743,5.601391692425725,98.96536267241179,banana
93.64211531248795,90.83407256139954,54.77181667517913,24.87662552204753,84.54983049599603,6.160401054625905,112.81097918810246,banana
88.1174483669697,79.48900260348564,50.167551371435195,26.53029618295317,75.02201081540859,5.53110848656794,91.72947530773499,banana
88.62262143434803,78.1089021911175,48.40289381440017,26.220349629209455,78.60423507642437,5.545865552906247,97.83863043718947,banana
85.96840063904227,86.47436038688778,49.22111372565602,26.04456134740336,80.34709198357956,5.760157129643493,100.89683038584398,banana
100.74426429477546,89.74503293364214,49.54091892954319,27.39250157027934,85.58915340702997,6.352692222280817,91.3405474456878,banana
110.19390223460836,81.82781565631699,53.27653251457661,27.641256451097888,80.82800813872542,6.2182018137020885,108.71426081967095,banana
87.57216286082621,84.82260102093784,49.15241903237922,27.4086945420181,76.99355136924606,6.047705931808441,94.75949979998359,banana
86.48310155286399,81.61455727331887,53.49001242277809,25.88601908657683,76.9040694505449,6.10628184244385,110.44389836073759,banana
89.73155273904776,78.36445731381035,44.36334822430644,28.333594922782865,84.30107567322024,6.123979500076673,107.32933069997789,banana
114.6321252818345,83.47348116531249,51.04197434797394,27.826364607020473,77.13123927963309,6.004180233717349,96.456554647364,banana
107.11493242083355,92.80448954416364,48.542347126518344,26.84226323392233,75.8787020030908,5.43600343220693,102.08824240261197,banana
94.15009229446159,92.276936045373,50.729649248961415,27.90475197755249,77.27462657818558,6.285074524849414,98.4094199349844,banana
112.5528437133546,77.35806172591414,47.31489744196982,25.696617128859714,85.17565220594815,6.233666826535915,111.14809831804682,banana
116.20879798712676,74.2972343252428,51.921032280891424,26.912612217090032,80.58931121983284,6.619465867816086,96.88454905365234,banana
114.84695463158971,79.1844177036828,48.671298537620416,28.99298344223476,73.12414961021547,5.593465646759491,97.97486985041562,banana
109.22773544017481,88.36784372167861,52.55349513760971,29.150977806370076,82.78057311261377,6.399160712717522,89.36805170572589,banana
91.28206131744452,81.51177875348931,46.78761252130072,25.39246544756414,80.53719328280187,6.125218901283579,90.74853919428669,banana
84.25975294899631,86.38767921882129,55.39888615924583,26.76223250074816,82.80541346162546,5.954823528934276,111.1136216040679,banana
80.67198737018933,90.28722304955217,53.45863250388269,26.47558865640305,77.95083172229918,6.033431606327867,92.84505717633807,banana
94.74708972163872,76.74583365241837,44.118750209758794,28.369329302410364,78.82945463900145,5.715797432840216,108.14269151061498,banana
96.35314927469851,82.14481629758939,52.46760678479751,25.627880228126344,77.83751926576568,5.636253589353533,100.05649276756789,banana
88.0107115554012,88.99040581325495,45.5783946722288,28.995629128177022,80.23087187979846,6.038687504454486,91.62814423914057,banana
108.12003955298795,75.40632202828563,47.027357521729584,26.04799991256912,81.78233710065554,6.493546282974707,103.21737500321181,banana
92.7030552780897,75.26335137056304,48.16477896068438,26.821909736499688,81.21394770603874,6.146658000245673,90.7813504437963,banana
87.34139724624137,92.11268948066814,51.9564486012026,26.66671135500226,82.36811070152304,6.1614958085220675,118.48794734544566,banana
97.8201154338002,86.1037629124019,52.05502967700302,25.49064498581436,83.84593710346589,6.033460306725481,113.82560668404196,banana
103.59608542965216,80.04573451031895,52.0575419356031,25.680767315411824,77.42327531429459,5.71724018076199,90.29189244079167,banana
105.66455841273948,89.5608305312654,44.47602054993263,28.08599771277877,76.37686443863745,6.085911602425753,93.25518270343885,banana
107.79284785361234,93.59951431359116,45.49869368873221,26.30282709504489,75.09969364754312,5.50487286674839,106.72085360223696,banana
94.72040767908983,72.95640534839798,52.352353587337795,25.065910329249064,83.60798426814672,5.916935019109311,89.14780267097757,banana
89.78605104991335,94.30435318106865,49.3669544153717,26.90096049261217,72.50745732235073,5.853819835500393,112.31024031510744,banana
80.77989566683661,87.10542990312764,49.73062858508532,26.018127786000726,79.66555688071571,5.974574841037115,92.7278603818622,banana
95.43500005935635,81.27650341471836,52.33917771080382,25.062451695517886,74.87578564516616,5.96379460209778,106.42110368320053,banana
87.06141395730815,87.06754085657033,54.677992446792565,27.029530278809837,84.73139502456789,6.002307001672359,97.34424097455047,banana
117.26850808217974,81.12764010798459,50.59885853756361,27.77587184797053,81.43713423330962,5.962509278875908,99.56088590633874,banana
88.81565642557206,94.49624320329195,44.943958585642335,26.35423248452331,87.37466977662231,6.264671132290382,115.13391001268155,banana
95.5919244337376,81.66170180467103,53.81633152199535,26.07369914084939,81.45466408893273,5.490828175754612,105.19166266960437,banana
99.66565372846028,73.34595704902789,45.98961130132303,26.55892967433735,73.38914792453511,6.154025910998959,102.54816970956637,banana
100.3669187633401,84.53027343905579,44.782187200574214,25.88528446592551,84.08999289643536,5.869558167843614,113.18303515988153,banana
107.38081909527082,90.6953832687967,56.02368131692687,26.058606067435996,75.08013529471944,5.667526698073351,97.68601361564102,banana
104.9814816052764,86.62619349363088,49.9141716905814,25.202754634193674,75.37072733309843,6.366559864594948,110.02860636797753,banana
79.29550933605739,82.11224019740601,54.449516608660076,27.93015314784938,83.08268968409351,5.974751436966473,91.73640725554968,banana
91.55604999663029,78.49408885950747,46.004095305223075,28.004089043601454,81.35708346732787,6.169622013482365,110.0682428346039,banana
104.45538119561402,80.29870182491645,50.78460648549151,27.117188435823316,82.74330715132491,6.514372851575678,109.55204725928184,banana
112.05286944329706,79.0595353505736,47.34758176550175,30.168736353266453,77.08069798041221,5.826588523481847,108.76368222277809,banana
90.05739741627877,83.42711187797366,49.76374796483238,27.810715358964387,82.85165946200681,6.14430028191836,112.14486326811455,banana
96.65387897379355,91.03625026841716,46.498616422668896,25.958942179272455,72.15877134564928,6.1188327437389045,108.0216700398685,banana
116.44774089851657,80.65247598637778,44.080822247403766,25.411580646423232,77.88899252900856,5.581634565188364,110.6111439843828,banana
111.10839944244137,75.40217380082817,51.22775969279937,29.619342169254647,80.12946073966332,6.407887982209858,91.68922677369183,banana
108.58996523164616,80.92784783450072,45.071494762232405,26.765287867638957,81.07881453654555,6.4817184707956965,104.71496667453744,banana
98.15771510679409,81.43982804888748,46.392103498752114,25.180075321866806,81.06524630039306,6.14853003875531,90.71478490178966,banana
119.74946072760926,78.1625646035277,51.02910397355429,29.27777564112412,76.96527265975652,6.19438099409616,94.73271937445598,banana
111.99377154677617,91.99902517535669,44.076862346474535,29.81493867586693,76.0610560066447,6.2399316493693675,96.55371986425902,banana
90.08496406095051,84.27511268746184,46.74309789799344,28.53320623857355,85.0974061673082,6.144807024876014,101.48845668646392,banana
99.27025285385551,95.20262115868736,48.85406184342958,27.49289741974031,76.2899838392552,6.154438637514598,101.75317416289772,banana
87.0110812392279,80.76713406971912,48.49929628882743,25.214087355212996,77.12723760543484,6.215591244170268,105.95595116630727,banana
119.96489386632318,87.18515480691858,54.06504189887934,25.608460984421974,73.4915698983133,5.5573272962361315,95.23597628715399,banana
85.92683771543435,82.1433285638518,47.91568606759465,25.12415828669318,74.94554444083491,6.045717734718449,104.95275620090044,banana
84.97904091231386,96.09275938699022,49.561695717487105,29.391329346503834,76.75079282812833,5.738489441477712,96.8875392625851,banana
112.43620051565799,81.4340865154457,48.134204531641096,27.550821735618864,81.81883708952606,5.730289536152963,111.02469661599194,banana
115.0175427247949,76.20181166208944,52.33425912813594,25.13647356456386,77.57334030889409,6.014270576020488,102.80655802465988,banana
97.02976404641743,86.86230751418279,50.12721253076729,27.74684766737089,79.44380807230266,5.65590628314851,101.46702367279202,banana
110.62545054563834,90.4908137404724,47.232500568384964,27.439830841700694,83.5935222949552,6.1106004685350355,104.3713487166922,banana
80.45048367793547,84.73263692854044,46.6127471668881,28.06850714020496,74.10069235299278,5.818321881405077,116.24946083454577,banana
103.38268854050874,93.65946387217416,48.42705792155795,24.870093079801354,83.85803918735711,6.177589030302493,110.98169731658187,banana
86.55621718551616,80.05105697234421,46.8207274867835,26.841791409885968,79.3947556233067,6.07342763325908,104.55038208619494,banana
80.38152723801215,89.74630557469428,53.656342291465705,28.619840856233154,85.1365335372352,5.54210244394118,95.0636289503216,banana
81.37223559575371,82.88580413209948,53.97459426209489,26.431861064089613,75.98525896639232,5.550187120719803,113.8901395334338,banana
97.89322865534986,80.86386370426796,54.66121633254051,27.81240872080681,84.98978137654484,5.708039455843084,110.71087651265947,banana
91.13716242155952,82.46360640410704,47.51290991357624,27.02848337124466,80.41890638464761,6.215741077831584,97.2315606993762,banana
110.00047873753033,91.58544036946412,53.149019314332534,25.497596490610878,86.23766789449951,5.807688291935944,97.7377959030036,banana
115.9883226304695,92.15784788932429,50.449594186428705,25.66890871154243,85.52749717329773,6.398614829553914,105.50450214756457,banana
113.9271912663882,91.44207991601405,46.74576408395111,28.393558281354597,79.61212094943863,6.3041972709049166,109.99969939563755,banana
86.11684928625435,76.34457160718513,53.457326926721606,27.22639075353968,82.07073971724837,6.175824326073767,94.70583828025472,banana
96.50989233234839,94.15067573342408,53.68086449690334,28.176187397306528,75.71794285796994,6.221186650963008,106.93062842714467,banana
105.64931511415452,81.09317950793896,47.525383051146896,27.942061286467933,75.93050649512278,6.31077479749041,95.570187914397,banana
98.04605094457777,91.55789053859922,48.50006488850155,27.974885409253165,78.52136517259012,6.433220192113112,97.23150357275816,banana
104.92261423192589,84.70208566338266,49.459253615055594,25.788264194882867,82.25812825497339,5.9683093876658,95.37861524740039,banana
89.05072248971334,74.57192627349414,54.02011894124992,28.795706352232564,82.47880634879719,5.549714621156312,90.71455966392384,banana
101.72935921286923,91.61380249465734,45.6927187829282,24.7942647706734,81.59836632440033,5.74458800284042,95.07646300754217,banana
115.02616534027777,89.3191836329824,45.35924865977022,27.795815177608418,77.3446516916475,6.421728140243116,101.00815955448111,banana
115.43056158325695,72.35493235079697,48.5316095975859,25.01375974230083,75.43562298700952,5.337041392159528,94.51512844900495,banana
83.62347815826033,94.61107890348897,44.78943914096048,26.3580285486084,78.73707644749027,5.765943029447378,92.59256402160398,banana
118.41908499447834,79.67648676532045,53.823802484042915,25.165145562321477,81.84211008224821,5.360121756590748,99.50452968788142,banana
103.39114249369942,80.23155672578444,52.08212226223253,25.056426548783026,77.75842723249666,5.914225710647258,108.80420097797833,banana
90.78738527606991,93.36027542185869,54.83005300705524,26.385596339624126,75.70632579824247,5.6029819824548515,102.14432138984584,banana
102.48035757407152,77.09324690545981,45.1575513230233,29.511422053113044,84.67749946636975,6.248941191939262,104.69970230315917,banana
87.30661488608337,80.65588029836549,46.93619940978925,26.121022663579097,79.09397839894329,6.036926749671701,108.46238686393832,banana
84.63557116515959,91.60283404697675,47.844108386116666,26.968060549260265,74.44650954948958,6.157358765868329,95.82446629293844,banana
92.22322871934473,93.78283960933088,47.54566530411351,28.06080061494506,77.30107921225736,6.104580170302929,100.60476611295448,banana
109.8623354927707,79.04535199724249,55.33178414569219,27.48620036235654,80.74251851502162,6.481334385708624,91.782834716017,banana
97.59514495154912,83.42457339882989,46.66510705841858,28.413067470717984,82.30597935446775,6.436695697794779,111.86257061038994,banana
110.53882390586958,94.2748390094832,47.8388993706978,25.45100749691031,79.4882660475499,6.373937420756154,99.93348116024407,banana
107.89792292387216,86.25972677568434,47.10427363134717,29.94041841088129,82.5196734901977,6.412396379362752,97.43265061261806,banana
85.24634219996021,81.0421650994558,45.436064265299535,24.7944835442496,87.3477595364589,5.8179681486105315,102.61693379632375,banana
107.76971714173024,75.45700981733779,51.393688706625476,25.267476766485704,79.70853414101204,6.383656052146964,105.83142517735095,banana
88.37260189295289,80.468796792225,47.03806515078027,28.316320101188914,81.2994834793044,6.125024929783412,95.544744901668,banana
101.44695686215918,83.40970349794674,46.70348297250661,27.682669947691693,74.53288364454593,5.843111566034393,103.49091055740267,banana
108.561106877412,98.12775353791427,50.456229090074956,27.561838588220855,74.74755350876366,6.177808211426552,104.48238399713262,banana
84.24410952332205,80.26694224854793,51.612432985606105,25.63920193439832,77.26936586453603,6.2572885076450415,99.38679742018428,banana
97.88899717730412,76.51362709298081,53.94198272700556,26.74181654748668,83.69846316315642,5.739913015982393,102.32881134793332,banana
83.62541637287629,75.00095765014918,46.161334449373335,28.04326290132927,76.0455095016682,5.785803901053952,98.07315319917234,banana
103.41326020859708,83.30778476929412,47.13037300771214,25.932589128756838,77.52155088860091,5.8401030340724365,112.70397215815144,banana
91.07030214859734,78.73139565021054,54.57151418529787,25.695308654330333,79.19337516316797,6.502669869332925,111.18443367185303,banana
84.19172986936566,76.38979017844154,54.878137521687336,25.972366278373084,80.21978977006296,5.738914720299677,107.78228573158142,banana
117.91899218890258,85.3896604240177,47.28914204499694,26.538941631818176,75.93241470146901,6.211744213997461,108.6940807139986,banana
104.05774445543915,75.25839384424889,47.86848417381369,27.665079291648947,75.92326608550955,6.491096470343723,95.11551385940828,banana
111.52824304047108,90.66783033106074,47.170152944701194,27.091824582059377,84.50510132830108,6.033376466964614,108.45358894573677,banana
108.44374270862346,91.54906640932178,48.188617514172094,27.9139374229222,84.1235615382771,5.542998668939342,98.3324162329831,banana
107.83466555924119,82.47282915764714,49.15119947593627,26.53472147120707,80.7096053525527,5.658715261356803,91.21027648115916,banana
103.61363841603423,87.82883286387651,46.25525468408797,27.445191875758876,81.89894452499902,5.914318824381817,107.67065025895549,banana
110.08092907234328,90.03922795279573,50.724320632542366,27.9009717056733,84.0510578295116,5.949691706658437,104.17562248987744,banana
79.66862296483185,86.18752480458247,50.29883214993231,28.455123792466658,75.57423118183063,6.250054820597813,103.1253520210352,banana
109.5982804774133,84.41684216934146,47.56506551169666,26.595552740310318,77.79015929194493,6.475775256013862,97.57174686918252,banana
88.8838776708045,81.73021493403988,45.248435458590976,25.55727566916702,79.91809416337898,5.9316717523284614,103.509750194236,banana
115.16595883022644,82.11454276161777,50.03539913070851,28.141780119526796,82.9793793725076,6.022243084326467,100.05144708848668,banana
83.03684158100006,78.76209677334647,50.23233852849035,27.121078094342163,77.09064360399718,5.8193378520292764,91.5487977512294,banana
104.17775919072491,89.65323648746646,56.249499927009346,25.431753856102574,81.21801858447765,6.258827201539872,100.98172737642079,banana
98.89402716255633,91.18372370021845,51.02670809520572,27.283767099562592,83.30955765847268,5.825406651070879,101.75108494767687,banana
88.55245490319145,80.27138639199256,49.98745968792818,26.603508886070866,75.4072559176581,6.174063103094985,100.53345878649642,banana
113.84503312517639,87.60893967464773,51.39706288414099,25.827949103467205,73.05829703329344,5.88683237292615,103.7583034305412,banana
91.43206456282103,86.10116534731321,45.42437454546407,24.89559920660827,77.33831901133145,5.845498019201281,98.60341812997137,banana
98.30134283927737,85.47533307145179,54.992513012174676,25.624797629265093,80.4640818404357,6.300927415998845,104.89059551702486,banana
90.84144206730963,76.0364696882233,54.670787026031654,24.792610916420553,75.77059178799333,5.798279762381626,102.62425814427246,banana
105.70128436207445,77.93215488280474,50.15884768870528,26.5810464680525,84.9369516611916,6.468305560676495,113.071711361066,banana
90.57944188423376,75.05575534658877,53.09373208163904,24.741074530616608,80.51632198151717,6.027512407079215,106.47190959109142,banana
108.62617298526241,97.69757861727273,47.06215528025177,26.67214066220329,82.49285975136192,6.183655927603435,94.2287238086955,banana
107.28021438651247,81.89811218716734,45.554885191352426,25.802258424353507,77.24606310383314,5.857206720784263,95.89772068728068,banana
87.38087672371043,92.29563370380404,54.903819563877946,26.671804277386066,76.28687660888455,6.104103727664701,110.58101953518576,banana
90.22980845236259,81.83364224142845,48.226515132862524,27.930551852016944,81.66190150352381,5.6811518717270815,92.93415831647452,banana
106.25207360605533,76.27692749981914,47.159179951667184,25.383581319288368,76.60766617553706,5.67380182358042,94.75896897140149,banana
107.56355096089528,83.58662677979643,56.01335108550907,26.30813293780479,79.45904116314311,6.317584667689388,91.24787679125188,banana
105.21679691295293,98.14856647436554,54.00529677126461,26.416858279333564,76.57065386241116,5.855711977169009,107.5843036529986,banana
103.1156420540588,78.23738199937863,55.760949589915604,25.964003113533764,77.97123193256019,5.896314316498059,105.25487945627722,banana
83.2168384447055,87.87414881730307,53.19617673876116,27.69902696772561,79.98458230304927,5.771147589149253,91.53354909054215,banana
95.90505531662593,87.90534268132546,46.18587032492319,28.73714508434132,81.29107583672429,5.554989138775123,92.18070511422893,banana
101.65756292033987,81.49832858953407,44.47913066410622,27.749258867658153,81.87905742862267,5.982885094560699,106.0534492162216,banana
85.0106184171421,90.41531992679215,51.55604631210006,26.706916916588995,84.56017347474653,6.055078088727358,111.49514769331256,banana
108.49722827666167,81.06519796917189,46.182753078236985,27.341954437056724,84.9424782386989,5.610849449019614,96.35216336740577,banana
93.37486147346165,81.30028945736213,49.45990765647363,28.812471065729362,78.51377383012782,5.874840498829657,99.38890282300763,banana
85.75523317248044,93.8447115747946,50.87461410189026,28.578974879980333,79.89806445396182,5.864434960088704,97.2583094786608,banana
98.93099322588418,88.84001518593482,52.80645563530879,27.790543044308553,76.29655036720774,5.621256114553661,100.09628012162572,banana
86.0833398586716,89.21230100094256,54.24499218645373,26.47046161332612,79.86499434921421,6.031130363133562,100.68679361526661,banana
115.93446223164257,85.90048129576829,52.58663398723442,25.748725975892324,83.27128525098608,5.409798526384457,102.79990306556574,banana
102.4163355184455,75.8476591449047,45.3698917975551,28.682795882084733,77.70552756352885,6.428209683549681,114.07659846128189,banana
119.85878125527296,92.87396994208774,46.43065224971545,25.581018668941006,78.76883315109258,5.706336206297484,112.23508621613428,banana
85.74404597283426,75.4309119701624,45.49264765293198,27.62215416778526,86.58713899966138,5.831376834900297,110.63602770611998,banana
100.15341085251342,94.514491016406,50.678038276360176,29.188504784087833,81.40156099006855,6.158859718686673,104.35323185523359,banana
81.64302589462675,75.36725634368285,53.44987705031836,26.483766235238456,76.24569896181296,6.2878284905095985,95.70480969141106,banana
105.30126870666254,75.68470549723797,50.46887898555362,27.500351123272335,78.2625875279127,6.368838164889052,96.64060643031657,banana
93.79458131288912,82.27407742461287,53.662469567224946,27.775699910615888,83.88233342923094,5.916827092260604,98.4324273137774,banana
102.64100015319124,84.9246604572119,47.508202357406944,27.233573231343627,80.79652319082221,6.374390584370921,96.53351676348008,banana
84.29776030372567,88.15996367944972,50.02143298793191,26.63762654146141,75.29798683379954,5.773048697638539,98.30816760257312,banana
119.11498587720419,79.84808101519454,51.73906032546449,25.861625470800348,81.22826117634699,6.461489806825731,105.34087488571399,banana
104.65829487970224,77.26487483494056,47.11123040509178,26.26665108262116,79.79712453115185,5.675999840122478,89.61535472713297,banana
105.16132608404727,83.46260740686921,48.2158435761457,28.615384351375994,83.04495398883918,5.828566897523454,115.02598636345523,banana
116.40819331140126,93.8023588591519,47.92754296882684,28.65145429724043,75.79859645175526,5.7083880851865585,99.23367570251123,banana
104.18167313762292,74.84486458479054,52.335223639935506,27.170068193875075,84.23482592369385,5.890617486452126,93.79829557140123,banana
103.90894889806657,80.67587590727095,55.15721510618224,29.41782456327902,84.50945984559385,5.90265680655988,102.55935474143087,banana
84.52556402727224,87.12918018467214,46.62714503886839,27.862020848558625,79.16433645801932,6.163836454647503,96.32060647612599,banana
97.14606426387515,79.37092982634312,52.05586916597002,28.391820326957323,77.6985865410566,5.9667711495059805,103.1366543990351,banana
97.98298433112708,93.27972454123021,52.625559384269906,25.501450199538827,78.06626181855161,5.960098355877311,103.485012282649,banana
123.0429564449704,84.07597883027005,45.98742409959486,25.74539593744634,77.9159842617007,5.576840121753514,96.39072844346694,banana
96.716034736303,91.55496276476215,45.25837302668241,28.204329826028683,74.00217493801225,5.955316140111378,108.85456105417235,banana
95.38135105233746,89.0979146968418,46.5461618302278,28.81397566420924,77.80175930568866,5.824132452755973,101.55145030227438,banana
84.79156229346106,74.37488903160728,54.160046870162795,28.971221217431427,81.78385855154114,5.912803986139549,97.64928474456418,banana
79.40966446360046,76.60444264456694,49.39567678217406,28.958590423752984,81.45088761118218,6.140698304322973,106.41297995047698,banana
117.29130658278241,88.10348241714934,51.35861749814258,25.267162880397755,75.41500552454265,5.633226517491005,89.31135546027014,banana
88.99788074225756,82.6949825061026,47.58905660510892,27.633515615386813,83.17693257389915,6.634144007924809,90.5698947654859,banana
91.83742650102212,85.68609927290241,48.01289267135788,25.971466687911114,87.02861195111886,5.427844530380711,111.11388060379038,banana
88.4933823719635,92.31106881126288,46.13892755152513,24.436688482804797,82.02442568783873,5.8249183106133176,112.4266073868493,banana
92.21038469323832,91.62282329593923,54.01623415190478,25.359291712636335,76.85071043113956,5.904815966574321,92.24055225352593,banana
84.13958813397961,92.57606648186214,53.25141565723843,27.09305165485202,82.22446739183785,6.458261212998757,104.05585370336611,banana
107.64937887455234,87.8119505353984,50.92084549486664,26.23005411359006,79.33785459070411,6.411004323763904,94.22200616703897,banana
114.3346916857452,79.31038216022748,45.936277227946235,28.068617948846423,74.43353368382898,6.6409515250774485,115.96253044651002,banana
108.65433647800802,81.37898636674969,49.588970861566786,28.560210741966,74.81131284610629,6.302104672284314,106.27277972486574,banana
117.88854174144849,85.44132000426096,46.63385910237321,26.339050836753824,86.26450714073567,5.739555856991019,110.07841434362523,banana
104.82841429540679,83.29126160082194,47.236108691749806,25.869725576263658,80.0691968858766,6.0605082865185755,109.89548683708043,banana
107.48428820292126,86.15493939561043,50.573822271814045,23.90928685252672,81.68865624339816,6.223742361834543,100.2638009949465,banana
109.91137490557345,80.00801281253267,47.356873852707494,26.448670406164258,77.64240074810027,5.931188889663437,107.68798350982073,banana
20.564920017044848,67.87004196602355,15.229473182494756,30.808443819964605,71.45850366741362,7.437003674204687,64.74161574460977,blackgram
41.83503261735331,64.85376267422724,16.82192477220916,30.467167315940834,75.92261939269473,7.477093159018139,64.18175085574124,blackgram
42.27765154190388,70.91531596552022,17.561243523529,29.480999211682374,61.848496011401885,7.028658801972015,70.93657208709753,blackgram
55.24854554959999,56.33755448202202,23.683492114356397,28.11805744250058,66.07391230574315,6.965073352761212,72.1226172348152,blackgram
35.11236394101439,75.35291187132265,22.26991335332974,30.585790395692403,77.20245844064563,7.056003759905536,62.75297525820772,blackgram
42.55834620453658,70.13379573728248,16.898169088659778,26.252444521638118,68.62925722402623,6.78030342219474,59.454748449688985,blackgram
53.10770822612386,79.75712407312992,18.810678470547607,27.734695591309094,74.06069872175625,6.708616864835425,70.3479504146083,blackgram
21.947592926233334,68.79299739601726,15.730038199909306,34.61521453772886,71.78361378313814,7.010500112148937,72.42513014152124,blackgram
41.6576796988784,58.15737870996589,20.40866918264013,28.69246425279272,70.37734301189946,6.711772625513844,61.99789207150312,blackgram
27.75678564384434,78.7172201350794,16.30168986994235,28.804292029123886,60.50573551904456,6.78039418549866,72.91725220208248,blackgram
21.896830022654225,73.73887190055524,23.751637411501925,32.57992238641448,67.0524909388827,6.875373056295027,72.95850566236246,blackgram
57.40916978723951,81.71215940547371,14.833763681049776,26.02098684629,63.08059270403781,7.044671564422265,73.30814649052547,blackgram
41.618626716085714,69.46716427242123,16.11809431650817,29.094860570699325,63.51779710919923,7.057793867276419,70.66763373948179,blackgram
41.5573893409638,64.9443411638332,19.031086659743963,30.498232870149245,60.5296300155222,6.715399566347771,70.3559417415493,blackgram
55.01630408627716,80.80796800186296,21.996876264990767,25.07861602206576,70.64756783929036,6.996002544295112,66.2746918831584,blackgram
29.870112659981444,76.41816902155057,20.84183802682061,30.399821650830393,67.45872327690843,6.841956721803482,72.68247403876104,blackgram
54.815334819073726,70.65004580582927,17.27734187028777,25.533260234789147,61.028103163266024,6.8603131814272915,64.65906037361316,blackgram
26.958140224707453,75.65874024163439,22.835857930970235,29.70440554890075,72.18838059681777,6.936889165227599,63.11614654885509,blackgram
23.826981904626372,65.98438429579629,22.70338133331711,33.376897919086076,66.87837011726289,7.515395120274872,63.314719984730274,blackgram
36.22297301044583,62.81490902778182,17.92202435862567,26.493349764581993,64.98070262918165,7.240757758790889,65.53696848942634,blackgram
26.267512290968362,59.38594322814106,18.58951950514643,32.01116988038601,66.3887862263176,6.612499995107328,62.61358503872492,blackgram
32.130742026567155,71.425604556276,15.36108817054331,29.31655452829918,66.05840351124162,7.271522539245694,61.599109584376556,blackgram
46.116525305015266,61.501377687538564,24.01845457840028,28.26127802617387,69.61657158107322,7.103319904109134,66.05750000666048,blackgram
36.79285403774843,56.92167799689927,19.855952383927143,26.867645650220734,64.61058278020946,7.176755144374964,60.81463732585655,blackgram
59.22701993483005,75.32161764622845,19.664983257246334,26.71021966356273,73.89588042571913,6.99950055607108,60.40560894938839,blackgram
41.72503227508112,61.64135160506524,15.706576009172807,24.757869960558537,65.6738111472533,7.285918224292988,69.64203299312166,blackgram
24.64149619035707,76.7125046835953,21.29331185288684,26.38777680225657,67.27161519823292,6.301010054953047,72.66688673011265,blackgram
53.98630902565168,75.90676423907277,22.633735916784335,32.29487455035162,67.88297071189182,7.319110136288581,64.69986950257021,blackgram
24.22925140313042,69.26695905674875,14.998359277845456,25.680060266988182,64.64775262723377,6.8643367740908765,66.35048399384553,blackgram
25.962931772176777,61.63045619688591,24.05399506693915,33.201017068720304,69.77107770210091,6.855320539855711,70.08923361550002,blackgram
56.02696253140431,57.65682496514571,19.972391192721926,33.29664743319129,76.76465899563182,6.506803230931306,66.93021089003905,blackgram
30.091976340519313,74.7968133341769,21.471832030533566,25.10810289333668,73.04994521233084,7.537470032663225,61.277122334715635,blackgram
40.59378430827852,56.30304939872801,21.572362912928774,27.964650383781304,71.91497029703287,6.789593722463471,63.75259946234154,blackgram
57.208273741567886,59.95807148307097,18.825948664318428,27.00474877287111,67.62258266852426,6.853222483732001,70.90326254954888,blackgram
29.433002907982093,60.42065651987839,14.576860192602172,31.103355236497382,63.04557516738805,6.427321258222873,62.937710250467056,blackgram
55.16222075134968,69.76171680411859,19.161867253510014,35.5149618428244,59.381117391290765,6.84126623365699,70.40529881549867,blackgram
32.81450216903361,59.15828704867036,19.640063901202513,25.98109116262052,74.792250770082,7.090435484044538,64.87021771195934,blackgram
49.93839739056153,58.19843397212705,17.279863932962876,33.498666392121365,61.627239887958346,7.537010434690157,67.71138157545774,blackgram
49.45908420354945,76.99235767375433,19.74005179712482,28.917860977896748,73.37491508225484,7.162815104066133,66.0298973479901,blackgram
35.76023654985315,73.00379017983397,23.671170039828365,32.024671491989594,57.51459140857311,6.663723233233424,67.85618312372776,blackgram
57.64500603594864,68.91301046947638,21.3733759326779,34.95087637332512,65.98491304238372,6.8003827540674235,59.77245171196438,blackgram
51.42001904376836,63.593790529716145,16.66176523061618,30.833061306098646,73.29193562719765,6.719720840774114,64.23804763802504,blackgram
21.02564274968779,83.00831003659846,18.64265066914193,26.909252500225453,72.37826087495894,6.470249543677808,70.33608864216886,blackgram
36.2568348871767,71.06070696395187,16.027126036849033,34.37836642384312,67.12505206045086,7.225297009336548,61.23998437818647,blackgram
41.21700620612289,58.261063593468215,22.820729046376623,27.65499905961036,72.86408522398109,7.424598012925855,72.34413704194145,blackgram
27.31222661354424,66.56332861623585,19.719770169369507,32.25833694929372,61.5945130376832,7.167229339805724,61.830955031275074,blackgram
37.478146455639056,67.77806249503689,21.335016901145714,24.738089858899983,71.42998944002046,7.164114195193483,62.7812537148055,blackgram
22.99120548344766,54.288821701648395,17.315345767525002,34.42262560032686,66.28864425805608,7.315574110723784,76.38073809641142,blackgram
55.244116386392236,56.68730915409869,20.305839859638485,33.9120978456773,68.78825169798172,6.918394476028009,60.995646555665054,blackgram
48.302949695658725,75.53589235427678,21.630360943283517,31.786496025437707,62.26370112498688,7.329235412377602,62.8651702426483,blackgram
37.778076829003965,72.30313936029376,21.823626139039202,25.832739930867824,76.81600754683735,7.473463880213105,66.32612337369535,blackgram
46.80025361902003,74.24856162083935,15.505891486308261,34.52373859138955,65.97566826467286,6.755007400398529,62.45267001409038,blackgram
58.799497627126655,75.33849535238558,17.161195820886192,30.46189801474332,63.55326789744924,6.579519883250782,73.39328592879443,blackgram
41.089708979342575,66.33687519913525,16.649512270137908,32.46019276287726,68.19156814102121,6.556255263178231,69.35611087218537,blackgram
36.1597626972005,77.86525219285151,19.6748345257607,26.78246076891986,63.312414285930245,6.9563254222453725,62.994651170229574,blackgram
58.51132832363019,76.57241062031211,15.905732495204909,34.23764443633818,63.58250839185638,6.636076014259805,67.03411932793816,blackgram
46.59562616163787,65.39597065041139,23.13234418937953,34.15368448714551,62.243511268216814,7.076910586512345,63.98787635265756,blackgram
56.589730166208476,62.049809685811816,20.275524076169923,25.276568960250685,59.184456857844836,6.901480985474804,66.3597486802372,blackgram
32.96821766920137,78.56961239217378,21.969737596588146,26.218455809792566,64.79698116931921,7.452079026014098,68.50915022665261,blackgram
31.515922055770847,78.63938899718683,22.84694195893787,33.120181571582634,59.51101637132954,6.5802623601913375,65.98691068354321,blackgram
29.807590645133725,77.59138730990597,15.225137484044698,34.01036249529311,71.43667544831045,7.065992746299086,69.60074086221745,blackgram
50.841311194732725,57.21290304016528,16.817302293293,27.161496103941353,72.06439317594159,6.524246034515416,67.66322127064191,blackgram
23.229780501260514,58.76167893987565,21.400392024061517,29.305607346461162,76.90612565181777,6.860182010227228,70.16619024759936,blackgram
21.880277866831847,67.80539521400148,20.347201414158288,26.46531667805812,74.00460971962515,7.661152028380653,74.38951618852974,blackgram
38.593002262541624,64.66455095522878,19.555406996817936,30.951386921555578,62.9030378144137,7.279405544893176,72.29777670968147,blackgram
22.764887912312705,64.98936653671562,16.186991309028393,34.7949657438167,68.46429047094819,7.210521389169993,66.648811930122,blackgram
31.547446624813524,58.54252065196276,16.053703983680936,33.13362707426277,71.22129361825125,6.600644452086732,59.20743992068755,blackgram
39.28064806512835,61.65202612950183,23.03269152028176,30.21814967616259,66.81725051758364,6.616732886332416,60.47119009889982,blackgram
37.70083005459847,63.96292405055088,15.9554117214918,28.21858177733143,68.90688755118923,7.032931563143236,64.72399441757939,blackgram
22.59345756628191,57.40106263283433,21.585385674521515,27.03148559056785,72.58590037756255,7.152317947341801,61.9244996070467,blackgram
55.63574147088666,79.60676671882713,20.49141887257854,28.206336015508953,64.77326643775345,6.705632284389061,68.79146316880433,blackgram
34.41484291428521,75.21829292189406,15.709816001253714,33.10544441259797,67.16601183454074,6.873949975218656,63.54562952560588,blackgram
34.95139194754521,70.46935972878047,19.627188527776383,34.75918284724863,68.4393095949196,7.3785316480511165,62.26396853425069,blackgram
55.438664358966534,58.90890524189633,16.352152219680445,31.29019792795142,74.7941044073904,6.781302930226321,63.870774474218514,blackgram
52.87664791623152,58.430892985983604,19.474478307495136,30.483543410300268,67.92659633446753,7.199322384046278,64.94110298802359,blackgram
39.684849193144444,76.21872704423114,22.024109509561324,32.41903818215616,66.32139205574533,6.977966569909972,67.03634531734627,blackgram
61.57428822086943,66.39094355353282,21.880416435688623,30.12007052180826,68.3897292201541,6.99491645883378,62.832628061100685,blackgram
57.78159673630257,78.69403598675696,15.35294571509002,34.30442534221471,61.320212303913216,6.9001125022307015,68.79718939559788,blackgram
47.0263044424411,67.12358795783912,15.162553784965514,26.59657406903464,69.29532620342535,6.999606288608313,66.66850597774453,blackgram
54.771967669607825,61.81744801909697,21.464681739547864,26.763912810243585,70.53343144570151,6.7925385953545305,61.16490385740603,blackgram
32.91196544934399,76.49102136835332,25.10300822400763,29.559908083587985,74.2353686158156,7.046872709010839,62.264481866829065,blackgram
45.59302915790322,60.65744287576296,24.544341417238222,30.638470073561724,60.14231691518942,6.895229414412567,68.11425288307116,blackgram
41.06061467912827,60.87792569643027,18.49711200692356,31.517414035658835,60.7427367841058,6.920416067123296,60.66516626582517,blackgram
44.956674159326674,73.9062618208062,20.345405641058097,28.77013904783067,66.08659543863986,7.1534461957529345,71.83594426344901,blackgram
42.594731454497385,70.2851209465739,22.084702304411906,34.61969081775116,62.034266285041504,6.661691333259601,72.39643945020735,blackgram
52.34327704087516,58.74876308558818,23.44397135964019,26.861819755359722,67.66096512615965,7.2372198672382,72.04775158170276,blackgram
21.39669688557225,55.0432835505713,20.227216618461178,32.55872811828023,67.87620763487085,7.454172979385178,60.54220389382872,blackgram
57.58001484410368,55.21328625128351,22.814334779906684,33.25233843096005,62.204443573839214,6.626869464475103,65.41545017625465,blackgram
56.19447590272733,57.961834677478265,21.14464895783396,25.97000828118349,67.85634077688572,6.805710064842672,69.68403108034539,blackgram
47.95552210992792,58.07144521491732,19.310461521934858,27.053482864367705,71.5252993399921,6.968998522362301,72.08622796132626,blackgram
45.44582050610581,71.79647578533395,17.407757740719827,28.06615763648804,61.57922736929117,7.222160134260225,63.73139792881899,blackgram
21.725418554497175,77.07810267275622,15.017601045944245,33.429499710651044,67.68517151673366,7.100859535112759,72.55778869749564,blackgram
48.380980431737015,54.63875276842724,24.522576648300934,26.343621680558833,62.945406977168275,6.850218918075129,58.77158554743743,blackgram
40.332290864827584,63.27491433189529,24.106768567125428,34.83323462201688,68.29110833188216,6.832221852330175,66.29342835995429,blackgram
44.32714633187533,56.29893699327311,16.688102168875645,30.024680313050098,63.338986503363714,7.531910858752145,61.467247433476295,blackgram
38.50914111227003,77.15412438533282,20.69019974781247,32.87258891893665,68.70113001503313,6.259395257607731,60.02463928995601,blackgram
35.346194816466735,62.02676041259551,15.950112010015896,26.227691404887644,60.937333400582034,6.828597618300497,62.60951096025407,blackgram
35.895397755435205,70.502133169259,15.044626180284936,25.084019428577093,64.66365347986707,7.051345729096159,71.56253964757211,blackgram
52.26668573783267,67.3123644336669,19.617588972508738,32.90140017228496,69.94638087484024,7.170030381680862,65.19874758179391,blackgram
36.50085849140984,68.14097839144056,15.201963303711839,25.690376098456568,64.85493724294653,7.09371142728167,62.434428645565475,blackgram
50.96506502014716,75.85414198476832,20.03259958157093,28.143692150022964,64.90813107193732,6.657210341259717,67.12243583405014,blackgram
25.072092502566942,69.77556634873669,22.350959092928655,34.36946438760883,65.42665158680578,7.594324831582681,61.55108803466209,blackgram
25.97196376886178,55.454272814448906,23.29417834208114,28.386397500700117,61.97986147334691,7.095430406860961,70.09277674820383,blackgram
49.238522866675595,59.71873782814146,17.612001871102066,32.205303297013614,63.848079370043784,6.773404123737939,72.70373104382193,blackgram
31.150381738811895,62.17854626335083,15.968732645786078,27.8899746161459,63.30198690264556,7.063551812020687,75.5431996011191,blackgram
29.875696959236336,73.93110075912989,15.617703445810728,34.94670402399535,66.01670903444628,7.273332725243621,63.184217156431096,blackgram
40.02559622586135,73.69173667241188,22.766089822772347,29.758770471547574,61.82357811722389,7.005126267060418,72.65065941906985,blackgram
23.845680990229045,60.640421335805314,23.497554721889813,28.38290838285701,74.34939430188734,7.4844853807307805,64.12103897443822,blackgram
52.04098062844952,64.49576137656597,18.142893274905244,26.270717162875844,64.88040135151799,7.319956289507577,71.66319042168489,blackgram
46.88881006002901,74.58680782020927,17.350211845563425,30.934249583492253,68.51951019712514,7.023468061388399,69.00601090508731,blackgram
58.05822108282852,73.87381155515322,15.440868683689247,32.93745374307955,74.7739921848145,6.990109180397802,67.04500131052522,blackgram
40.142257762585686,71.21841083821191,22.40231153347508,29.45456766402073,65.62343539321041,7.491205754990046,68.15188606257504,blackgram
32.06566785399808,69.72419623580609,16.29576480512702,31.60173294186912,66.154186392713,6.366015652114295,61.71548365942513,blackgram
57.802431229409535,69.14755178884008,17.796881177390897,25.606842781719315,69.39329630196458,7.330992460801559,65.7897181718224,blackgram
24.021596313941743,76.97803918004372,21.88289494629569,26.620280771653505,69.98664731411829,6.8643174628995505,65.20384193630463,blackgram
28.80855763632623,76.58334348876784,22.612055033095043,29.406374085051695,63.88193981976237,6.816479762923371,64.75448682880878,blackgram
55.6136336080734,62.69252518497029,18.59127963018974,26.997417278397503,67.65341799002285,6.662414253658963,69.36799847235234,blackgram
22.17594387060153,62.79739763870644,15.787318581929554,25.76158682207894,72.29113082311326,6.651000192732958,67.12220423102049,blackgram
55.111908655788575,58.62309737664723,15.518206565770505,34.06040713042306,67.08483359093029,7.019150235193351,64.27795203271421,blackgram
42.081239256197684,72.47201548945002,22.762840064648433,32.05923260443709,60.78225760017925,7.273417920163735,68.23770282889747,blackgram
56.05768586811405,75.84961770734759,24.238464963648056,34.93022710364006,60.84369148774448,7.023589845692958,67.92075034334948,blackgram
46.32994581048789,60.12528277035453,16.18875876180038,25.517530434271137,68.73089038671266,6.968896363256243,72.28116803618894,blackgram
43.12098656987607,76.49053976314093,19.63686285774536,24.84675781891705,61.5720496278306,7.161597182140893,74.20991315638402,blackgram
53.21361299748498,73.93498750309881,17.230363764786535,32.26648219398466,59.84094562228696,6.311290993840572,62.79334784717445,blackgram
20.700405401959287,70.10653346737577,18.585943441047643,28.35285953928425,71.95983418095626,7.232738318902782,72.66275011384559,blackgram
56.26037003602547,76.30960069342474,20.224037782317005,32.42949977574976,70.27178105300324,7.518532785887795,66.21990644649495,blackgram
52.82595169399361,68.15869715658613,17.14822995232569,29.952492935225287,72.46217027094798,7.285029546031846,70.50610894670181,blackgram
40.43889451767537,58.08693583538558,16.619705939421042,34.07512396666219,61.6666718076318,6.614886881566226,67.1601878034185,blackgram
26.464052365869314,64.01069950660327,19.16681205424368,30.699702374225353,69.3875029759247,6.751047527287923,62.001358076198834,blackgram
40.1776507996498,80.47063063855872,18.68531749863713,30.191447061313788,64.04834917768468,7.215089397209338,61.34237352237647,blackgram
42.54136247098139,65.54414690958453,19.118658201736515,27.015799229939066,61.875142714642564,6.796877532352443,67.9608886433126,blackgram
29.46132858965095,59.77844046040253,14.996269311394762,26.504593220553843,62.94268276049687,6.564325480531812,74.72584488185129,blackgram
46.1968771566785,67.71418268281553,17.933855481710037,27.655661503302262,70.2944077940863,6.821448814899565,63.51206841196727,blackgram
25.620512347998744,72.25509912978926,18.582577135256372,35.165656004960915,61.432544352844765,7.354731994495993,72.16350353379804,blackgram
37.85251307216539,59.177133401680756,23.80741272065034,32.247179279101296,60.94919161108115,7.175052431447322,67.6079077126617,blackgram
27.293054806275595,75.28185272919055,16.397243621585833,29.380207739490764,72.70763697378743,6.4511007962574585,73.63176667616676,blackgram
30.681100245156497,78.37347849750196,16.96751911899586,32.938624312996645,58.66434420949364,7.261314510212014,73.62023507126598,blackgram
54.70890045921705,68.24727304913749,19.13210091539612,27.13752733856422,68.2933726377338,7.239293641845723,60.68119288667489,blackgram
42.514899566223704,63.84450837033491,16.01431361964785,35.00104279711392,68.95576140223098,7.387491313230273,66.88680363673507,blackgram
23.08394597930207,78.09399691021926,15.693825001035053,31.869286645729836,66.87271634476949,7.017725984945661,70.6592464230594,blackgram
38.21919824462336,67.4589909444902,24.509527602341134,33.71159986140521,66.99532912503985,6.707305832456156,65.2552433270716,blackgram
22.001047778849433,62.17679126008115,22.90742982343813,35.247636603415465,63.52312782185002,7.077713773996269,66.79271290125723,blackgram
50.32560460933875,69.1553233246545,20.228720939594407,27.800488682913215,70.08315291586084,7.037575503402977,67.24215488853652,blackgram
53.66620751362957,67.02669763724765,24.11439481442506,34.972063107786596,61.26421640923022,6.825222017394213,73.63016804429877,blackgram
31.675387732550387,72.9670833768944,22.720350595978893,26.720922613486092,61.9359854774748,6.960692337600195,62.22731074541752,blackgram
30.26611849779368,67.89090402090845,18.98282572794572,29.660915965595343,59.607384154743066,7.097705738665439,60.54268753178577,blackgram
43.95860039682275,59.954639833630296,17.142407131667404,34.14360504313793,65.76935773634992,6.812457993892533,60.525377442269175,blackgram
27.923449825548794,56.937989533875765,17.8254395266856,26.927592584507483,68.14734180150278,6.95239958714037,61.836773665023046,blackgram
29.174443984075605,59.82243160683635,18.974436049707627,33.137342728491895,64.90462358821041,6.528619524026544,67.08776727268638,blackgram
30.052115536985518,60.80468895977004,20.40440955015884,31.904686041319888,70.04270577985646,6.821754659485663,71.21754544181412,blackgram
54.59578674000286,69.49059851559221,17.913775850385896,31.759336131674456,62.24681559151401,6.812068536563061,71.72856125626967,blackgram
38.81201477269781,62.73778244819408,25.71708887731927,28.54475248047848,61.08130338414049,6.723050906923284,73.72161279085583,blackgram
25.768145658015836,58.219684773548906,15.88571324527057,25.67699451187452,68.59345068285758,6.695578305123251,64.12345092122322,blackgram
58.23066218593736,58.09358515642832,22.630698894464032,31.53050909767303,63.566010890149265,6.803836659178101,64.00772633589312,blackgram
25.51262218502855,76.79989281864898,18.34710631803437,31.780362440886606,67.81678825419104,7.210771032873772,66.04304522720561,blackgram
40.0495982644159,59.18610753503847,19.956200718523203,33.58035820726543,63.2865046763992,6.920802369870307,72.9316920702258,blackgram
53.142600478651055,63.34861479311201,21.981426238697132,31.238426736919504,67.39082649801863,6.637103733124165,67.52188058742748,blackgram
35.516145076356544,74.64098869718944,20.208735295284132,34.779239534955366,60.21332873015076,7.030391063370098,69.50254879281356,blackgram
37.3427030184905,55.692869329269165,24.25840342199173,29.29095785006541,60.56984163385873,7.530849179199341,67.6305148153239,blackgram
44.85992272540947,55.01256763461605,21.657380278085036,28.44806401361447,67.7231740518807,6.948567581199036,67.98257567568129,blackgram
21.245837871274787,62.36270994245221,22.97524373532582,31.894778904214096,70.28475316303516,7.077232949054362,63.69300254177126,blackgram
57.89472724318691,65.85412632544457,24.822437424829623,32.996393050081004,71.37747533648796,7.2307769048740695,70.41791134543634,blackgram
55.97481216463868,63.4898390488828,15.872088856497932,29.571927680115486,67.26149323100762,7.375805367630414,68.81862897671638,blackgram
27.435696072054057,59.95158239397796,25.40760457148619,28.02774206197684,62.22886799505359,6.366341307767287,68.918178268289,blackgram
52.76526679325953,79.10194242070565,17.345953401411204,34.15711162326715,73.32711673341058,7.227423472818344,64.10458802447644,blackgram
55.271356131295704,63.50781377308268,20.43636424871909,29.08562015837661,60.3156317218442,7.090151861049828,68.6094959023996,blackgram
31.728572165924096,56.11151611130337,19.794137215151558,31.39620512803168,64.5935685132022,7.224538990093775,68.35515976647943,blackgram
59.41346116037609,75.6579785438395,20.089412602500555,27.551025595196865,64.14699097859223,6.775144467460881,69.40083609634463,blackgram
44.568595075451995,63.23010411241721,17.558411415805043,31.32353581673947,67.41267082956333,7.233509708387993,64.52527371890116,blackgram
33.915431756649745,70.57434251939205,16.00538434322258,36.19608614260625,65.89853717737206,6.733112843391248,71.62425891990202,blackgram
26.110890728376265,63.022178937224176,25.422500995366782,27.606960169964232,66.09033010421393,6.537555506271542,66.913711381772,blackgram
55.965995464378445,75.67065772290566,17.75127307765765,25.448794649677787,63.516188245836865,7.427586546364012,70.3429813409378,blackgram
21.571267243754882,59.11318666474024,24.241675466191158,33.12233582232941,65.54162906783165,6.862564819397464,62.882516296511994,blackgram
49.83357210819238,62.29495931504681,16.344314842683314,30.090814927452247,74.52868348093223,6.871862937974845,69.23572665081511,blackgram
31.116115571116172,57.630197770337325,23.996038080279487,28.525486322839516,67.86713721090223,7.384855141151473,65.12621365079339,blackgram
41.192172354904116,68.38853331116185,19.999087489948007,28.6813409094334,67.53478278575834,7.1667549088165305,74.63377447774496,blackgram
37.27372901972494,68.99970911559555,22.97316304942342,34.949228447040014,63.397151343624415,6.95326880021789,65.94390316113115,blackgram
28.88476362227585,80.7905225532297,19.199610126392265,32.20717581932909,70.29137948195962,6.853480561176769,64.62564232389926,blackgram
27.439665712438675,58.90551431404739,24.522973875222686,30.977832086244884,70.33738753580211,6.941582728645406,72.8373500987387,blackgram
30.938027954198496,62.636255376933434,23.257753438532557,25.259270205604956,61.159876218545506,6.514155708007287,61.14453141007523,blackgram
24.772314686982906,72.48050905942628,22.128764685044413,31.94038359619222,71.04579523573314,6.528081013603457,75.24981219259382,blackgram
37.7931133200411,70.52342333086088,20.30066931451959,34.2274407549802,60.33833429761862,7.123497838107222,70.41457892556126,blackgram
53.68848327531837,59.01089548100371,15.848011410186515,31.42938741631341,67.74500170472889,6.998353895067543,75.97081586061667,blackgram
34.4579009849654,56.66491622338678,16.340543124086594,30.479604314543785,70.3275682572689,6.430905134534952,69.52836016857687,blackgram
27.333289840929314,61.72725699513577,15.576189862865398,30.961457402382674,63.5571618573768,6.658075383154411,74.39506032273457,blackgram
45.39770313030087,75.60510745793889,14.846134793807074,27.33916358970014,66.17840291722835,6.522637593690047,65.93765946704741,blackgram
32.05534517071596,70.54506712940776,15.126269418960224,26.425027959429368,66.35693623766058,7.215558673275721,73.34859693903182,blackgram
44.539286862764854,78.66003308024472,23.187529524519576,33.769354849113405,73.76513810836403,7.354160563431434,61.983935772974625,blackgram
30.61584139892493,70.27025801957258,17.130141931868717,27.789182728029502,62.85168323567224,6.9430667455004205,71.00681147257697,blackgram
37.81396353682162,60.79482647186537,24.79629710366626,33.67561006900436,62.52786200325203,6.661863449808551,71.41574155197449,blackgram
45.646378174321974,80.83147078231366,18.412309509204388,29.407078808227677,70.85552228335811,7.105809296183022,72.96172741083369,blackgram
47.277680212157534,69.89070823737862,23.368857159428917,29.41514528840449,64.62801226262044,6.699344151255848,68.35330619000283,blackgram
22.298182452368053,74.20502021455485,15.954121395353384,26.23532614177092,70.0411309033157,6.673759539182144,74.07077529823815,blackgram
60.02774000147669,60.36361652611225,22.265137587107862,28.127474665132336,61.35914291592903,6.275681858918273,67.63078668483699,blackgram
27.305544765701754,66.19923433522217,17.294424596781916,29.7478855732203,63.18293517900854,6.910888335245005,62.611521626845565,blackgram
39.3022517123863,79.32146510603215,20.292508245109335,31.5928301024687,65.68876226100625,7.38084228221206,72.33901763399918,blackgram
47.25658229458439,62.93545585925203,17.884315409124838,27.751073389108978,70.22210250947029,6.4168041092094485,58.853066946925026,blackgram
33.52176429099581,67.46916220781598,21.132341422421238,25.809294098877665,64.4355094063636,7.345401452359192,66.05323108165564,blackgram
53.26777517249681,79.41574849733229,24.083094404985246,34.51712530442148,68.80194217027842,6.6526905505745875,67.00568623874527,blackgram
20.745790267464177,65.91089570686924,16.83271649578059,31.94491319325707,67.0977810979345,6.901953467373675,63.43742298869598,blackgram
23.975864751102037,75.43807170646018,77.67320030801064,17.159754367491953,17.807181179736997,8.076852267532328,65.09270395891883,chickpea
43.567772942485725,84.86323718537855,81.05818513320028,16.78513939268335,16.59416631180146,8.546450985424414,68.67048688851803,chickpea
21.3374781453414,72.04145440243344,79.00475393190274,18.867618187496248,17.385614246120827,7.710759235304275,76.80039136386206,chickpea
23.032266466977347,77.71065000822414,80.31541738572054,18.195203627370603,16.63002889483898,7.688126986485585,89.65935192254413,chickpea
48.21770331114027,78.03989084198855,72.88893651592794,17.482968981062786,16.388197595304714,8.051317701059462,69.86032910448132,chickpea
35.4526252577966,64.38348241989972,79.805963868033,18.98030852483276,17.171687605719303,7.460421842294318,75.6886023444444,chickpea
48.09969516935673,62.67336568968184,83.61423800571184,16.951817086316414,19.843997404843133,8.178101190351141,84.48270781169802,chickpea
34.16417055867337,73.30609164809566,82.49760272741555,16.8817114992413,16.71153268718941,7.183021927630701,85.77677631485486,chickpea
41.26279592570434,71.20070586400257,77.21007833063345,17.211101862628343,16.715040961470816,7.901621912313259,88.66435962110168,chickpea
41.19934009551147,85.13696244377425,75.64222728248178,19.944468041455842,19.355159737492517,8.13077549071923,72.04306994227825,chickpea
35.58944467835707,57.32461883437746,79.32706225423652,19.821125032147204,19.043265752950084,7.045338912349683,78.81851881139212,chickpea
51.80833279148816,85.29308791486366,78.053609820254,19.083166548071357,19.28739200912397,7.5375332284775585,82.64177878701301,chickpea
47.33119878252571,79.37174547180625,77.79947517302683,17.911910269776527,14.980433540462485,7.438988394539883,73.30599254569277,chickpea
30.870694177842726,59.49039891899542,83.07717961580889,19.986421102417,17.243748576147908,8.137263011772653,86.03836086688894,chickpea
37.90851246509983,79.88100296905493,84.1353097594231,19.671614966130576,18.35978599318567,7.104320874835406,74.32323159085682,chickpea
49.74617294129769,61.34445706691712,78.21270676653475,18.43779673670403,20.224828632546636,7.1919077104658165,84.20447410660937,chickpea
26.189293594570287,69.43270067217313,85.55192025670034,18.533713519995043,17.711986777076607,8.613707978868087,76.62016301119681,chickpea
28.53158484654665,73.86188000195796,75.982004466468,18.087070871479117,17.803384308300366,7.122077743816348,72.7313593140646,chickpea
50.36574582290557,61.10635893533416,75.49610254800926,19.98071942285852,18.083126339782563,8.451854100635824,83.4015506656082,chickpea
33.68988110422152,77.94217833771806,79.66759019498657,19.987629936781914,16.365154107357593,7.878978290254734,88.38647401153688,chickpea
26.684236179075302,85.36916758313049,75.218196184482,17.17857253636565,19.880403276594212,7.323778356304303,88.99074274605842,chickpea
38.74135510818194,74.5480853848493,83.38436379517,16.904288528772412,17.708907163916134,8.306796437781875,81.33788700246436,chickpea
56.7012999052798,77.85753114202731,79.10714071663114,17.06182195943928,17.294088252194634,7.103081390188033,94.94663853299096,chickpea
41.49834632075692,67.84547682560242,80.90175853058643,18.248036038773197,19.32790829330333,7.018800873174243,85.60093033023024,chickpea
51.40822913672755,76.00466016326,83.64416648581663,17.440841748329795,18.992545159812572,7.964928921955481,88.12930955265549,chickpea
60.063070601126576,60.544935938825525,79.38022734696165,16.812936051911997,17.193612242941168,7.320234207888111,90.50204459245927,chickpea
37.928137924241284,76.77193807377519,82.3859016647203,19.523816535383176,19.727323136428907,6.831907009973703,66.1360570574117,chickpea
44.245227102588764,65.07453191131567,78.63714212614697,18.20421901959469,17.38462754459521,8.577602381051642,86.11903149903706,chickpea
39.60107916512244,70.97242833478114,82.05051492632107,16.963419717234228,18.217267615775096,7.391275118252667,64.83838231322248,chickpea
57.39238444755385,77.97228145754364,79.69726749870244,18.786112497205533,16.42723431776228,6.861165978065906,88.60550705477682,chickpea
35.82284179739244,65.87991129215817,77.44627126087943,19.545552575494916,17.48915802898759,8.325652242862748,66.01621514577312,chickpea
19.7028786998274,54.44782790830814,78.12526232911517,17.859404279602888,16.682860835783675,7.082971800754256,67.5536255738173,chickpea
57.45325118710826,64.17526385780074,78.47525176858768,17.605826256678437,19.966591141915803,7.19822407670285,72.73737869192958,chickpea
37.13428671550489,66.45259675105152,83.48815727047575,19.264351975526125,16.271348809190297,7.552854238578386,67.19791159285968,chickpea
39.452176126797134,80.75193960886199,83.24243618791265,20.194396832558624,18.199749427466436,7.503920036829353,98.21705602305626,chickpea
40.45625099227691,55.33606803876067,80.37628253913165,20.274007437180444,16.9538962493641,8.070075512535052,73.43697396937307,chickpea
44.665938956478804,75.07674499039486,76.28381876402345,17.373363642808357,19.06093356847619,7.947391097665215,93.45488184239144,chickpea
21.11581543347282,76.4686530591702,79.35838130062221,17.48983856404621,16.04260827019999,7.32681373495686,83.33728516435386,chickpea
44.794335933670204,78.36425320690972,84.11259472162676,17.949156293574426,18.409611368754575,7.681587656753065,68.35980209609706,chickpea
49.81280867161487,78.33942481380508,80.1032219647715,20.27759400592617,17.412981316830546,8.210889784931817,71.13781872565042,chickpea
55.8097973596161,78.4041372775496,80.49388637937265,18.622957898455773,17.807921906088225,7.160079135875459,92.54151593246013,chickpea
29.017297389518426,60.13454221564596,78.65215689813638,19.427824134280378,16.65614803574815,7.926660826473755,90.74206371490348,chickpea
53.684217607394665,81.8432156860377,76.97696648233764,17.667477399335905,17.89109241911918,7.546074455537066,65.72294918760794,chickpea
26.034083488543548,64.26438958526447,77.76386446339063,17.70308127595942,15.708111621876236,8.200057299943982,70.22676694460894,chickpea
46.52630946159554,64.96636669906289,79.45789629292213,17.561728724514932,18.428128599107065,7.809759484161273,95.57265627076742,chickpea
38.6344872622935,76.68288985673306,81.1862053941126,19.29481925183938,16.574336744342848,8.31975802093968,72.47408422506575,chickpea
59.403912672180056,55.40291328269884,83.76244553987928,18.01310326859311,15.27809773246002,7.517606449376298,95.19573521245992,chickpea
59.10616292026926,77.84787579928826,72.43184433466567,18.869857002539327,17.267978114302608,7.630467155483372,79.19164603178173,chickpea
34.29977999775112,66.63976873530811,79.47447812658146,18.199972873127546,19.656202215209994,8.052398088543788,68.02095485042652,chickpea
61.52542101426521,82.65103921757556,77.10300015895432,17.119348698981224,19.336275004819584,8.321167327276477,90.66740025315116,chickpea
59.91659599585126,62.19528348181884,84.92331842043293,16.750724467089995,18.36304726090576,7.567030826909337,79.25509597569278,chickpea
53.16233650803099,75.59152912562526,78.34348459826901,17.677535447726353,18.32737149511968,7.276024293358183,86.75548306740977,chickpea
27.05930584992029,75.4975731505251,82.93237550813791,18.85845205543782,17.351110873004654,8.605170844429153,79.32646080494732,chickpea
45.125450919465884,80.6375142004549,85.75838504965067,21.49727558827649,19.929640932076392,7.109244490463566,76.02118763809116,chickpea
40.67655795923383,69.84582314211977,83.25403739823412,19.2992652995486,15.792275777147585,7.729256205795834,93.17204120522682,chickpea
42.31403308625768,55.925174083119096,81.13330322346408,18.86974896696846,18.07562298444539,7.848910016216371,77.26690425324418,chickpea
44.88779975531689,60.681722573962645,82.68166136159148,19.82366381616737,15.758901407267434,7.470258355983961,97.17676598341663,chickpea
32.35991769340127,77.74972368442917,87.05049101795183,18.204220301044288,19.47547778698951,7.156278094232369,86.80013289812322,chickpea
37.66284386854601,67.34056423290963,81.49059116506486,20.843892435779885,18.634695360546925,8.413751020874903,72.78031875320279,chickpea
40.92645673351271,67.5136241593771,78.6069766594314,20.94416165226612,20.11556305412681,7.405047391458619,76.41500437532086,chickpea
50.89349996418469,58.08396112307164,83.84062944397195,19.022194400383547,16.529718024917265,7.158102919416151,77.81505285183552,chickpea
20.03632599097934,60.99132003699327,78.11199531229016,19.325484995609745,16.267964878421793,7.918672449070563,77.83533093257918,chickpea
50.834224943301145,63.057938341324466,78.75653440719604,19.342351097042844,16.736737277773326,7.9463642081775525,85.72973701231024,chickpea
37.57041959209655,68.50346815246975,83.96158029931236,18.779626020097776,15.942089420419553,8.231245205294423,65.57401285743474,chickpea
42.97473294159369,69.21842253088786,75.42032607183407,19.737114858875998,18.6055139014398,7.957154265366939,94.8215207401158,chickpea
41.71476650358275,77.2514953272376,79.70896153489042,17.438978071874427,19.24325828687949,7.432519583495238,96.29168915504842,chickpea
56.754317335027814,74.47508473681889,81.27617929107637,20.48773159446413,16.94591704229129,7.912990297142625,91.2076870159169,chickpea
55.57940945048143,79.75840553566859,77.57246326013646,20.98915009373603,18.475756935992504,7.605068237415412,71.32735428614646,chickpea
27.95544190355258,61.93595782326566,81.78930014790853,21.094813344268807,16.818149531656875,7.37194253472731,82.49409567343459,chickpea
39.156864964607124,84.21425429356657,84.12937532355801,17.57380545267333,15.96114588796624,7.55042250814005,75.55485010821376,chickpea
28.29493833862991,71.52113718993841,81.85789256156906,20.299405835055218,16.258718695687538,7.308673324675483,75.82830447738286,chickpea
58.92458762221542,61.72109106811292,77.50635631800336,20.82301912221126,19.17327458244428,8.71848581148078,81.34349225438248,chickpea
38.462980363660286,70.48089244320404,78.68577297862804,16.97978011367198,19.58412977584346,7.716367876525556,80.68163981752738,chickpea
31.68750720308777,68.21597645095066,84.41023863798226,17.76027615142821,18.934750806718426,7.61503248457434,74.15792835748009,chickpea
56.87155008506773,60.220420429629655,81.76731805669519,20.153191302271022,20.541527792690584,7.909520453433692,90.36632033847933,chickpea
24.883474756886972,70.38131800675922,76.8989817121639,20.303434590931946,19.085798804555797,8.629182875553433,66.1576098253133,chickpea
48.166845674890276,67.6396546942012,76.22274336473409,19.309771610510825,16.091590816469218,7.842494531761093,73.58342278931013,chickpea
27.764647231207455,59.576168247692095,82.717841808159,18.601301192662053,17.165985605256942,7.981910151935288,83.6359776071734,chickpea
27.016527540616273,73.30540248356945,77.87879698566358,19.74868799264345,17.09489229735572,8.353041198919248,66.08663808365596,chickpea
41.96782518594595,70.62402977931862,80.60880655482316,18.509843385546702,16.201433449344037,7.321348730415462,65.93615871340691,chickpea
57.981668638575684,75.25261756013435,83.9241236910124,17.159373291707603,16.049369177825575,6.98830749209269,84.75743225085144,chickpea
32.7697614943753,76.535150102742,73.77746710572985,18.58157822969072,19.716964929710514,7.280019468229581,94.59461811239203,chickpea
24.602235198868453,75.53376303012824,82.69669340190245,19.025862894287016,19.27037584395718,8.051428989030148,68.84323539219612,chickpea
24.934060719145894,65.43722785690731,80.8864752611601,18.99103118170196,20.29334026638111,7.799340651883645,92.9993077682697,chickpea
25.879058630002884,78.3448041788899,79.79495824917109,20.92341770590958,20.38473637550236,7.148511307422485,80.42904447871295,chickpea
43.9870009885103,79.71957765769079,79.0710717804828,17.493230754990808,17.315742852427096,6.897863654966614,95.27078656565423,chickpea
56.18864469148268,63.19215642009718,80.03997273237651,20.135821541744107,15.402773790353889,8.421570800729041,77.52741037826758,chickpea
22.930565193977262,80.04478159716265,74.76175333088797,21.38967865009569,16.944776090275926,8.015434172877132,71.17009413045781,chickpea
43.34520500232398,68.12977634665882,83.66687055868954,18.617443588358434,19.576264826962355,7.199936505055151,62.97305295575211,chickpea
21.398986133172876,76.97820608110355,78.63020766775631,20.601028498892532,16.867352816186976,7.656737069775886,90.66224448378487,chickpea
54.899951883201894,59.38954990102913,74.65561856465888,17.136870629095558,17.850718422331564,8.105529516966294,73.91057153742489,chickpea
49.108521951197346,72.06610042417728,81.64981552187864,17.862628169094386,17.816206560902245,7.815054004485501,75.4088629909298,chickpea
30.92684634466665,76.0116590135236,83.99982065985465,18.881252362739154,19.14819447573998,7.946169093986946,80.54269278963005,chickpea
45.7214939728968,81.15822359897632,77.2414743936284,20.02116605513482,16.831673363908447,8.106933759808337,87.3887227000998,chickpea
22.194316344527753,83.60445517110084,82.31090216508554,20.359412530418602,18.462449333239903,7.619306526159058,80.12335627087651,chickpea
58.90628777597834,75.9255180002513,73.63944971662204,21.28428092303993,17.217568347872806,7.468512037941767,83.04054825182301,chickpea
55.3628417416616,75.58916067765254,81.34415138244482,19.434087021149242,20.048978677946796,7.7968884001616345,77.51416663322757,chickpea
23.945852054734576,85.94280711248307,84.63869404216248,17.275186197562164,15.38333535897792,7.0098546956826375,74.84599439051246,chickpea
31.32423150673166,68.7479544075861,81.41061672559292,18.38326296102561,15.910878311202802,8.193114529243205,91.58632417853242,chickpea
47.79519608434971,85.05697151920381,83.84231258909288,17.372522516185924,16.536418323924114,7.604701722369635,76.32508146720428,chickpea
51.198868316898995,56.06042674691387,85.59338244466836,19.200039599282462,16.988402484928365,7.92062973509609,83.35421601748573,chickpea
44.266403006827076,54.72859668569692,83.79664216624589,20.823660483366492,16.599822734561993,7.487187195210736,90.94635425700794,chickpea
32.161156813727274,85.32062736378008,83.35837538064129,20.784191380752667,18.235172318868546,8.63496654618951,73.18977697165926,chickpea
32.19744580907578,84.11877280539345,77.77180537016076,19.80816346888222,17.620940139607338,7.25037017732347,74.69813797000937,chickpea
53.77500090445506,76.73955677806555,87.41460761143836,20.115199296420805,19.21773040551028,7.980407695856855,85.0697711421172,chickpea
26.983959904793462,62.067195962980485,81.18523512813283,17.321692040464516,15.885219346518738,8.487280307448943,75.69869850684077,chickpea
57.1526418391376,84.55079008912364,82.06967162861615,17.354277354264667,14.888512657166482,7.856368994188344,68.25050124690016,chickpea
35.98764307318409,77.28162539902881,81.3627322748808,18.829855092600784,17.55337486008813,8.098717741043522,91.70205918200821,chickpea
27.427457285750577,70.42990976231249,78.21422029824606,20.379128172859716,17.26240760959709,7.6479665366882745,70.06840970071201,chickpea
52.5891806466892,71.51541472631398,81.7457223868573,20.46369068873614,19.71583903327109,7.352524338366566,91.56003405534213,chickpea
43.8841571763925,67.52314266278778,82.48448480600528,20.22825718397375,17.97872400476436,7.163812848182086,95.22899655773799,chickpea
50.855524142994874,62.682319914992426,78.12472015475116,21.598792867584308,14.888448009417786,8.0341892325482,72.1645325281002,chickpea
41.872093726003214,74.73651660232484,75.75788336350249,16.573373610587208,17.441599010606403,7.089709832157841,79.59430134967516,chickpea
58.98497533037899,85.70406981605612,85.84598891291404,19.351987304668025,17.39482603996447,7.385390245103361,93.13763318051377,chickpea
51.53757934811238,56.54027375521913,83.81224155183065,17.471978955011853,18.7972905672189,7.842923347609447,69.38271089028213,chickpea
53.630284505052416,66.77297170964466,81.904394777578,20.63420508304326,15.817762397869043,7.343523120207526,93.59381942906688,chickpea
51.51518887706636,67.0004030560916,83.91980305915702,18.439300095749537,16.75073688973556,8.039503777100572,75.20211522137926,chickpea
27.869521651837204,67.73675452743693,82.7227478429296,19.87363998344014,19.029065727476624,7.321789623100214,80.71602700374514,chickpea
51.728113998280485,75.22870984718354,76.22954416903745,19.325499791125104,15.798778233815494,8.091657908307171,89.70758220967676,chickpea
36.483650215152984,57.39860062435012,78.43155684006435,18.27710276479691,16.81813098447535,8.396251625331054,77.33083875641213,chickpea
53.4362519622028,66.01168042533259,78.0240086982066,19.6361032323975,14.469130491411077,8.259642642628654,69.80637559158804,chickpea
42.61021406206023,62.23820868858866,77.64601126751168,18.909997775542404,19.029776281370996,8.052913415009641,76.3695213437486,chickpea
55.044074830549526,82.16400874816367,80.08693955131066,17.1246841623457,18.28542799539853,7.32558995584224,83.58023688923828,chickpea
54.35954440476465,71.54444538280413,76.23459542790987,19.189270533532092,18.45811684258564,7.227766665621762,77.54804399733513,chickpea
36.877860375669684,79.77795505476581,81.3548813961654,18.408479880212994,15.127183065405275,7.450913400906916,72.67007658696834,chickpea
43.831818687656394,81.86875711865176,79.52205643350848,20.571874435176774,18.29106018619795,7.843035573254589,69.979522008709,chickpea
61.88957994794126,57.71112747384984,85.41400589438935,17.687103749367164,17.02809797162426,8.239456627436581,87.01808477165058,chickpea
36.170142207327096,71.07818112662102,86.13008172629465,19.66133113218193,20.56188145228355,7.305929234221658,87.19917310167264,chickpea
24.42071442469293,80.4403433141147,77.83623640613312,18.352098264972874,19.021680150942043,7.630390175285749,90.92833625818383,chickpea
25.692266726454886,74.88035883512632,85.14018694892046,20.270638578968637,19.509067077457832,7.085881067172575,72.3740008833682,chickpea
51.45229019040493,77.53165543831304,79.21430510638298,20.42701751190873,16.295983249777457,7.674780868269389,90.30710821278797,chickpea
52.78457574702951,65.31885715883352,76.56962280936197,16.54786971994969,17.061201415721296,8.340432479782596,74.49388156211353,chickpea
34.698485244285315,65.4923017563616,83.7081233167642,21.604813463010206,18.64175897888379,8.321219305871246,74.20449601602742,chickpea
50.34298282181934,64.414888700568,73.20036675336243,18.500768086444467,17.316564590517117,6.820914031692724,87.79035922462374,chickpea
54.88741493022249,86.48975053207799,80.62741013211354,19.95945599595699,18.643486108674793,7.377527392778727,83.32299524554779,chickpea
30.041996296348458,60.009819093232906,77.16279415157908,19.457616938566048,15.926557539804698,8.511746756018706,76.27835309884868,chickpea
49.88949354568254,82.82174063607768,76.1511133408594,18.18789905724103,17.487332528554706,8.415099523657531,93.99008005678658,chickpea
24.84379275006646,74.42164322206004,77.35502243403968,18.811486834155136,16.92817117987177,6.839973000522937,88.4272790109844,chickpea
26.230727157658745,75.34561852394135,77.59275048172667,17.925666238096433,19.050799901859392,7.446244733804971,72.70139628103054,chickpea
36.633522719325896,63.629490469008694,84.32832147060462,20.719493932310588,15.856975108679755,6.890187943976663,67.21415855917867,chickpea
36.088672605669274,68.88196237395933,82.39811203770093,19.721851464518544,19.023272281792888,7.878954025785721,85.3431696910275,chickpea
28.60499651658753,85.50805496640349,75.29920873027415,17.858184543069,18.060162200248914,8.424526069382372,85.97819196024638,chickpea
54.66670299816483,70.43262301068027,78.77297106053686,19.741750424394503,18.66939256518601,6.998701713262445,92.51686478845747,chickpea
34.27937226180847,65.60953654616964,84.24187497165842,21.019849033765254,15.070971321849647,7.855098596951707,67.03408939854555,chickpea
49.28802943414589,62.653446536096894,84.12437204722949,19.40176488447021,17.392280914992114,8.296061215541725,89.6547386785843,chickpea
24.399932009587115,73.14148962428396,84.02532909734677,17.585002412772408,15.757997654485576,7.064025168324607,83.6044495260841,chickpea
42.57763930865964,58.40105320095105,77.66572235123594,18.05786593399857,19.386622096358415,8.206978500671008,95.84363925174661,chickpea
53.12602238748034,68.5897653012198,75.58382923262658,16.9488030815755,15.367349401689745,8.012775209752153,68.54768085896376,chickpea
25.799462079867634,69.01047443759673,79.58326623014405,18.441068874414213,14.525204025684742,8.204542299687658,83.54726860557585,chickpea
57.29280096369208,81.56907218733274,85.97829245377825,20.789419269506713,19.83166864052549,7.133172062471795,89.89320949364547,chickpea
46.78958423023556,71.71593832392797,74.42114089829983,17.63844682535862,16.81837861242604,7.20379077289786,87.86775952798914,chickpea
31.513105156485494,71.89229556956225,82.67934336499825,21.096047159310373,15.693818111506321,7.196854510103792,85.87033790288326,chickpea
58.39764246646136,79.70278407923173,77.52065749540999,17.866543255236593,17.390195085247026,7.438598210767524,89.38833896079964,chickpea
54.83967323150805,67.09583843289805,84.3041816730432,19.41278050984964,15.805532524475815,7.097307220477995,64.39261006894509,chickpea
51.375241989788385,83.1260907905751,77.68588267690359,17.15985904414518,19.74987949460401,7.027525663666647,94.63292814581447,chickpea
58.874750661595606,68.59112464145102,81.60639888779748,19.334748185233455,19.156235298202578,8.324158690503099,74.7329349278556,chickpea
51.00759804872646,72.13014593893095,76.98261616961399,18.332368505349855,17.577735968696235,7.680969857570014,88.6263396120015,chickpea
33.458219279021854,79.63703883123154,80.15726145629179,19.537045658929063,15.103295953022464,7.782797975759177,95.8715504985047,chickpea
50.34765321995199,72.21571082674808,84.07559046459671,18.82272120615677,15.043246271279068,7.723650538601541,92.8117402791588,chickpea
35.155754737038485,61.67082944570658,86.59205016337418,18.542525588347328,19.21981245081699,7.434027812056215,84.66501851989524,chickpea
44.07149645690959,70.83074046361928,78.30886054889163,18.183682947558417,15.36935529543176,8.558826132352722,82.42011812868084,chickpea
54.9425606873623,78.98604678890695,77.08368957906302,19.233210097975753,15.889705041979951,7.262792871391488,87.97621079735154,chickpea
35.508540921431766,67.60862633421354,79.42850223257003,20.5002393428873,17.04417082917759,8.266016549081442,71.83813936455161,chickpea
54.3393189653866,72.49178426067371,83.65909694726102,19.48810116531654,15.004193704905019,7.773136968290464,83.02670696417506,chickpea
44.53630476447195,66.56296568682248,74.09590451866138,16.89789277312461,17.29984230275088,7.276957896916624,76.81572061227854,chickpea
35.58729693935593,66.0875540428554,83.03760323897839,16.823158641053826,19.924932959759715,8.087685379526873,84.88021560408585,chickpea
43.66326515856066,65.50698241452936,73.16428465106756,20.1724879672343,19.019828647129778,7.88545879804581,79.50127380521498,chickpea
46.40628944027254,64.6995476050188,84.40419617555239,17.0918237012155,18.55760360078306,7.128801609804582,68.51798246706348,chickpea
59.00932041321163,84.1218305965956,83.78547630613043,18.742383219663935,16.723682588515427,7.99405485381831,68.18250618909944,chickpea
30.341487363629216,73.91070657756643,85.13636733217415,17.837226847218155,16.278085987106024,7.739379721728152,96.91482183407491,chickpea
53.406417011871966,72.1596236288412,78.4380126183425,19.140279228994967,17.52389629263788,8.216488129172609,96.88063195297761,chickpea
23.98273103973209,83.75602597067312,78.02675006879471,20.294705386460283,19.124915331163173,7.537124079328402,76.71167275591127,chickpea
28.538363477118136,67.24023316225461,78.17323294654457,20.048393261679827,18.18988191558715,7.407788559087845,67.41122876915907,chickpea
44.83739606825582,57.585346006580004,79.53342951786992,21.02083934945268,17.94987756512198,7.598298120361513,82.41467706327246,chickpea
44.52116397765866,76.06622943171465,76.43873924428823,18.396378080145013,18.656515684794815,7.419027527616653,78.29493618603729,chickpea
57.96527516287155,80.71822728803212,85.22132722178333,17.901054782702143,15.88706339164022,7.467439997347078,78.02223619942848,chickpea
38.34337832374731,80.3520829724952,77.21503305229541,19.35582269757561,15.503317556127715,7.2107345109506396,83.7956138878059,chickpea
38.86536654648198,77.5286039577368,80.01398180348538,19.834616483906476,15.099864729025132,7.892987207871007,68.81266056614403,chickpea
34.594144416597246,64.35011013491744,84.16487712334317,21.108992575832204,14.39503199935564,7.956171328869229,81.87612492515937,chickpea
37.48042848404001,82.9888290499067,79.27118815773852,19.293046309958868,19.830967969481424,7.747725271534014,91.50992869792984,chickpea
49.48244599139927,71.34703799784266,81.37015200186697,18.209451276557818,20.06124159139723,7.10084623472977,64.78533551754454,chickpea
38.47233210861472,75.6083026874946,84.94955248028869,18.05449682965192,17.89438945641446,7.317650571145333,83.19290781250189,chickpea
54.09261181116598,72.88702237525119,83.16824620892591,18.254251354243454,15.47394050753109,6.933380583756984,76.2470736165809,chickpea
30.899451170850377,59.61862201586488,82.03757501286107,21.868244746827305,19.287371595182087,7.596471883526862,74.03507068310202,chickpea
31.439706821626427,65.56381400343521,81.94805488135786,18.343325189613214,15.907890574908512,7.363701971810832,74.02835598368517,chickpea
28.605469656287042,65.86537856146357,77.06403311833938,17.480312735558048,19.532422586606884,8.00184800596231,81.21451705546129,chickpea
47.975923275381305,83.83268498987044,75.19464626963924,19.435708027913055,16.594002285395653,8.526793459312834,68.92070349264073,chickpea
53.83409791510462,72.65954515514605,79.74792108654069,17.250498808706535,17.565237975954908,6.999294893220111,64.59969553671428,chickpea
26.303234828129558,72.25480464431679,80.46198976140066,19.557834753691136,16.34902123639727,7.013136130422039,68.83869746884625,chickpea
55.94877580766453,71.07067039057294,78.50363934563885,18.236910766336752,18.66664816524566,7.805979563213531,82.2182805534539,chickpea
47.07174356019158,82.14302182783182,79.23858394076193,19.727017063664338,18.524916804585835,7.076717488611188,78.7480388164077,chickpea
24.443378937966383,80.09626862557766,82.93504588058099,20.050371248976088,19.159415800736674,7.370451304578514,74.158670208776,chickpea
34.29473257452666,68.37187054389067,71.9980718608698,16.42589838421183,18.911654728759572,7.59502320950373,85.14899671598944,chickpea
54.66557117904444,81.39862950977064,85.07393243979622,18.221724406929738,14.860913772555769,7.487789699343213,73.98612733492004,chickpea
57.543242024750406,63.15101107368117,80.87084162684471,18.071837980485917,17.0295719878774,8.221225019425402,81.65982595688577,chickpea
51.12539512834505,66.52245486954304,80.95958271645425,20.26695203498409,20.056992565722442,7.338717250544292,76.72382340752797,chickpea
30.985287319265822,69.80174692023164,80.46537711128822,18.294558620207273,18.41992168331367,7.2911674733508285,82.80273181500937,chickpea
49.87739095651983,66.18531146506481,74.85774228032832,17.63325846809324,15.229508977888933,7.740814554082188,67.63941250617917,chickpea
49.66805019693237,75.98085239729134,81.95459857363011,17.30621930823555,17.64540367067164,8.673215449686753,85.18471644452617,chickpea
45.348890519021175,60.504049758362164,84.93604153507181,20.952869510187206,15.515021980801865,7.426651706632144,72.04595926347264,chickpea
6.4393699942950295,9.373773459154949,31.676919836483727,27.37908938649008,91.72377886379736,5.676249125918766,137.94976578100116,coconut
12.544551158602442,10.544839766000301,27.45798819256492,28.221175538190167,92.16409910419678,5.860634632943181,183.1063405611267,coconut
19.40451594154512,9.648848049967185,33.807776806703686,26.123063487949914,91.20089421263518,6.1937370984181905,146.37133498190866,coconut
35.73369161009536,10.390222600438264,29.13929949258713,26.062260343674467,96.54360782421122,5.805203653052208,186.0409027288582,coconut
28.735802653396803,20.31426630662942,27.8595259208738,26.769114153522068,95.20502954769692,5.726904063078901,147.73542706833405,coconut
14.465289358909056,12.299174213766694,27.446106228370628,28.554508957030784,103.26591732064735,5.834247262513408,225.64389320331532,coconut
26.965800217743368,6.411889216630633,32.08468466024958,29.560919011306186,92.60128134581682,5.8038291872322,177.84077627522424,coconut
20.718484679482504,8.52284292345776,30.343344243147808,25.181887313602836,95.1980506141,6.279712767447609,144.0861131965054,coconut
11.682710565769979,22.38251582013605,34.074359004458366,26.37457498805224,92.23829418465563,5.760842896236893,208.75939213486257,coconut
16.461766612085963,26.117230726143084,30.172945550232974,26.822104543097943,91.8909387709033,5.988232966795959,194.38051503690235,coconut
20.73315800095769,24.9052067810922,29.53699424686223,25.34749808757229,96.91414441810855,6.410079201137559,203.90052897261876,coconut
31.66500960208709,18.91233534703786,31.15085068478288,25.14206603808482,90.35656221023928,5.965383370789338,161.027069184679,coconut
36.52426900915244,5.472536150457189,34.23334350264336,26.672709496746243,90.62663359395748,6.470836245987136,205.81339378674593,coconut
24.520998110364328,6.154264319045577,29.48433678450274,29.88077799611435,87.08485248594384,6.067133020219486,226.28265797579206,coconut
17.72289448665713,24.93521470611822,29.84137465971535,27.167750778310776,97.12882492740539,5.977000360711927,187.07188675403972,coconut
3.397546636811936,15.955373093088216,33.83965573412539,28.990038450508255,91.95720112329326,5.762977894932568,203.20356637195255,coconut
19.80481410084451,28.48385365274207,32.54842963919694,26.629591020552915,99.36681132334381,6.285092573705141,136.206053503039,coconut
0.9823664600332385,28.140655834297334,30.425993117345556,25.158223136493564,90.87552389585059,5.866067610409841,226.2872267619204,coconut
0.4144120785412698,22.569917226028696,35.50278582204,30.067053688341264,87.3262158952749,5.805396545555054,186.780695039492,coconut
34.9199004141008,28.49399470505309,31.27650180878861,27.190592808515802,87.52856118371376,5.442546611531615,149.562023823917,coconut
1.7091293202534912,21.90739083907731,30.217390473018785,27.862205309096115,94.27675040858941,6.388535872184742,173.9611704193015,coconut
20.750588880680805,27.871377276931206,29.544868790761136,29.602054436541085,97.54596964731081,5.6778009474019155,182.37857190096486,coconut
24.705398389766874,19.0352580616489,34.93308687638868,28.630614831952837,95.8967085810034,6.419304036756968,147.99402634439454,coconut
6.796512379120387,16.81875771585438,33.05828770408336,25.86011664544275,88.01097586048998,5.790262191949221,217.8027548490251,coconut
8.10926862802599,12.384942071600017,26.52705849262296,28.90358793115166,100.97497168288488,5.946036798039768,161.78095524066887,coconut
21.814354169951546,29.11214600919094,26.38772826500367,27.739826844384066,91.60200779299507,5.453344315085474,187.176173305669,coconut
24.14741150478174,14.848260547898912,31.59212458663812,30.001517086301973,102.38583223012658,5.58975388729957,215.08753197880065,coconut
1.8407879230162105,5.283929093165472,29.048052947798325,25.72415056906506,90.80440215224938,5.641459193719149,142.06432289255198,coconut
15.685919923033598,9.820262767240141,31.161529891133437,28.92512215698317,92.09609769390661,5.854202141603506,165.69507246880923,coconut
1.8348056196760085,7.724396787758735,27.43309380027368,27.5873691814758,97.01395118741908,5.868135390031664,224.38193191264207,coconut
39.85437478443848,18.168727526405814,28.576144016814943,26.297260111444874,89.66924827224118,6.033572030355531,187.1351090885826,coconut
6.92719865228063,9.661752201897356,34.9693019762215,25.3198547412392,94.5347760779045,5.842659347849888,197.21286947973098,coconut
17.98659646035031,10.796192497907965,29.73297518906908,29.120082758470296,88.9505541761601,5.914812556748827,135.45840893982032,coconut
18.880298632455887,23.09643693192896,28.996646404830702,26.2557815183843,95.0880327099292,5.851263539106749,159.54735272318183,coconut
22.797356616920066,28.670943370227082,26.00496009858762,29.122791243199007,100.42150515637388,6.115673315873711,144.68585850979736,coconut
35.34872202890156,24.17100845187674,26.1402051018688,27.551533606219273,90.92403239938444,5.935385793118651,226.0723932579148,coconut
21.987388089927247,4.942357774153909,28.344014234071842,25.332540467821314,100.47464776931383,6.3651530930160085,167.14858413557852,coconut
38.69124476089038,27.753041991024865,30.12736694940007,26.478326463563253,91.92433964742992,5.7053794594640745,197.3759896120322,coconut
26.702949514576996,13.151712207844747,30.777533451795374,26.163821508663563,96.12224735898597,5.668000062244616,181.59654592708307,coconut
12.50790386728159,14.279633176874317,29.63307283052778,28.351285306733885,90.77651656003484,5.81644660663559,186.81409227524694,coconut
35.298228570237285,11.320811923900113,32.64570027065523,27.507981431072412,87.5436831415634,6.095693990018871,130.63759944935015,coconut
34.105968013309194,26.47430932814498,28.906806177972186,30.018143878638664,93.68542804750416,5.464649244793428,198.17479452512586,coconut
17.43251628727916,12.532551337618775,31.19421139113204,25.25766915867175,95.0813313448366,5.670880360288347,133.08143039262845,coconut
19.35479985189355,11.598587565650503,28.237687402490128,28.199355945579033,100.47920661487612,5.722335949926006,216.17699503627153,coconut
36.78559596896844,10.683028500242655,32.881243455275694,28.27011051885037,98.37654049899342,6.339552121361974,156.7020453224727,coconut
38.748854429371804,13.424860222356028,32.97851143603361,29.495870391906603,93.86055285538589,6.028815649940096,197.03531727048707,coconut
32.934534175427345,9.494411936925022,33.34532550992769,28.663786435303255,100.74640926245546,5.953983066948958,170.48379568083178,coconut
17.910009814508197,8.93493576893282,30.58758926308897,26.814154281614343,92.94974964442503,5.8771769537407845,133.27753441821412,coconut
30.910559490932197,29.345697068422652,31.378494991920732,28.15688195562018,93.58011552218936,5.9150854968223365,214.55895397178654,coconut
27.92442697445568,10.948779217003713,31.71894447255219,26.311500264275924,87.45343254086036,5.6971958927520845,222.96425222293098,coconut
29.54158428063917,22.533610323956605,25.194435724744274,27.545404148188847,95.01603098945426,6.571972275421604,156.32826475691954,coconut
11.328658026023891,18.080947296953507,25.698058057930506,30.292849302476633,93.09195548101584,5.833480068608254,163.06985906691526,coconut
19.18025065184336,26.93396455479127,25.381107725789374,29.008200150952057,94.69146284224047,6.199124972902123,190.62923377786507,coconut
15.796839683434184,9.951286981902195,33.96907532464026,24.72589099602543,91.48788262609061,5.536593605845694,160.61152376559534,coconut
37.60115661346119,26.813277254078418,26.719765837954416,25.139088418609717,97.53157575081282,6.08115539329311,182.65885845233333,coconut
30.43565646435495,12.276667569206447,24.468564786373882,28.35888742133179,89.66421403484631,5.336522157251322,154.74830245873642,coconut
2.0725852122184296,27.89659414585904,26.288808660517837,26.37041675098792,97.63228828867044,5.744701723557659,130.9795336559196,coconut
5.420538523231057,16.578864564075356,32.36329581311764,25.715617112962402,96.31948202670469,5.269650725897636,130.3551530904468,coconut
20.3889521669084,6.16142884958788,34.23815398517213,30.37038972590379,95.78080049594199,5.51215667212135,144.74243102315296,coconut
19.77555219275962,21.970050580861358,30.707167609966827,27.332353678533167,95.5374323435301,6.267699527123113,194.57133460165028,coconut
14.372982571328977,15.431074744487914,26.93458365598295,25.87677626854846,98.83530847621358,5.714298741803705,190.29853982584768,coconut
1.0419063275580096,6.973607543539681,27.59636165503611,29.887403993395893,97.9228073867933,5.806564050616348,221.1152344386126,coconut
23.125566338512566,28.956272205519948,27.366001424383562,28.542113070544026,96.80217943896044,5.636922965453513,192.04955024874698,coconut
4.393686395461575,18.85467250730606,27.623481844885994,29.555315498720066,96.79941730984922,6.0827962176272194,145.96013291689152,coconut
12.442392029647493,7.189464741900833,29.273729744336194,28.091034928630837,92.66748181095238,5.70878430791463,227.80196259543092,coconut
7.570060649691038,28.442736547388407,34.14062698216749,25.672529990552793,97.46623108557476,5.672453421401151,140.0002407852819,coconut
3.1225505313345434,12.032724240235098,27.31538651615196,26.160698901939327,90.66779412985956,6.071322511702332,159.97339091512652,coconut
23.68794059319463,24.649367527266044,25.858013347238966,28.21256311023414,100.07302758447076,6.100418739728981,206.5740955438265,coconut
10.640951666584556,10.276843459844844,32.4002407467342,25.594269009909514,99.04772443554242,6.214084873393301,159.50590002016224,coconut
5.0752753447995,14.622453733179544,27.418867596015055,25.65691760695879,92.23374314049673,6.29535761727806,126.45917154761594,coconut
26.076284963251705,7.771924784859035,25.48167045117828,25.85060519197259,100.55964582677727,5.803059807879427,191.40211726502923,coconut
33.332229914621145,16.241868971155906,32.23962090657859,25.431951955581308,98.64200304275452,5.6442955751662724,146.41646409794475,coconut
5.598540265741746,20.001454414300238,33.68458091843257,25.07050179689354,90.90672172083056,6.229675951520052,138.1678909602984,coconut
27.10467450441322,25.390096008921724,27.745444703868166,27.713500041590024,94.31421632914395,6.011845802683492,161.64790968348711,coconut
27.01725977654738,29.114185515643136,30.508924283474347,27.74422124743738,95.58545982087024,5.694651953489554,155.6350523416867,coconut
28.27683870263046,20.352404335136498,26.427795567189634,28.418726605462023,91.77552983174847,5.708148959321051,213.63358448771487,coconut
34.1446486650995,8.507024954787463,30.021626974133483,29.319194303359257,95.08140004232963,6.106093445715409,203.09341986659942,coconut
36.57666882791415,6.9014263613749725,34.655731964796416,27.819392123258115,90.48118109430408,6.172161336385088,206.0138004271692,coconut
9.46187058345357,28.066792701529593,26.655999601801373,26.52094167480161,92.83475090538151,6.288622694769063,232.99423353975638,coconut
1.4027811168300046,24.33580580831886,31.314065614106816,30.037552218406212,99.79351309981294,6.186672858624248,184.1290995356855,coconut
23.68329480654239,13.208553668208268,24.45965018746876,26.197834528190764,92.84896040360529,6.296922088719746,158.36727122063778,coconut
19.858981839268655,15.40337823074198,31.41669624044365,25.562282613497025,90.89580183747744,6.25366007019882,176.03160554368912,coconut
10.433641835388674,9.95095504167641,34.73109447369371,24.40040505840217,102.26177777759084,5.506579025962611,211.18769898441764,coconut
32.017225742776986,26.59771987630296,27.48830210732881,27.506544830715967,98.06455306970715,5.724813773565656,167.28401279826326,coconut
3.0273455598124053,9.880676557161047,34.09358275610968,25.702326692021508,95.8531076236083,6.0269078087890975,197.3290584007997,coconut
19.148154999538153,23.261909186972,33.92870572945486,30.155659584685417,92.87501893023335,6.345424307057202,148.0694498927269,coconut
23.432468303074927,7.93046163001039,29.180827094253488,27.650021500924858,92.94971696660245,6.307297414332524,221.0571733773845,coconut
37.32606247567126,22.8396901999941,32.77088777379508,27.24708572491601,97.57968045952471,6.102067688373935,223.78858795012866,coconut
21.713141553733806,11.310739939569592,32.418683597063215,24.86449216144825,98.4121306956393,6.0816691264805804,153.0231817328317,coconut
13.883763562766609,21.81144403113115,32.0279968203463,27.756384755166696,86.62364049882811,6.029009531122766,161.5151695336565,coconut
12.898955974500552,6.1101917903926,32.77134070438986,28.511440585282667,92.11731874630176,6.151504692504416,185.24874755536965,coconut
34.20670648092278,15.127174379694303,26.790594116692393,26.83982578334218,97.44065858456845,6.478065352855102,189.19431001222733,coconut
6.767186354034402,14.023211914444065,32.248937708089116,25.229454078020986,95.93964566915953,6.285621156420676,226.61154879054575,coconut
13.782953173202555,18.794235395686716,29.26277641023907,28.04003062860165,99.60301031522454,5.848326196130913,190.45982690114792,coconut
28.59986026468392,19.933501620024504,29.512963265372985,30.005446738326498,96.73926965007253,6.229600881300872,219.36450771397776,coconut
39.370425430409554,16.134847832195874,29.82621042110045,27.715439250269537,95.11960788798402,6.006394481837733,131.35245882401207,coconut
20.206782538366678,9.674173410083455,33.018815636638564,30.12691111382704,99.34898587584854,5.98531612308845,204.86256056232747,coconut
38.37357315985184,8.640552214693125,26.17051183888632,26.992593733514603,99.50292633415427,5.647343494094505,212.95083474266335,coconut
7.001869182661182,13.999424338576059,27.691846921494477,26.550738573197492,90.78371037744878,6.223982040534253,207.88602312129018,coconut
34.53163557014609,24.791579241283998,27.87818099638985,29.929906522407236,90.14692059888246,5.765975415080429,133.83699484617853,coconut
3.3129994188913097,9.393960268146673,30.73561650833305,27.634660875596207,94.15288733384283,5.647617713776607,148.47755956394303,coconut
1.968662185570775,25.993794102186378,25.163732531817264,25.327911702213004,89.3737397900952,6.091496558766269,186.55430154024555,coconut
12.18782990878977,28.87345214226355,29.993510721935174,29.75037499914545,92.01677564036474,5.917784753465201,156.87052557945316,coconut
13.983986376630483,7.491255327483665,29.51895681715975,29.874493882612885,91.80040865640606,6.424956491132252,217.28053326870995,coconut
29.404481141507603,18.336969110835998,34.42522862830741,28.95959555425803,99.20901584129354,6.22468574616702,156.26105569836778,coconut
12.507292928712143,5.20570111685836,32.99240113387762,25.192884157506263,96.36560544532875,6.017521905163089,181.0004409569503,coconut
33.14050993025061,16.187782160297488,30.75535825611096,29.050393398210275,99.9371589474469,5.775655364844903,190.3795928004583,coconut
30.275759699744828,22.569994152842803,25.73117902065986,27.48156664883689,94.00631338656713,6.3283054137282075,225.23931319070175,coconut
13.703189709253218,15.536926404608165,26.400905680235507,28.410814665054527,93.33638952095373,5.935243725038696,214.2089706408025,coconut
4.52731499943001,23.792124505780922,32.516998084692624,29.020951747367402,98.53965082009155,5.803677143735882,127.60983660759143,coconut
36.06043755579245,29.246373401848555,27.3512029984492,26.01168495587642,89.98122808130945,6.125319659548851,133.5105614060724,coconut
29.623947229626488,10.341421081607342,24.676563345474904,28.80825204037268,94.37382813740147,6.270390284575634,172.28770726296528,coconut
1.3029625787948307,16.796494195936233,33.48551839592867,26.069023206853327,99.28499730552223,5.972515484418438,226.08503515798392,coconut
17.336106681400437,23.81298862191394,33.587330926129006,29.274947171436025,94.43721441820817,6.040545231267855,164.83405810810007,coconut
2.3418808834460485,16.78352934787016,31.938242481060396,25.95167736502768,94.89343727446979,5.5511995726138466,218.34125389393105,coconut
22.94332108730574,18.945371677191066,30.58912859792629,28.283808868347553,91.00662385722553,6.220019771051574,215.5655533463552,coconut
29.010084673317348,6.598443808665837,28.94130590285454,28.934602650957217,94.6086528892437,5.727789064571507,226.60307627484633,coconut
13.660415528656255,28.226081404746626,29.552725444147754,25.38112937813181,94.42330410596627,5.884580522196151,134.73163751019771,coconut
29.147052549857534,29.742228819054006,33.79015464152072,27.35160262006771,95.61240022356725,6.3996878633204455,224.69169609524448,coconut
29.650111986697112,14.573394518574315,32.48117361182827,28.363220586091,99.95141823195908,5.998531913280452,221.95426116276138,coconut
14.58589235208983,27.52997292164431,30.14677934315017,28.465463484907193,92.23320112231798,5.682443576167682,202.0600070919712,coconut
25.163177118900233,18.406698551696742,33.28138239071687,28.896839900828716,98.67203443299545,6.3150959169548155,158.57591222626712,coconut
14.65426201931958,22.926845181858845,29.09234079512637,29.244648834446796,94.53951109585269,6.200105977980272,157.85238694181575,coconut
15.832987406973833,17.662664070143578,33.30010883420733,26.0504742117435,97.42169718080788,5.623137565749556,133.72884621074178,coconut
29.297310458521988,7.689431024706533,33.237402853306264,25.568802350168415,91.4301861456261,6.330789175565139,222.05664907214972,coconut
15.195981720063612,10.093754124237057,31.98539683849993,28.99134380808192,94.6682243477337,5.969611030388626,186.91511579587245,coconut
22.52357927671438,12.282012743551531,30.176119464147735,25.295291397670596,99.93401783035492,6.37108646004416,149.74956814703063,coconut
21.276417395550745,28.060592132812985,34.34596322625911,29.63806733832038,92.9019384262544,5.685178235221371,201.2628401204595,coconut
32.31714452931302,15.242943556934492,24.89065278507916,27.96780749917415,94.75324109928589,6.239214721041815,144.7710587692923,coconut
1.0157130097954397,19.407594758005104,33.82064366487463,25.844330583441476,88.47125046430622,6.491760478787851,167.68850603345751,coconut
10.297132578113052,5.650479819290455,30.237042821071498,29.790371212259753,97.2507032008651,6.466523834925101,217.60108169260562,coconut
14.760680390921026,21.3812734529415,31.33946455901795,26.10628792657881,96.8865532462254,5.887529266031291,147.06656118851433,coconut
25.87544778252253,28.104409796279942,26.401826372209435,27.581961935750346,93.62297331300792,5.564808518128489,189.09659632115364,coconut
27.08497986721347,20.517315811685293,34.20210536337109,28.069059581615832,94.29777763932982,6.246898659915792,169.26770108075377,coconut
8.971493817744204,14.01511263397636,27.92778918680658,27.705865929313113,99.77720413666826,6.392847849920314,165.965576956862,coconut
33.51050229231401,17.731568158007107,31.36657573372178,27.4667069007275,101.85678504040581,5.75982949964865,183.78419222813116,coconut
7.80022285913859,15.530668067272094,29.04720731317645,27.924863832645034,92.96631039234809,5.982825304227606,131.86042270319442,coconut
3.071640055947758,27.9633453933547,34.29757091591335,28.411739297364356,94.45659966024806,5.580709919193694,208.5894622019853,coconut
3.069921488591525,10.089307235306428,33.2278348260869,29.222246410700976,91.55689661528902,6.190164537115468,133.99796654469844,coconut
14.442721149776728,22.588066291180297,30.18121632559713,28.65311298094826,100.51028248932198,6.396924765023244,179.69830079455633,coconut
5.040266329557026,17.93155987328511,30.55751467808422,27.547563976489368,90.14299768945087,6.411082496412941,203.61660995182115,coconut
39.62458444091032,6.1479864363190035,30.0653295526962,28.134910391565207,94.2700545037204,5.883015060938208,149.36270164559335,coconut
19.75786526425601,23.37537125961317,32.78363060686372,25.500895374454757,96.98470103591838,6.5528746026906735,175.41712533826097,coconut
29.06251503952439,11.625651594277013,28.841426794528516,30.48542464794751,94.53152008576288,6.275903795686646,177.59422693896852,coconut
9.498335929056912,14.465780857948902,32.84663798621674,29.154375917537998,90.46615333043388,5.459264724729006,198.9805259759036,coconut
8.588936392152798,6.939733904022078,26.770162477105696,30.27987558691226,92.83809361752772,6.465139993295781,212.6130793272073,coconut
3.4440000915184115,23.693839953185634,26.098923840559245,29.838304888253717,92.18948356232549,6.303634536468083,182.6636095174943,coconut
16.566186187957577,18.30300967761189,24.632856746095946,25.75863323667198,92.12750223004245,6.258867297264589,189.96299801253963,coconut
3.337986616681998,27.235385402336824,29.502413971658108,28.583954659776698,89.56374488517157,6.211353721455185,155.33689152858898,coconut
1.090400776809266,28.091041950171466,31.457906484025777,24.755831491514027,92.90433057061755,5.533630142996576,168.45754832429577,coconut
33.30282880699892,8.101149735969345,29.759037843190598,26.667886494060607,95.78705069874522,6.221257178448367,175.5846704388045,coconut
2.2862850936905046,9.446886209495991,30.763986289589887,29.784915545990636,100.49042629356249,5.6339300064587015,170.20044764029973,coconut
26.16559273391953,27.59771394166526,25.998803276113478,27.230098482484358,97.88113625832197,5.524453569954895,176.79730476568693,coconut
38.72627828140294,28.218262500643352,25.00065981838709,28.483674939710237,94.12591939078027,5.636331647818785,159.85810656167953,coconut
36.6914254862851,7.967222000380785,31.09700525784267,29.613755458720394,98.19765727134828,5.491035706526068,171.2341030333848,coconut
20.3052388551195,12.257021409242956,27.156523004678597,25.24575044958384,92.02888003158523,5.935652034915502,204.48097897609267,coconut
20.615723188683017,7.230270910020584,25.39496057938258,25.908630039195668,98.49275719257739,6.018814314277083,130.55611283442883,coconut
9.64661305823931,11.293724273479086,30.074980147899208,28.31711322889858,98.56452481109318,5.414429154557412,183.18577643579985,coconut
31.8491504529142,23.75435741443503,26.93303522319847,25.505209889999062,98.63479438989698,5.993319355206789,220.21146419342608,coconut
37.35829960465104,30.087282156006378,33.77473946501693,24.993254293615156,91.99350476483548,5.636233005197922,161.76552768907004,coconut
15.186406992904608,19.239699300622778,29.86051026656079,24.763354304171347,97.12257167095083,6.053097524681135,179.84641647901947,coconut
37.88870169002544,24.020504543245192,28.120582172653847,28.186671570547542,98.24787963069133,6.222163021965535,208.21912818964202,coconut
8.875567374818035,6.943967815201329,24.358893324686218,28.800601673933503,96.76534382975152,5.959192766553023,170.418581524765,coconut
36.38862938525743,23.404256806022282,34.51702285621943,26.652493517853202,98.80091309439796,6.027715254959957,205.4908494886659,coconut
38.908257488412865,17.140782607441626,27.6975656368637,26.48543913825973,99.21684185363327,5.62320773097041,189.44007474747852,coconut
22.28954869232133,21.81489613170026,27.073786138783262,30.633495792643867,95.06122991876055,5.467918369322532,223.46728095440943,coconut
27.398638869169005,14.945412709458575,28.95801101114194,24.92940433313576,96.8012665370327,6.424987853260381,171.2742915122707,coconut
38.13176239891045,14.914600056820065,28.81808509114302,29.708710342261455,88.37944395525447,5.620567866170545,143.819292624292,coconut
1.5820408322182942,21.69954122159865,33.272167067150505,27.65897664611028,97.2268182012796,5.797679233381887,210.50025575654354,coconut
31.42812754725714,18.221440609949237,31.891794641042342,27.601572795797022,93.34127253547379,6.198082644802225,146.26058527140285,coconut
29.65784090022985,17.97687544369412,32.90106686155704,25.946016775288395,94.90564591561197,6.338211703505644,146.12665159495845,coconut
22.681252006594327,20.918105173727252,26.02961100283041,28.91752926066243,92.69502091846607,6.105768666445293,228.27733160535786,coconut
20.948257254594186,19.149611756058814,28.74603702870987,26.705947642579723,96.77882404284529,5.803345549092822,169.4403514278007,coconut
32.81845032706282,14.42340919465801,28.221051650218833,28.756859304413034,96.72052368717547,6.289696263873285,193.05564207169175,coconut
30.004131840392702,19.022078368968756,34.776072411043785,26.076399100153182,95.63064498597039,5.6426743324915964,191.349156127517,coconut
7.929478129827082,18.837317474883548,29.14830652501493,27.251080630660493,97.75885277272617,6.019038477594323,133.8285094243961,coconut
30.467210111950333,14.986829662204553,29.405314062792044,24.776366049032344,93.14213962314301,6.42744397069804,220.65788870922017,coconut
28.190561669516207,18.35062068685502,29.985028298817607,25.908481408878572,94.05344498430064,6.714924622997707,141.70986123944607,coconut
16.61830703446784,12.846688566177257,25.16464939008376,28.54603353662447,97.10614744717537,6.105732001922956,194.59605636082463,coconut
8.933977224496562,24.870869259016246,26.492142768505143,26.438114183320856,94.2291834766731,5.989049655966488,163.05259188891415,coconut
6.5048600137285755,19.214292710575947,29.05524212031256,28.373069030502283,96.12974221569532,6.167503447736765,220.18486784818109,coconut
1.2675624506265564,21.086305758855357,31.503130236614048,28.67141042103927,96.45466608758944,5.759721592801688,160.39647541006715,coconut
10.39258269751427,10.440968896380548,33.416895196101294,28.23121917368626,97.69060254248963,5.8253431850890935,179.25616334701056,coconut
32.54774527820479,24.536027979704077,30.74037685777026,27.116313766192395,93.10589907312375,6.0007375412273944,218.24509885887727,coconut
33.0561391889598,24.054508939086627,30.05303552360857,26.75214230957765,100.55846864867944,5.683268645937498,153.0066970061099,coconut
38.186398105338554,11.325875782701837,29.090012057476205,26.24239284164959,91.18176427866186,5.923266804201994,168.36851284154264,coconut
25.04687823334906,22.19934627765716,27.501521180513723,28.780123852103408,100.66446724296219,6.4113909322821625,159.54329021617937,coconut
35.838318318394926,9.516753789398457,32.31409244778626,27.609572685578406,95.14548419455953,5.706244468860945,180.72259556421093,coconut
16.100632659348584,5.723751549080517,26.73526902523636,27.86330536656705,93.01647915373692,5.7112143755043,188.79261230574795,coconut
28.54430055256838,14.156885933288724,27.22876040053878,29.291131370061077,96.21315110130575,6.315264037489518,161.35956049492643,coconut
16.13054096926861,22.56847746848409,33.81421436938779,28.859465382475136,96.17965590225526,6.251751408666527,195.9277946661101,coconut
10.877615393707712,7.888078468228717,25.02314491880867,26.2241545330351,95.78439736245205,5.85691980033433,137.29368130001484,coconut
14.75680844635301,7.430684970339609,26.65270516733948,29.97757272188897,103.02626815723845,6.000411195164199,214.68047963360263,coconut
13.27026592224201,13.423765856153874,34.24551713675466,29.50029273514118,94.00256183839434,5.495407843407933,210.89760378576378,coconut
22.55878971180259,16.19736494328699,29.429974770398104,25.27119053543418,89.86290264146453,6.502275401126628,223.69836667446455,coconut
38.15164072115717,6.59260033322771,26.704570560807618,25.613279492844367,95.1704805877888,6.262778916770891,186.9610617939544,coconut
29.643100279382104,12.475198521553864,29.63101798189075,26.115783689617047,97.64830202259942,6.12277289423743,218.20564866799089,coconut
23.506237622527113,22.698476212785188,32.09396465956654,25.677755948388477,96.65188723275762,5.676290885479338,194.47343184955326,coconut
3.2948146489190373,28.941860121666107,30.938312472576886,26.13317999016303,91.29960128655266,5.794035306205313,201.6358927272434,coconut
7.223713088557761,23.752253227556082,26.743085226950964,28.59163885253701,95.52722199459507,5.927282649864979,216.53591589192337,coconut
105.82448137363363,36.82873343961825,25.229504298608948,23.157249286194375,57.36116940427623,6.434486659343356,151.1145254520568,coffee
101.80685100659073,35.56030884908827,32.78146671339627,26.834203911414274,66.57265519861895,6.346051228611942,164.66030758305214,coffee
115.13606689755943,15.957163161377837,29.425808314927735,22.42561600602113,56.92564636848484,6.179054237520368,150.28574277852059,coffee
107.75511457029486,27.477254048159754,32.46382490995904,27.687596726022836,54.00358515420086,6.411067851617222,159.36383306423338,coffee
97.35477295068256,34.61028090680215,31.113700878203897,24.49594028730652,65.76563593836298,6.556537496086083,172.32332335343045,coffee
116.01891633614288,18.64302598483582,26.75658033477877,26.402268811818395,69.65250886415626,7.114284150531246,184.18745891709588,coffee
118.23858308344975,28.402174457397205,34.40267379584024,22.707188985642475,60.87135036589744,7.058111768847324,180.78790099444012,coffee
115.74512760097903,20.976461784678527,30.385215299328845,27.855089859182186,64.56914301199063,7.493638443959708,203.5929756814788,coffee
111.3966378013826,33.30776851842275,26.342098398179058,27.860675819865143,59.610743245118535,6.477418517475142,188.54064863240666,coffee
115.2453212640742,16.36627769833208,33.88889981042676,24.87950701324677,64.81451593591275,7.581863855403179,151.04469705298064,coffee
113.33469834834342,34.00042598715506,28.26240664311962,28.10409516818413,58.576654730766634,6.01475856310725,163.34166956702222,coffee
115.19661390653035,35.728488952426595,26.95146168615821,24.639590267803378,52.03648481045644,7.316608240893507,144.7701450473834,coffee
105.80847288401685,38.96795647825511,27.476064136459673,24.74885069231324,64.30853964458376,6.716102638816453,192.9953175630173,coffee
79.73030558684326,33.50772192111268,27.986804321822884,25.26671822451995,66.64060612812294,5.947307008487421,147.21250463315852,coffee
114.94887508008762,31.84470472589064,28.239861733235433,24.69490340385801,56.96415206366882,6.671394292063401,195.26517123650683,coffee
84.7650325524727,26.658181810193895,27.460063281956586,27.91815981682073,68.86804901157052,6.724715732894204,147.43358755202652,coffee
103.02680804174818,21.812967846501753,31.8366792955189,25.956798062786625,54.573954894935,5.873640526373134,154.88396941956526,coffee
122.52760554690069,25.245524002251823,32.87635786330173,22.702343644936473,63.34445535055025,7.023793165625476,194.97874421271226,coffee
88.74515979318873,32.301475356223776,28.211163941826005,27.254507233844894,64.3641429369485,7.0670787166620705,171.03220355074055,coffee
120.72925198308668,37.659888653583195,25.711066943650795,28.31388305920818,54.267207762647416,7.090166570742979,158.10429970967573,coffee
118.42462982400568,35.33212328888995,34.25568685033626,24.302570287341535,55.4115400663221,6.793915360109262,142.50940992410446,coffee
111.00404188568938,28.40344717909355,30.413114315494326,24.40214145466428,54.11047600682295,6.682981170329719,160.57169763430227,coffee
83.08027370941006,21.612192688674416,24.88536858144169,28.200828133148704,67.00588882202271,6.226157294306866,138.0396689303873,coffee
106.0119877445127,38.54502415419972,30.60141730328252,27.455455594994156,52.715407943345575,6.297558805933903,176.64058214601013,coffee
88.15449461047821,30.849204055764154,34.59536836770177,26.468052982747327,49.56983084676497,5.93595420893651,159.2403052380479,coffee
108.15730625297603,24.989907555453396,31.02173417980067,24.346439907961873,54.73577891026725,7.051604050690636,176.24636414369255,coffee
82.98065977889709,21.18927230038008,27.068099138998672,25.59494002582434,57.773226258831706,7.006330100434794,158.63491572812018,coffee
118.82657206078076,31.687492214429525,35.28841078526483,24.87506331379428,54.56687574562376,6.6745880067712156,163.56570159607685,coffee
80.19712769825215,34.56588000238727,24.889145239379552,28.359533313752586,61.08125533402564,7.41008375820615,143.25222012632113,coffee
95.57221140935191,30.341716244040605,26.568821908361222,25.127577023419455,49.89404985010047,6.97140696700418,185.53438802332533,coffee
80.98412398828805,30.779477796682876,30.83236051774315,24.798539182094146,67.03104190548956,6.156139471332862,134.299829958168,coffee
116.03280160393719,15.90539470822579,34.07823670013818,26.398425246208532,65.90285982843503,6.796269481617274,162.7992290070283,coffee
111.1468850102689,33.64820487229786,30.112084960697896,24.60337266667402,69.59240876180078,7.16937650316563,179.52910497358104,coffee
105.83116818047431,26.634689669902436,30.182179501895558,24.987735484242823,65.6530526890107,7.073661914289487,160.56981950807932,coffee
97.93083636952024,21.244784448318867,26.13510453686652,26.89313273848046,51.571300859671446,7.422586869583771,188.34043181222847,coffee
108.62794010684559,20.947796832858923,24.70717041682133,24.986566980868332,51.827088832139495,7.028526604959642,155.65820350892184,coffee
79.99983783245554,22.67795481035587,29.40953966263702,25.759429799395047,57.82154705178638,7.185861856752444,141.3429330522512,coffee
90.54481489050028,17.802213991493467,28.74138418763856,24.07236515236425,54.47321260366242,6.359375740413189,188.1211620993609,coffee
105.9317919818814,23.755568838064733,26.526463551827405,24.902840373423132,67.85848471344367,6.710583144632925,179.4101347201625,coffee
102.73806571094032,29.266526514284312,32.157760302583526,24.743906127693744,62.986273170198885,6.37692636059269,193.82166699865073,coffee
109.67084148095533,24.87308148850342,31.28935717703737,27.073354572139124,50.51188887268044,6.585203750437291,181.5505124357453,coffee
117.6876333341952,38.720861370366784,29.31292639727366,27.455465475848246,61.31953892372223,7.079973395846645,175.69686816261606,coffee
120.28474737230896,33.64446585401098,27.09876510686782,28.19655325090988,64.03318597945244,7.442699619634024,142.19499859759352,coffee
91.29181662774104,15.93844535925321,28.732222319202677,25.12430240839427,64.60258060653831,7.1521620280500775,168.32117991110513,coffee
92.01201781016063,33.27715426809795,30.84207029271569,27.901224523662595,54.4042892631627,6.747815580817918,172.48652768714746,coffee
91.97145691034353,17.101919965283898,34.087254309787355,26.809588522690916,66.21400793581189,6.415134445248482,196.0742537671661,coffee
85.44719411260418,29.785071532085784,30.18403892163224,23.978898986419402,58.82514690259561,6.707242087893544,185.86795690075525,coffee
109.49288144806677,39.14971281547617,28.502722190274746,23.718808652498836,57.744624390296536,6.031955557630484,141.28854286157545,coffee
89.31389993523102,15.291374680367996,32.7333811450703,23.97981999147103,68.76158351460045,6.717635806079562,155.75815646187445,coffee
99.66361718767998,29.90295848487581,27.95252952399281,23.445017509256346,55.92460685159768,7.309305319223077,188.37725183998398,coffee
113.21465999959946,22.808359901018676,33.85714331346856,24.118461750849654,65.75140448408634,7.0428654161809074,187.13905146705739,coffee
92.8885374369564,27.048473239496218,32.941437885354894,27.220786312519255,66.50916252859413,6.565773769615855,155.8523651422152,coffee
111.511374329912,35.62062900723457,25.322278217835215,23.634748595649963,67.43064188954699,6.822804429504843,179.20199109382133,coffee
122.9041384020243,34.361593030006254,34.443366691265126,24.305113810341453,61.964815236889315,7.246202502412663,142.5994347519694,coffee
110.2811298944835,30.92699951716981,29.356309605612896,26.678200254848665,61.335772836891095,6.652568531027178,146.9538389306855,coffee
116.25096347549812,30.138043910642086,31.752832508202122,25.145277773645272,55.36371536523265,6.971770385505069,191.39383216143236,coffee
97.78044057201035,30.455589787672128,28.681460946149425,26.54389235236133,68.74861447971038,7.512610148340273,176.11205065055387,coffee
119.25619428536243,25.851869872590196,35.03321833319812,26.51286668362801,51.44819178377015,6.956166668560724,180.5447066957257,coffee
101.19383072411672,34.89646038305183,28.25389967287484,26.253506533510897,54.152921334794016,6.127659666681727,172.38023018838663,coffee
86.55591075176278,30.138321942296848,32.18287605038275,23.853895989761675,68.55059411594478,7.4428214353333395,195.10992966266127,coffee
92.2937736058319,23.546020697294168,33.21198277865494,22.66706494810501,61.45851742562924,7.266686727083279,186.5361851684394,coffee
92.77650413064734,21.29224901413849,31.924800107375443,26.27716136878271,66.857394560576,5.934253301504065,188.02498872053553,coffee
96.95438999712668,35.5882065322226,32.80074482057484,25.251093830790502,60.496473547806254,6.642437686702166,200.46335927494465,coffee
108.29650636335319,16.033085849558482,28.205606572479695,27.366734411684003,67.01592182258673,6.4452530293760315,150.50670683286054,coffee
118.87169892449512,20.399916346596495,25.664466056818494,25.070111384037606,58.37690087761998,6.709235554722275,196.7520527954063,coffee
111.60467121259344,30.039097854484492,27.66130735151894,23.839564380929996,51.887565833164636,6.206618835527739,159.66473830973035,coffee
87.86092216943572,17.763280859884727,32.86401899587039,27.63832455690087,51.803695005132774,6.501518854780402,198.30101267285633,coffee
112.36572007866187,33.3758661981574,32.67912353853302,27.639843696064293,62.90484274631982,6.851710945851468,154.73456927956497,coffee
87.33784906485775,31.14677932121128,27.189923516934233,27.95024686254392,52.5965523067969,6.938546619006407,196.99626991000363,coffee
81.18856585972571,24.714724849227228,28.73109364961715,25.61497371832721,64.45857625528468,6.767593579395047,145.07429211947968,coffee
117.95486479727523,32.526290075648326,33.65788334191245,27.521090878074308,61.828745010088774,5.943119016515242,160.1580107139939,coffee
111.12283547286322,32.33787659597636,28.21310013268965,25.61352484407654,59.296526874737054,6.923107994293955,196.02090812404097,coffee
88.99275190985222,32.258601578950724,25.85520925692617,25.60530911386912,61.33827577567242,7.245663171131269,172.1033430917262,coffee
83.604436092023,20.841652154208376,31.773282631908504,27.82502599198346,51.116826408921995,7.327476752900153,166.67733686325946,coffee
104.4375955589435,23.426790691009714,30.226163354778087,24.31826296005756,53.02481902054886,6.676048996974893,186.78665172427512,coffee
91.39159882429465,27.763132466744302,35.13040436860867,23.34315331808346,63.559034688827,7.485052576667141,158.87312137280668,coffee
106.42899887480571,24.151836116293428,25.215941215641017,27.791581815861093,64.88415617955161,7.47646503494796,181.03104248693663,coffee
91.28751933605137,30.131660970229564,27.440285887545546,23.89635979195249,59.48855353472257,6.4145859843531,186.6227833783006,coffee
112.91648949200545,20.832973070360612,31.763296969927996,24.734262556810123,69.91126117515203,7.502249315252604,177.27067851129718,coffee
107.62890880388747,32.894196546432894,27.949298552612277,25.050309782489027,54.136355144138996,6.61217520756964,170.81899010840266,coffee
100.89207717894551,29.844113428263448,30.543674558918166,28.491170555594646,69.43216321687778,7.34124241388847,177.96295830357133,coffee
96.14811473325017,20.80447744210912,26.662360973494682,24.74305078464352,66.92068713987477,5.965978231744804,148.5289751246958,coffee
82.77020324534608,28.191239236468565,26.896320675385518,28.517375023717232,63.40007272362173,7.054264599107104,166.8112143290662,coffee
86.92541517180081,29.59202641458068,26.43916914450621,26.49371589823786,57.072555881761396,6.219452616387462,194.5350457723262,coffee
122.37620928760785,18.676905446159548,31.154114282227095,27.390368431703063,59.147662817765976,6.216105927760892,179.8186234293918,coffee
117.0024867495448,17.09653223443949,29.61326135112464,23.656863609332643,53.61498145726457,6.953123136264307,177.5444526945647,coffee
82.27076418701918,39.049302050696575,32.7304361183755,26.292890244519857,62.725754005514425,6.654749677109214,184.08642045747712,coffee
108.01558902224008,27.915016401195395,28.395931006522776,23.50508285928278,56.655715556891906,6.947674510120408,183.01573413712867,coffee
91.85969503112408,27.94342618998158,31.338073930704528,24.641496846170742,65.60228763828694,6.858552463878434,168.10056117576212,coffee
112.79828652269933,26.07128533184889,30.159632586995823,24.12918642003182,53.39913951376232,7.2488954489987245,147.99002645324828,coffee
100.3848481552329,32.80450839920077,30.1212962163309,26.757253036008137,69.1310543898689,6.510236438981984,166.12485572943206,coffee
102.50161840947489,19.599305674094815,34.79382429686972,23.682008901301753,70.91397383635065,6.247611597930207,153.66304552007512,coffee
96.65437282261556,31.970514772738937,30.38621663278735,23.225097631913894,66.4987630926538,6.996571898793089,182.69218012864656,coffee
92.5411791870696,37.05875508837461,27.250427187549576,26.63879457123492,67.87560790590769,7.204041743325899,197.22886570482706,coffee
90.22292972384203,27.0068020561041,35.06618863389409,24.845612594812007,66.37777998166186,7.1140908901079705,155.62090871148706,coffee
112.77116105956905,37.72071492660494,33.376796668320715,25.389830104375022,71.19180362730381,6.557224034045483,171.65210735572586,coffee
84.51852449323694,27.232898363528854,27.873356014948023,23.588734331295715,53.974444372503854,6.371258363965566,142.97407821949858,coffee
116.93564812362372,24.07539540496684,25.271043596860526,23.720647339485627,49.67686475506701,7.736809225174751,152.07055032233407,coffee
93.61157636237253,38.46098883015992,30.529712745962954,26.443310496978846,68.12455755879618,6.070222941212143,152.87968333844407,coffee
99.78701909867854,38.17339980096206,29.01279490917701,24.401048507707237,56.9040587876636,6.179043653450203,153.64035458033422,coffee
119.34055940131383,24.122419692058862,33.00328707065351,24.96249060448433,59.831168052323214,6.440323893208127,161.59280827140003,coffee
87.03951211074308,36.77732664160579,27.042893128945064,26.504479265418645,59.95621052635085,7.384368556731447,195.75808076066954,coffee
88.01122796772098,22.083704314231145,33.71495807998899,23.30509047059876,64.64977245985912,7.096546584075616,172.8727521653177,coffee
99.27794417588979,29.319812438877893,31.130936427063816,25.061614529724814,68.14136261947178,6.126121404476985,178.95665646789942,coffee
99.32055413827499,35.972318670349324,34.529788503184896,28.27914695078607,52.74941226833919,7.302786976795035,200.50774483695096,coffee
101.09992513851162,36.31437501740233,30.617926490986996,24.56252428118221,51.72481594751028,6.604966150339471,184.20800985141648,coffee
105.99384201873383,30.57082460605958,30.551334240739948,23.518330849489196,64.45848671142352,6.768487770034203,179.7204953204323,coffee
98.08616036404293,18.1281603961839,31.453352648655535,25.025662845340282,54.57293784921866,6.897212035270074,171.93722261183504,coffee
109.44480581608066,32.92641096371531,26.617034193781297,23.58392367841219,65.83252630296735,7.139303786446349,151.45651554229326,coffee
96.18572463056464,16.657241150105737,27.499617681622553,26.83190322480801,56.919609464057054,6.660868240165507,157.48321086188162,coffee
104.38035646100843,30.111446505668265,31.126885887806864,27.353684622432322,64.86633456616934,6.569056574596447,165.83275123143517,coffee
102.5543310464428,23.133935155519705,25.639311248917465,28.463114564090525,67.42194643189525,6.192638943692981,179.89399157407755,coffee
82.4858119204654,37.15099143842199,26.568233741432778,29.204590145183754,59.4209406204791,6.678501816968222,202.42609906301834,coffee
86.32719307200817,30.164884529616884,30.708035644376093,26.059709783113696,52.080386534821386,6.997696228576639,157.09965732085877,coffee
85.30858988575262,36.192733102536465,31.403758766480344,27.00988184182565,56.260638808117726,6.582157765864527,195.51741650932811,coffee
85.14575200940823,24.736217496637085,32.31692003139847,25.142066420807765,70.98601662723947,6.970488018952581,137.18293391008996,coffee
94.64956961461323,23.49027389192101,27.502405473831256,25.446622966698143,67.44700403086034,6.76827741670805,147.53993462264265,coffee
99.92830112455619,31.237663793126732,29.28967253119751,26.88457575376819,59.555949500969476,6.4462750625216865,157.79444814491637,coffee
117.16250434726386,21.500286366941282,26.901391143201923,24.395252735844974,63.57344491622411,6.475958661336116,175.99281192664654,coffee
110.2057627286065,24.31824401997992,30.715710791420353,24.256531280760658,56.83012494933807,5.926404102001457,183.91193882993187,coffee
114.47136491009158,34.091787506442536,32.93772198844721,22.911195760951625,55.58459027228837,7.209967545952619,146.21028126051502,coffee
98.10166365063937,25.340713168532094,31.773379123836207,27.06822389804434,49.74851218174203,6.665359272983344,178.69588687050458,coffee
89.552981245929,31.7000747180181,27.79993209980089,23.822806791563067,68.97055852646565,6.290457898562774,145.7336393329914,coffee
88.4070949081328,32.795503952673236,28.563076705470788,23.2584930054215,63.56313925378355,6.324658884231074,149.78083723477195,coffee
96.77496994964122,20.155037578611882,24.85935943584351,24.4709912967471,66.39813488886978,7.16764103639923,188.27923765177874,coffee
119.67362108057411,28.334821510984604,31.703956779942587,24.915562779603484,60.357030128044386,7.035755502913628,151.14312560836802,coffee
81.68786551293867,37.59627035198705,33.373945480012864,24.08114781389194,64.52225957400829,7.058691519018885,150.91331709417562,coffee
102.43230328420968,23.023097325688262,30.605404525767447,27.142113213571747,64.24682890935695,6.218874506901749,182.91717976964935,coffee
85.3014509175175,23.696470032691924,33.171042508782676,23.03953906837215,59.55203224757269,7.364538860197224,161.87913150403892,coffee
109.58058950993404,22.272864467231674,33.425242912310104,23.767347276215066,68.38890628055152,6.85617584686213,185.39735367739766,coffee
103.55575761123394,18.5592794190647,34.33603444851154,26.120998655724758,60.742812400271006,6.8799496247226095,194.71172480214355,coffee
99.54255812695394,25.863446540396414,27.89529785421014,27.041363638903057,60.41352615749497,5.862933088011837,159.12409783053263,coffee
100.4171888357849,35.047107626186964,33.61474035415126,25.858382835620265,58.81187116265748,6.04818914748601,142.13581677911253,coffee
109.07390823884039,27.165482880108737,26.405900337402574,27.0001214172195,53.31275425969371,7.112652003373166,167.54121643186343,coffee
107.58860201544903,29.063913176187064,33.029673573121094,26.82805474126796,62.723055740957264,7.049700854074054,179.20858050282513,coffee
88.40818913349116,32.22043624550611,34.95359384405424,26.865118984405935,64.68028108560289,6.091656407032637,191.8665067982251,coffee
108.7578859251719,40.3729138447633,32.84448458414161,27.93915432971167,59.95241487073163,7.071248316202112,190.39553334726654,coffee
109.41660330505695,33.732227988379655,32.19688036509737,25.907460901833918,67.11907309230477,6.74751536548422,146.137480067439,coffee
83.94692850174393,32.09427961398499,34.69882333966278,25.79789817278966,58.66285921511021,6.808790677862128,143.30562983681727,coffee
106.78208774235927,22.56279358147583,29.323545211668197,25.959690908185717,67.85501669415379,7.2479225439246875,168.47238104405395,coffee
83.29633432319861,23.932669072878255,30.39858508384888,25.434171747447063,49.83329881683747,7.466869506480891,154.13248042935467,coffee
83.38450461134163,28.09972225665789,25.775396513309406,23.615791670978403,61.104330849613504,6.444679564642279,149.76723417681177,coffee
90.93595624593468,18.96415104126711,30.401413421528556,28.01944018348278,59.99288867307676,7.1367613890526735,168.72422706085564,coffee
116.77820855081077,23.09878970990158,28.76514745213403,27.413724586757702,57.42306555238266,6.139324568188355,163.3585332413673,coffee
98.62006156883727,19.58572773231566,28.64385516705916,25.462399803781857,65.15223422710481,6.14699384606069,159.95714212033084,coffee
102.6814531038131,19.75239634687646,27.124677224783415,25.795570562147628,70.13336989046569,6.19120171202113,143.9583562995172,coffee
83.34448348167295,32.86820259220711,27.445370041392785,27.75703192905711,58.238095257885206,7.167904344915544,156.49750592438056,coffee
104.63856882066766,40.90894979520304,33.36320390473536,22.827541353328026,55.753728732720184,6.871935903456363,180.9915706817537,coffee
109.60957839446587,23.383437811816766,30.971063748589312,23.393196340701913,53.79304824745787,7.03825855950376,164.35093313232417,coffee
90.32630294691243,19.473184426128952,30.58161003028744,26.46802865824958,55.42883518509736,5.942574891269503,187.1773406559235,coffee
79.93268693051847,17.253220812225187,28.01497336414885,26.03680438374746,53.28727533110674,6.821821487770451,150.27434168002048,coffee
90.82489544699902,25.307236557596852,29.21072148829294,23.516417826367654,67.81436874006378,6.784317333347661,183.01734331865336,coffee
104.33782341479744,34.400310377354,32.586534665001196,26.315948128366944,52.34330536505722,6.52818897820029,136.52348412297192,coffee
96.83379335028317,35.050170658390186,31.90726776339244,23.36216082124944,68.97811096662517,6.448451736354942,181.2359522721074,coffee
99.20732794767467,32.77465669758354,30.403177193934052,24.78150860551786,56.36007207260869,7.1645808624461615,170.86986446153105,coffee
84.03734878537735,17.766321911709262,31.718450831791134,26.513560250796992,60.801326791657,6.65561620953014,158.59449984240848,coffee
102.61471498352252,26.215469690212505,33.27408142995238,27.038225343239105,58.90459185749139,7.333847201095189,180.54359704277664,coffee
85.14668576004074,15.25403348757305,31.55422356463476,25.26585192634511,51.62046745316975,6.657399886899534,152.95504386233222,coffee
104.37957097322777,38.78593258157486,25.848086881065225,28.30154224976164,66.81800230070652,7.103072616584244,177.07003543326368,coffee
119.48576713700945,20.73215727170013,30.3826151524785,23.59201754374406,62.328035928306456,6.718447649642522,156.21138140218702,coffee
100.63557339487096,39.83499950147803,34.55341077767722,28.20194920249753,67.57513568559554,7.2496526361534634,149.82861690612305,coffee
97.1037978129761,30.75432337393552,27.81335268663393,25.617132377686243,52.39458986733672,7.240874307088075,184.11431789549894,coffee
116.20259919530557,20.97734348210658,33.420855081502175,24.04623164168642,55.94980128273428,6.577924613927835,150.3182536217312,coffee
104.11708771895896,17.859888923799826,33.16646420307572,25.3884779873858,52.011497983930944,6.721402638977694,188.85916660611585,coffee
93.78671170887125,26.548360026965312,34.22018591065653,26.72752023046985,59.681958911556315,6.372256128977348,180.09565356302954,coffee
96.7173859302847,36.28759161719319,27.261168565736906,25.2239311693053,64.87221874065018,6.951232116486475,195.7281361041624,coffee
104.86816483943102,28.016121697266303,25.164483074997158,24.781804979094474,60.228517504707455,6.665331144466797,192.22839102294492,coffee
113.4717910924993,21.9292699541622,33.670537992264514,24.19106661337422,55.80574321365683,6.917953729342569,177.02603334651303,coffee
113.69811052768699,38.92474826728719,29.997914651067664,26.69676463941515,54.13466295309327,6.9947812901168325,173.51308962174937,coffee
119.356463722086,35.07633654416277,31.942954360010688,23.631576774109693,59.97775451932082,6.153900170798121,189.40160206493337,coffee
83.53989894233403,32.35025301789036,26.25021639145302,26.69258808473759,64.50771152882466,6.776478975545208,149.86844738522717,coffee
104.93052605934156,33.89054670406433,26.97295396997811,23.27853054495487,55.78715876949387,6.622190989709303,180.1665459879488,coffee
85.45844417837874,31.103867909968248,28.514300186429402,25.483227292613527,68.5344855372625,6.195682898963913,195.3478665832233,coffee
122.31555988786268,24.32401521991017,27.043292816861168,25.91042183053939,63.14103734212904,6.7753296488044255,172.5477090002972,coffee
91.68584983875208,29.582479872969518,31.972094638604283,25.202802884973188,64.3535225529019,7.2400861780121835,186.62442944247147,coffee
107.71615920780006,23.624024247210244,27.955548079094836,28.04539175076266,65.67043475524932,7.280691915730225,168.84037477187897,coffee
84.87391372228224,28.63476777315082,30.86378895728813,28.26552183707915,70.24101984781642,7.450584947714836,161.35400365119742,coffee
112.67529664917306,19.14105386182778,32.496800821105566,24.96267886631596,51.32563593846029,6.391448490852721,147.7943687032298,coffee
105.75977363058739,28.622041214895244,29.37712763550993,25.441541764430237,67.07136663514864,6.503433440136962,150.6729620350069,coffee
110.08240709757558,39.34180719186266,29.361135690479774,26.934475541779058,64.02675144751974,7.4882736465438855,188.11118363462617,coffee
116.74370128626566,34.84239521886081,35.65766108128988,27.039403038862808,50.52539693728703,6.559977003969962,141.83777614986883,coffee
117.38173895531534,26.62235500730359,27.404829934796734,27.623232482242717,57.03436522217536,6.6565393109116995,158.42688651917024,coffee
109.96579138513339,19.81033087381574,27.655514163635463,24.211472917074023,62.41041037014491,7.164171736589831,144.628897901771,coffee
111.42033163983554,30.249039851111895,32.408262227703396,27.015202367978777,62.02035882021274,6.289301889458451,184.29671742886956,coffee
87.31274041976071,32.650272621207286,34.35707986255122,26.703789220553986,54.70822100495722,7.509788236376307,199.3886966715837,coffee
114.18748451540907,25.906384463891055,29.28990350702701,24.185768719531147,66.23684589603901,7.349282496720264,155.33147279586615,coffee
91.01470782921173,18.394367332032193,28.057686980869804,23.935640400298716,70.1963014319113,6.45583925417326,160.75983784595357,coffee
115.84853069126734,28.631573687170803,34.74019362946508,23.61332215000149,58.359900668678435,7.510715121987957,158.9207316481182,coffee
117.99982806166773,32.43160092952913,33.60674068018287,23.04421448419095,52.093797621439606,6.6927801470011445,164.57078969080192,coffee
86.33036789241179,20.658764568214824,33.105150781760855,23.231067996914827,58.46252634035964,5.857816845790666,164.45222231780053,coffee
113.06736523158604,30.79087874082394,27.44495143149305,26.88082301984528,70.43748715485458,6.30707903286939,155.3351126190313,coffee
99.46080587500406,24.157909596038607,30.271717009174065,26.692754496402923,59.716522712393804,6.314311112695157,161.88913378779796,coffee
119.96034297448935,31.20766813085377,32.06849442686468,25.219962925848243,58.57096321127353,7.105035018464043,168.04836791725333,coffee
104.66156626165929,25.54032728640887,34.40660997024567,25.468995905335106,63.53545164483646,6.247549777603522,186.70683682683855,coffee
97.36949966502804,38.55409830840651,28.718283947977195,28.41089890837449,50.97672678786371,7.202575096498981,173.37545454002554,coffee
116.77574089139974,30.030468644893723,27.90221769040953,25.380042759949035,53.8374601175648,6.7692090417957855,153.33140593174178,coffee
94.05940490540684,37.11636277530376,32.37733777177309,25.94734552746927,56.561122873447886,6.0471737458776325,191.1045997163046,coffee
82.05325873647485,24.370159861950913,24.725343731896196,28.171292627551452,59.98070154114316,7.09093923980599,142.20104434536708,coffee
83.29272904642418,16.787934632466033,32.080386708078784,25.954033413826323,63.96486605395825,6.819488008484135,148.69311157686187,coffee
119.47833872119513,23.690191378920673,32.24187869037381,23.92039650340842,63.054246469378796,6.075479686378319,135.46235256537227,coffee
132.60142680473618,52.575205555076884,24.099630066261554,21.930970793888214,79.39246860609475,7.088439279700692,66.05703927976005,cotton
99.28338315701856,60.48843045934079,24.627601861969616,23.87653202249993,86.52732147821972,7.526343142212149,62.47200813231236,cotton
106.71499301582003,47.23506512312388,18.133606159456104,24.196205906361776,78.0117721713616,7.686897732607628,97.7869635003845,cotton
130.57480784333293,36.69574672546291,23.732641517296337,22.689447910953465,76.04005120144016,7.319952308760441,72.07004832121874,cotton
120.18419680569494,40.28146464110258,17.978526762060614,21.54115849236336,81.8382113352198,7.581723201529404,80.39436167431316,cotton
130.2529107469411,38.746056663439035,15.558537363471114,23.301648667144025,82.6154260501793,8.059390715260557,81.45323231185074,cotton
114.38127277466401,51.61026277341849,17.387586576824386,22.276840821861136,83.11082034327433,7.743418285698562,98.91861164629303,cotton
130.7164886331195,37.49131088731494,17.51780551161651,25.494007452288955,80.92148261124042,7.146199498397675,68.10303387149969,cotton
131.50992138516327,54.96469575538259,14.811067225779011,23.44732819995128,76.28469105315001,7.436316613066236,89.63561066980826,cotton
121.32221597951501,56.06496160795519,18.177049692397727,25.908466622808934,83.2727874682312,7.6463921237972965,91.68291558027629,cotton
129.54326856940096,59.02665592640582,16.74313756503932,23.04514572948074,80.3527891503679,7.206837705761831,61.80741141436961,cotton
112.83927891371376,46.882081951061735,16.128962695777105,23.633426090771607,81.8668803275943,7.710015903530837,65.3327652010774,cotton
114.94676515748692,40.04431022968876,18.330028158324552,24.079030981138274,84.3141178894154,7.551681627444953,78.28642523296949,cotton
116.46884551713849,38.45437689888685,18.47443414089118,26.03949069424977,76.4277212920195,7.188529634736394,65.0008170775367,cotton
98.52953750330167,39.43079375648883,19.00057007696862,24.005860595118094,86.56131288864331,7.694064216096854,62.58980671291082,cotton
112.26971244905161,59.92209503865925,22.287186895624856,25.43504167330715,84.1652090630456,7.925906573620314,94.9163107184833,cotton
143.23692362444712,41.77646882685064,21.690036663294464,24.322138817039082,76.37236532920059,6.93969476634801,95.82065655230765,cotton
139.00264982272066,44.70760767815277,15.139743953377083,23.28969663097404,84.78067542153221,7.330331309553293,82.1028058724802,cotton
120.27457800672124,47.638156089285296,24.281522202580003,24.982467008104788,84.9998221462028,7.72746886318701,68.29236185403411,cotton
137.77239329997022,42.0836252715992,15.395276476605163,21.909399117857564,85.26726968513103,7.918267966360843,86.31814368532456,cotton
131.0829370190454,48.49928734482819,22.70800086868341,24.812405642358108,73.73174621178629,7.771455604520201,85.14608650951519,cotton
131.20744926992438,37.205133268543335,20.48431945049044,25.983558127830488,83.85659986064617,8.05055120133895,91.78517823782894,cotton
131.1414598131033,41.22652418684663,16.658573440349326,22.14588901776825,77.4133580177298,7.254511639233637,83.59303631219471,cotton
122.08548898008767,58.56869169746141,15.883280303444089,23.677307297193394,76.52132914952405,7.21980417273308,77.3474095521902,cotton
116.07884377281484,35.149356115334704,22.43016505205199,25.47779609636884,77.91833931808448,7.59597197975535,65.56470338077307,cotton
121.3215451353904,45.668974705467654,18.841299318631684,24.81829303179409,76.34790986526825,7.188638932051619,62.81967828042693,cotton
130.6586037650246,41.10143088519665,23.670040147933964,24.0047660761692,79.53723155555642,7.27745733113801,63.98307489171337,cotton
106.67406835892393,60.42296624594224,24.348877993328102,25.13930050307629,76.2475265822207,7.2038261512365525,71.84893832284337,cotton
118.20249897589643,35.61683097975026,23.448166085140148,25.794807318773472,85.92287643695897,7.7661671859588575,80.64085201741854,cotton
118.3846981961158,52.77041340725856,22.70157888614869,24.84049687094506,77.36718732817006,7.927968651927422,81.01064686585701,cotton
120.34098548164712,52.44792991623177,18.160005299164098,22.785568405558337,85.19265994308013,7.791973447227507,65.13707493870398,cotton
119.59431415803863,52.02581332512523,15.581835832477429,25.341574266043356,77.88356785246124,7.5563038075896065,63.686370202844714,cotton
103.87231772254668,48.443051311045586,19.733926167018527,25.600692155828177,84.70214110690652,7.316123484474232,94.02298769546024,cotton
120.45398947757451,36.68441322882019,22.564056540771436,25.184671485342896,80.69233006374115,7.713735569766358,92.11743624547147,cotton
111.4771987243686,35.76978221545421,20.222394922367933,24.864545519766445,87.29027690190551,7.253603411334839,96.57637838029707,cotton
108.95622647571422,54.277604586282436,22.579593709003714,25.378420574134413,78.64314547128906,7.4424075569420385,94.82202801688061,cotton
116.01378001328034,36.740958729340235,23.75609397700587,23.652854957062832,79.19051582649702,7.736765331333089,70.36430139191413,cotton
137.59004490921268,36.995744741760795,23.7063431391999,25.282271972959727,77.02313501795005,7.458136586542105,79.04744600727365,cotton
133.660379425151,48.895180863729365,24.70454328258631,22.27696648423348,76.80313530438204,7.564986541706907,81.85614223013977,cotton
118.13258297915132,53.12647122919525,20.450525869215344,22.07737850657005,82.97431581769094,7.486831667526745,68.85582998994812,cotton
134.94532608249915,43.489102791970794,15.290843110554587,22.63962077648049,77.89297210152613,7.540880340974141,85.09126860922994,cotton
123.71816628183277,58.51424928509709,19.131731532768885,23.5039337389085,79.62820146498157,6.951112281797618,81.76483029079289,cotton
97.62997887238123,55.10686871484084,23.81635220459227,23.006170174259445,80.36298513237757,7.583689984530123,79.32020112550799,cotton
109.7286047115258,43.21263684098837,19.505313675847923,23.005076483850956,84.86982040349615,7.7624629951248005,76.09565278649858,cotton
136.71190942920236,52.77702459239299,24.029670472120458,24.34961811334019,88.30829408570472,7.203139782711698,63.518009191602985,cotton
136.27135232935524,56.66017667365549,18.37949220998061,23.390577346397965,81.6262115559932,7.4543611271795225,60.92409827436176,cotton
109.15536157235792,52.39826872235111,15.640902182318179,24.61324983117538,76.2778762983614,7.547815733509802,82.35360513388214,cotton
130.70618567594548,56.44048422729095,16.907480074699354,25.85717383976718,77.25626592929207,7.928666278960656,62.907090140395816,cotton
126.9930758730449,46.613554156835185,16.893773656048484,26.29363031960703,83.95933995610199,7.497188135810026,82.66958719129343,cotton
120.05895581412389,46.17578119995921,22.06267145662927,23.259431736871534,78.31558451126826,7.788885937673845,86.30138918329008,cotton
121.47424042228057,45.38421983318808,16.305452425053197,24.748527526222297,81.92872233058254,7.603559789025932,92.7825936114818,cotton
139.84967905949804,41.18751688018999,25.70764978370929,24.851957002683523,82.65506559528006,7.229940725233668,78.64234031052774,cotton
112.1456613281641,40.01950074055748,16.51089345028562,22.916747264350636,80.52111285561115,7.066170321456927,98.78696541001018,cotton
138.1905236348305,39.48674487400977,14.728481052514947,24.63990197296807,76.82783174271263,7.0745079216214535,89.41595095739635,cotton
105.55453699401693,37.640755293206546,15.973120655427582,23.45412354364969,77.11383068785294,7.670846304641166,93.95600956895402,cotton
110.80230596946352,56.94563651120105,23.705901532290504,23.779844860461658,77.25319347550433,7.699938348301452,87.77869744123534,cotton
132.83651902257571,41.226402105373445,22.047063140868552,25.888666934641837,75.80316982888253,7.2098593278285446,63.593748357867156,cotton
115.57059568888164,48.46439122309006,24.681708298344,24.447776127282136,76.75342055733373,6.929215667975641,100.06062286513942,cotton
124.8404047784591,58.933196595715366,16.706929897430612,22.93689754393934,82.98151065626546,7.347356361815196,84.42862755177526,cotton
117.22758647444441,58.839151467474984,19.535492144532157,26.165667330716524,78.95138023268407,7.337241092400073,94.1210428043805,cotton
134.6252138397128,55.70677401200066,15.396959908220804,24.18867486921094,79.99247192590812,7.079866225452654,88.38588780394633,cotton
98.39922506690021,37.2944025106214,18.398334230278724,22.80450362260902,82.05847074519343,7.92647159153381,96.52126182908957,cotton
122.03960360946046,44.12194605825657,16.266511150947476,22.0080039428827,77.69248151444825,7.289776913583617,92.10642479323624,cotton
101.29688909803112,39.251900112555276,22.247222145263027,25.278282656348654,77.9468387186469,6.808195409645194,97.61888437671911,cotton
133.829228087757,59.6983886832063,16.69991537886112,22.300840694427194,82.28882147145082,7.9469305847950995,75.1541988066531,cotton
109.94788916840604,46.345673810114704,22.509836671181592,25.232847128948986,83.01973904669121,7.270987476093665,75.59982218950948,cotton
105.15550180872545,49.016097034217516,17.690785602977996,21.729629466521263,77.21635191266505,7.758150166224982,89.3020171373204,cotton
107.9878634583141,56.99084260281944,16.178493066116197,24.118606618095747,77.87138771947025,7.924605740468297,67.19098393953803,cotton
118.03044301285662,47.58153202519412,15.964027979387259,22.99265357343987,81.66368386052675,7.8962108617893225,96.09435270367692,cotton
104.2250228982656,55.004536480840194,18.498696207501897,22.03325942625781,76.44483092142843,7.538305535821895,67.02020068686569,cotton
122.66352749908195,50.779155089618335,24.160546549319534,22.291192325392636,77.69041266045505,7.984105524888273,64.21898172542207,cotton
133.60114899189452,53.10051633595522,22.760699984603292,23.013075858882825,77.25113961359459,7.309945695907023,91.24146887286118,cotton
139.25878453327002,50.73706404923329,24.899342955467073,26.525865358239155,78.14106052425286,7.44784866640446,67.9553714366069,cotton
107.10503820462837,54.48359232210524,24.868390251171117,22.535986355885996,80.65087299063858,7.298936131836932,66.38709502449592,cotton
111.95849691989464,35.96245618853028,17.522097688626125,23.841112913855337,84.18393880165043,7.524130710333267,87.5587139303182,cotton
101.96419030484034,47.89679099355115,25.31869742920614,25.407201725262816,77.22650374088855,7.605383359627003,91.81466094287516,cotton
119.36277226516394,39.27161419243635,22.77564525625402,23.631330917141142,83.50438697472882,7.471906345028378,95.27924376651589,cotton
134.70769701440744,46.13141589908177,24.07029072343369,22.796471677591136,75.58937031975715,7.4913909230313225,75.46680502380465,cotton
109.00790918941019,42.79973588151308,23.195276228070913,21.422193990363976,78.05423259021566,7.999914815230372,85.73227803485759,cotton
140.17284503333966,42.731091390880955,16.833375129828102,24.6719841548816,80.57116365616177,8.0926420436268,64.21314459230885,cotton
114.41254128878175,40.76433004752252,20.079516759551964,25.530724259749995,78.29002276013075,7.275160224022369,67.73510542720805,cotton
135.9901820236064,41.61945617816067,17.436606062370075,22.18728397446648,84.66534900199147,7.510013339032362,86.25598370467453,cotton
125.18598099079163,36.6868475689326,19.77363664644393,26.007725843412906,82.60895821158964,7.15817333507289,78.71876717511051,cotton
134.7028709348915,46.862179063841445,23.017127874911335,23.701912990309324,78.67053436742201,7.951131727672542,70.80322536439377,cotton
132.28649781409658,47.13583518060849,18.90534696429395,23.721794398402686,82.9494518901525,7.6216691215000125,72.43520018157784,cotton
122.88653756657794,57.91864452327167,15.305865741061492,23.272136406864476,73.77278233633216,7.329045817395868,96.51181262479565,cotton
133.86995086827918,44.27772934949719,23.749524891856968,24.625177201592255,80.36998785944702,7.650382732820365,101.31636025627455,cotton
108.38681940665614,56.07588013435489,25.56920155665135,25.598298071248383,79.44214874036099,7.318549618223945,92.37165857851058,cotton
99.59607790085641,35.77152154559605,23.96973796684635,23.792762545920414,78.22096063913129,7.691531640467103,82.50590133896277,cotton
128.7626903893403,38.272620014372215,16.848065969107545,24.725129940174046,86.67953063214333,7.882145113762465,96.46151820026044,cotton
114.65359623379382,45.56601023398635,20.21834922031967,22.958147256301412,78.10170731792542,6.923954352426686,98.79466388452319,cotton
101.56416090534768,45.907384111030154,23.59842271310057,24.10521377504064,82.53571176010081,7.374613503824985,72.61397682511624,cotton
131.1384337656977,41.134112628122786,24.764365872575706,22.189380309449362,74.853458728969,7.333760676177556,87.58995142142379,cotton
119.39233171976403,46.12324786796597,21.665026657808085,23.866190281289054,79.50509057654398,7.289657886331953,69.67014147856318,cotton
134.19226286882005,47.395028698551776,17.29486938056716,25.95172119442627,75.78315585611577,7.553360415549024,91.74823609884956,cotton
113.80793431021985,36.43787968243877,22.700094827849544,24.168026225819204,79.79107576737776,7.977253861285328,60.201751027953684,cotton
116.50258000375908,53.66615181543043,19.2214595261685,25.366012848200576,78.7350673835361,7.238908433716791,64.00112491572622,cotton
109.40626097001262,53.50842973730897,16.980025706310013,22.854812955958618,80.92737367445407,7.85960761949026,85.41167505446538,cotton
120.10666548484087,41.626921222885194,19.510028456071787,26.123303183396864,77.54282238227364,7.411916750427839,93.73383346717365,cotton
116.890301225501,60.99330055192548,24.29627221978132,25.63965680171395,79.7923856619979,7.965813531815242,83.57453121810373,cotton
135.7463107629432,47.348736920824656,19.0762583316939,22.896123589820135,76.54854359254085,8.227352682106888,78.8504765289422,cotton
125.18461692184319,37.43744064744873,18.406575032984186,26.116793141016142,77.87330540763496,7.84173175959525,63.27000564623627,cotton
99.7445470777418,52.68826001224868,20.50120341351872,24.53728560104023,79.57149741848018,7.100955287701589,86.1842063467654,cotton
112.84655115376238,58.962772455826276,23.141859170407532,24.703057177247818,80.72490375146049,7.597707739887746,75.3270092426642,cotton
110.70808303995041,38.37933272792953,19.529187356102824,23.590017974734327,79.16272174499113,7.324552469560808,75.98745367251634,cotton
139.3821465654589,56.170426745505104,24.897402578360914,24.59770603607539,79.99839109044228,7.401975328522467,86.20304885975798,cotton
129.17972010822996,57.63410694446496,22.326906554062653,23.811868073950485,79.52845328021363,7.948532891467288,84.16569323814974,cotton
117.7547911525896,55.14648443958188,18.69832099241066,25.831400609062698,77.63746917900488,7.039271075107519,96.11482870529348,cotton
119.86712231262308,45.92722786718288,18.869455160586387,24.391614243507995,79.72370958206726,7.092357489666702,69.87933373400135,cotton
115.88569356000694,58.33578003563675,20.663200930462267,23.302780382868193,84.30868177871463,7.394875241295453,66.19278236455546,cotton
119.36851820031329,52.90174706039698,19.267441691732873,22.762359709446685,85.67025606195035,7.991160692667494,85.54174393523446,cotton
128.31076245033069,41.204778767429865,24.049966288886523,22.13106006858765,83.81093786963363,7.751953459558998,74.96070265530179,cotton
120.21951681696358,59.75105391031149,14.969412909791172,23.742272632595245,78.8448512016919,7.127230135535204,95.89915223797772,cotton
116.44309310833965,45.287850349759466,17.40691988086405,25.750760561144634,77.09410599538714,7.797498974354141,78.31065406267076,cotton
113.77878033663684,42.28653870543135,22.272334230387514,23.926710264877585,74.68228411814069,7.895090307774315,72.31211479405313,cotton
113.02590425963092,57.09164140807567,22.3620865008613,23.464708176963125,82.52196629780298,7.451825532317099,97.01346828574478,cotton
103.19708475098962,43.683070155045705,24.82741354035408,23.21792990866048,84.77919119264395,7.224270641689566,74.2627607980807,cotton
125.99163296437492,39.41451447133886,23.439478664983316,22.858085614257185,77.8330636406597,8.093088134597672,64.75230171864564,cotton
134.41614072687503,57.95872590835543,23.55183982172643,25.070649685437203,80.05662924434283,7.3563181017055665,86.5541140533481,cotton
114.6447393645098,59.42391585483415,24.74261239942093,24.280354937227827,76.67994029725192,6.90691557496808,70.7731817442153,cotton
101.91287794675664,50.419516164150004,23.318194141298257,26.15586097232287,82.92124220087675,7.721529369739212,91.0135956331932,cotton
105.10551955831069,58.7428708225602,21.014531669437787,25.886629288287484,78.03301914534192,7.577156831714777,77.02615059308546,cotton
104.49653181029679,57.64742264614785,18.564612722962845,23.289954944663865,87.44279944308143,7.794676251211868,65.57959687740299,cotton
104.96671906940593,55.84044498024028,17.6463593348177,23.246130827909102,81.9404510823064,7.675946536792727,77.75125713838058,cotton
126.42081362872764,51.678210477986816,16.11429378150219,26.395951956305037,76.01368259202498,7.79943206969549,79.16145178915806,cotton
136.73062474689644,39.80977239066904,15.38625167848941,23.369405659931584,79.50726576444728,7.563296273268325,68.85779600679643,cotton
121.11963365462408,52.66301650205551,24.837869719546962,22.12051621671687,82.27678349102808,7.2436829753697625,81.26423032021543,cotton
114.40137342378475,42.766759409289946,18.207732429853614,24.203648186516887,79.86431127140057,7.750675714566582,72.25233612392226,cotton
102.23960442085229,46.914884996872075,24.726277764684145,25.76824726562649,77.19284821763978,7.835712027718979,74.46476640398363,cotton
100.27007893561326,56.45063569855838,15.05201816997197,24.044880836204523,84.77591941487294,7.706549394674761,60.798976632328774,cotton
134.7768102644104,36.01142487343239,20.88930455998477,23.085044849344296,75.192210870737,6.923787808150401,77.69040810720674,cotton
135.06612166649234,45.18796239906333,22.567428280698778,22.44548460715049,83.28993373019593,7.961068208788484,60.94557003950341,cotton
104.63532761686643,36.646625363741585,23.2573461150903,21.850760976122896,76.72787992524282,7.647194216982449,82.32795465391192,cotton
123.11967811725982,48.46603529380185,22.18018469991645,25.20190140131384,76.92656904890879,6.857343595921059,62.83923013560263,cotton
132.7229694808162,51.297727579208626,24.03324190430985,24.069944354382923,74.69356540494303,7.0130791043416405,99.62282220616342,cotton
97.96546425654411,42.08330367084502,24.587931872085022,23.409861576751396,79.42344259557102,7.406995093628383,82.86120186906291,cotton
99.2480332345795,50.391730216908215,23.595497159388042,24.147872536663773,79.71228075768144,7.185751526778114,88.74850178553841,cotton
106.98016931700928,52.52537800529124,25.274685718739143,25.0734978264253,83.47845535115975,7.346124599298799,88.59798835449713,cotton
120.19384612381985,37.10440283575544,22.3964342401983,24.08420820385106,81.49075445291601,7.13450953977231,88.38040222246107,cotton
99.18835972178093,38.49288826062738,20.38347326560547,22.848278062845694,74.53958818407105,7.591986459535965,69.77890492595662,cotton
107.14185808921383,53.91520981497161,24.750814102866492,23.93872375404303,77.86310014198263,7.249206880027313,84.19901539155111,cotton
126.20789296976024,49.90914127201793,23.26483523065674,23.145478520621996,84.4454236623808,7.5840580242692655,74.94411634168374,cotton
133.52088971134233,42.280085322656944,18.266297690277465,23.692468795290498,78.88448882605002,7.444720332063462,80.49209453188945,cotton
138.51285783714167,58.86502672017522,21.62038228097247,24.253510920953374,81.22608320440891,7.27839253691222,66.55540270174762,cotton
126.02781431170555,47.55195418493289,24.69563836354124,26.699205548439334,82.17973749623215,8.07929208362799,74.08211087895555,cotton
125.66498477963528,49.005145907878216,21.361976479473523,23.485138928548853,79.76703280519193,7.727694551080742,99.01967520383968,cotton
128.47947867163444,43.53796616099819,15.810279125062218,24.48308296659298,81.71667579002289,7.493699053758614,74.1424370060838,cotton
128.64210270534454,37.165731052696835,15.851404886059003,24.476534099917448,80.27676705001177,7.22988849501536,88.34157796285909,cotton
122.86034571933567,45.00147117170336,23.625657558729706,21.56727116902903,80.59831714173818,7.472539420038361,88.91980681989466,cotton
121.77555828007473,42.03454941459832,25.058016530476664,25.89259344667956,83.81248715329002,7.9524465781267555,72.33720560839872,cotton
132.3789083552951,38.89067826240309,20.152686080377794,24.35036191265739,76.53194139728845,7.941062801062559,69.96640675652436,cotton
108.21254703175788,48.78179442010126,23.92363790653871,22.352213845668096,76.84739890168711,7.428303382677358,63.94951044563209,cotton
139.07524251056222,54.48299445012173,16.316524206987154,25.812036083881715,83.7604533295035,7.132136126054494,63.276048666158246,cotton
137.8535857635864,35.66545589562816,18.700984241192636,25.10896197015551,83.99591475831676,6.865830907082969,61.58058478725218,cotton
101.17202659764564,42.33452886940444,19.616334724731114,22.455438519515837,76.97058432073617,7.855757502767765,93.704733610173,cotton
139.4031944507629,39.07500463317248,24.40088537453112,23.41190857064568,77.36491123434281,7.645051251720046,61.820775816647206,cotton
102.7568153957154,54.702251204927556,16.769437854111906,23.1409474322678,80.27973572598425,7.672247498206541,67.48013203743008,cotton
135.76399516816505,37.69856017252802,24.509287702913998,24.600658752097264,76.25616799556602,7.756804680369239,93.60607086273797,cotton
124.55097978528936,43.49982104684564,21.265492533877794,22.72193772436884,78.94467221528772,7.100254376538768,66.79098312484396,cotton
111.96096785377796,46.912576280495514,23.747872284266982,21.549144261705614,73.58434128131731,7.522641207472665,62.32742639598845,cotton
139.99636503201964,52.47164407903409,16.973182184206284,23.662457897443314,76.55222823747717,6.935566500414877,88.61633738514932,cotton
137.7019146497327,55.87659297077114,24.896904641866104,26.609460974226835,82.64922790793581,7.815413940444881,91.62394286054415,cotton
125.66237746557424,57.822882913598676,16.01062689868724,25.25780558721214,86.13229498751524,7.465679882414779,74.88051890804921,cotton
133.5594005537797,47.84201648027135,24.061557227016614,25.215840550428844,83.08876487062443,7.746704843246866,64.72245769233712,cotton
108.57004461459367,47.63929255862671,17.59168760746571,26.638057012610712,84.64524979146962,6.918842250419367,97.86730671173756,cotton
98.64246366734531,59.41261623194634,22.700471779354253,22.369753396318032,76.52864465428625,7.508005125246133,89.70769300429723,cotton
127.12430713589097,48.54394802806677,18.70557930824715,26.091903365568555,74.00789173212769,7.36080829720423,91.20763716101149,cotton
112.57297605851893,59.36373668522969,22.42478047925138,23.55826853989927,78.18067141451452,7.16532979403754,100.253049992439,cotton
133.83732207053336,53.445902326846905,23.692189229098233,22.80413098953982,74.8787442329352,7.801337623590773,96.18612563631632,cotton
116.14007178788934,39.34473888625376,22.694267995077073,23.83271962634669,80.01213242502928,7.358164999316374,100.61940924609823,cotton
109.20526824536043,51.90118044318902,16.97688779272124,22.357777468024874,77.65531370706218,7.34709955339448,75.05716913520823,cotton
98.29870367029561,53.55057831766787,22.97934741451389,22.390601264840168,78.74643782283682,7.93152999252382,71.79694839730877,cotton
111.20682801058634,59.75543081415035,22.069519730381778,23.76706912238272,78.25521498263376,7.72164525358408,102.98794902732946,cotton
117.55842348704606,50.99525243019887,16.757539638074338,22.42412824539223,86.59388514027329,8.062033538088345,81.41396855101024,cotton
104.95652111725003,36.735427754392134,15.054058187956448,23.076145948747786,75.1209509896883,7.241797902616107,59.75657062745721,cotton
104.91800266334778,41.400352719095224,17.81803612914449,23.70602331594574,84.31136196852822,7.709863978349697,66.42573477654584,cotton
115.62821254308076,55.898218802975144,19.411883830311666,23.200650131561893,82.88710700021075,7.799608850792697,78.45476146152164,cotton
133.49509413887827,39.09702038733667,22.258208221518856,24.187889660240792,76.13884326957786,7.494590597026479,84.42026638515391,cotton
119.39128504314418,39.12024469470799,21.01688935533916,24.189607331728457,80.92691076516054,7.115396028511722,77.16775245712913,cotton
118.29907126853178,52.643980883852905,22.375287094121123,24.707510272031712,77.17929626036182,7.924883563954586,63.753835085126106,cotton
129.7053810519779,50.73496542161611,18.245322058044223,22.84063641548985,81.02959926106146,7.7284678288429625,83.61630382131364,cotton
118.07695223045017,37.3720447630218,22.999156094977433,24.13376821923475,76.27145552642143,7.608320457685065,72.62054732596413,cotton
122.73978520286953,36.441941536145414,23.428374095091474,25.844447828771706,77.16869732439677,8.116050919661673,91.44039920646227,cotton
139.12833684734068,49.43142433009231,16.456727128955713,25.99109364997588,79.6673340519544,7.923874937967854,98.95912172856194,cotton
136.19298288565363,52.32382037274233,17.33172857853398,24.27315856527633,87.72984316347844,7.734104329767719,83.01049804108106,cotton
138.9631734017523,55.80879550069697,18.53903874596094,23.619972936941505,79.46508096410585,7.8334437704883175,76.58224078465935,cotton
136.86914712981377,44.02166975748315,22.7103950965394,22.407873005305515,80.74652096321908,8.061249068777046,85.01798977347211,cotton
121.64305082076423,56.484406501239754,19.35564743795766,25.546409339727436,77.27127874566133,8.157292914863042,79.63892020545745,cotton
132.38313797750553,61.38091889534062,15.436464586221808,23.833179315985902,84.42973229151418,8.082354529461725,100.42719895790744,cotton
119.23142084822838,52.53399109064457,16.667068027864534,23.034859980356448,76.52959015792959,7.676238446636794,63.549690465085874,cotton
113.88950775666355,59.133718607837885,19.61061176995636,24.014163028039558,78.81023730878493,7.252057312118683,68.48973951943539,cotton
100.90529303163144,57.06084872822033,18.57765433533843,22.703960683839835,79.96474886180383,7.9509087643484815,71.5295898061758,cotton
119.42880522209963,57.27802536701807,20.545672995634746,24.85113866407637,81.55125720490668,7.90804815684631,76.56658727765492,cotton
129.4709556247649,37.52387091227614,18.682717995202356,22.860766667984947,79.80429083356233,7.606792278733817,67.74049618670806,cotton
138.25757066923768,55.15656841491604,23.37213942690019,22.307891024626016,86.43809178328532,7.725685581665316,90.4216361201078,cotton
113.15662907369556,42.08298581270223,18.10703665057698,22.985680732230957,76.22489571549356,7.631102245111823,97.14414191683946,cotton
115.00596436028384,49.30795678464577,22.525222876618525,25.1186078670011,79.94291785962936,7.961421156388433,98.36071787791315,cotton
118.27309897178112,39.96044958616767,23.406255659601666,23.19289517203619,81.02583730723184,7.099987894453193,81.21178807531462,cotton
131.2659611430817,37.87935335699782,24.687294445000322,23.855230656732253,76.72333026186675,7.8683832688715,94.00361409782529,cotton
109.08918259854215,40.330882035566866,21.666414297623493,21.786193733030924,77.70319640719252,7.740357784893828,75.34115167131597,cotton
19.585688467027566,130.26056872970727,190.712671355557,34.08463504509699,85.26135479143542,6.4928707068371825,66.14041680951725,grapes
4.486498623524282,129.00218097003508,200.56662205413258,14.061405302472368,85.86254190558513,5.672449485382518,71.97917780113605,grapes
31.48566972753433,120.96350808412623,198.1986485618596,36.15041568117493,82.86174215001884,5.500792802210863,75.26475313021741,grapes
23.702906812469667,121.48563684083844,194.4507207156613,31.87290186335751,83.90363323883028,6.229199266691696,73.3798227677935,grapes
37.961747445460944,133.75677057623497,203.18462215141062,41.8422321497227,83.97661399321629,5.9509765511753425,71.60666901183497,grapes
15.62768871425762,124.92083546768013,207.47276195290152,25.167546655434812,80.00244138511276,5.716018410514244,65.70092953276722,grapes
19.20876890046635,143.62026722807772,195.224774707238,19.924124927045906,84.78842590295642,5.536409807136138,75.91543680752548,grapes
17.07503773641875,140.82696828929758,204.6346449697306,24.018415715992504,89.01492024463028,5.649835577986955,71.935982460797,grapes
16.433235685545117,141.7948746857117,201.2494458002574,38.498420472742424,82.37930068117483,5.7509695553248275,71.59683505797516,grapes
30.2919857753253,120.05677997081966,203.44541280000658,39.51917437548648,85.26790903100593,6.255900658464858,66.35392194069611,grapes
26.968677003902243,133.84709978724567,203.15487136463616,11.122736848400296,84.25400605926683,6.156592968442841,63.745132054055276,grapes
38.55537838578759,125.33377185293092,196.06386049139985,29.699414978157296,81.1418679855596,6.100519146254228,64.89687127638656,grapes
35.06501384089194,117.76386511231357,207.77497084668178,28.499580918302158,79.47109708474949,5.557981585752462,72.43461152951993,grapes
3.2564162408337394,144.01013143310567,211.79847877995218,39.744366114196204,81.14801304434107,6.694724987537043,73.56623408200511,grapes
20.1011222826183,128.96782560581923,201.3544161753341,26.040112081895888,77.70161509244716,5.753249578814261,66.10102019515784,grapes
9.460557770855354,126.97136999752514,200.58233867701728,41.60149593732296,86.13205212160206,5.810017870861008,69.0432041099154,grapes
26.090983937251806,144.92600051232208,204.11605274945228,37.332045480804595,84.95404622708492,5.881389819834312,76.45460589290283,grapes
12.59046995541331,128.7048841591696,204.62194347581055,31.120514525492954,81.35364171247424,6.032800998648366,70.31394144026658,grapes
34.233128445925686,133.72923167444975,198.0781245386832,31.866859706269132,83.8149970594169,6.586108163782928,76.80007310240974,grapes
31.967101518399375,127.1789366902515,197.8259778804507,23.784069033749304,80.80979615126833,6.574587277370533,72.29684607760156,grapes
18.595581799615307,125.86970107811241,195.06510040203895,21.914200648931676,84.81700726732002,5.587048979454402,73.77997826166451,grapes
30.35193347563691,131.30980943585527,201.41802146112525,39.08739193069461,81.15465052659835,6.226674552336842,69.34609084742712,grapes
13.755197670658513,136.0249281840856,207.76593215196846,24.959051135655322,85.74632008454432,6.260589504501705,65.77544073439698,grapes
31.245309936243704,125.8508113905479,197.32722505464167,10.629419814587676,80.2627121211174,5.879187836328829,73.28971599742947,grapes
18.48661273582507,136.11798429765858,195.18682674328568,33.81124460475702,80.44771212783532,6.328488106277713,70.62725877700274,grapes
8.820827187668536,135.09825256564443,192.57662362185124,39.04817229109861,84.19888828537438,6.059948605055243,71.66454037273864,grapes
20.325688858545337,135.23661888677213,199.45986320129919,7.805587368115131,86.22896009528148,5.743617443260108,75.53127570759868,grapes
2.387796155292358,139.76815081549836,204.77357208619597,40.90257477002874,84.08141217703367,6.105354625543174,66.44633632385451,grapes
8.332477921583173,120.42458752439671,209.09544495287435,8.18843123223748,85.62228073539485,5.799335655871749,70.61866524040332,grapes
18.148312738297033,146.03218371986674,201.45836084493317,32.905402593790846,81.69956985178118,6.41366478580857,64.86467150387286,grapes
16.278697581897557,131.32681965397495,196.70394346996778,16.947796992951503,83.20042552037013,6.393754416958705,73.06691737242485,grapes
18.765640655355107,141.0967494620466,204.23690676466745,34.912222371380274,83.71379304133775,6.17479529864881,75.93373866614341,grapes
22.22893363357424,128.58108343701758,195.38396277788038,16.369487426801292,83.3610021123074,5.835386200993425,75.94935974483698,grapes
14.168320219922814,134.33008272734523,202.79818878189894,19.17901732545773,80.10574965163187,5.6515864147820905,66.64822983315052,grapes
0.04042721671727761,141.16915404256292,199.39893775644316,11.03701140554395,85.20045818453275,6.0247515290876,71.20318131517219,grapes
39.962689194748386,120.3087399233594,204.01735820583957,31.641479382776463,87.20181195337649,6.102382900500563,71.83497408665762,grapes
35.974792436731654,132.10831660264213,202.39347240830568,38.321853109563996,81.83786973399462,5.861464608293644,73.7338423254213,grapes
37.157973442765126,136.5089587039556,204.17384890813122,34.195983348994474,85.16501014602832,6.14825268598324,68.50204844685298,grapes
34.78463918171426,128.44484327588097,198.43277344409245,18.64078775953637,81.56745069745114,6.150157667935049,70.63278018654614,grapes
30.93870659237562,122.54861856407555,209.92089835469164,30.021029477614416,82.30288611264912,5.775309463214657,71.77017287321183,grapes
1.738389108019031,123.61734206112617,200.15565960632853,11.048638253777588,87.81286080519962,6.428772366467956,68.96517022747094,grapes
31.761547414358386,133.0091724167108,193.15450778124688,12.991557880903539,81.53908248835518,6.001229489890464,68.67711113621702,grapes
32.58224541082391,123.84213442271884,203.68957502250757,29.262542757875632,83.64113982353501,6.4405182327566575,73.06022926127997,grapes
3.2416951971169587,136.00390671423125,205.25939194201163,33.579300757936586,82.28588923317459,6.1933422534966915,66.89526081543234,grapes
36.90774078599999,142.1463942165089,201.80643173117986,35.058094063347404,84.54363851215001,6.294851817076922,73.3455687156955,grapes
37.563575004095014,128.9372600357308,194.78745966029362,36.19096536284971,82.32196615958873,5.564328791287904,70.89911594630499,grapes
26.476716886312992,122.21408483641177,196.82042102550832,39.21833800922431,80.29471343070367,6.47395177971309,64.50627225955195,grapes
35.40373822820746,132.2591125863363,202.2490284904771,19.341489624857413,81.09975526881018,5.804202517605001,69.05861861930948,grapes
2.424296901461671,128.80817060664288,201.960168736838,38.804970104688586,85.56265766634573,6.37568296666397,66.70541758332394,grapes
29.9077422560737,141.58977287766973,201.6826282936055,39.01338155367339,79.19781465881447,5.530859549418252,72.61938425045415,grapes
35.007537888933584,141.93564274865398,201.42047067989478,16.062787645385363,82.40993287600584,5.769625678504712,65.33096697684853,grapes
31.776679861927907,122.49386684684671,198.9930517330522,34.057055851386295,80.97623148308212,5.85490470819587,70.63399219990306,grapes
28.128564628823444,136.13919521708272,198.1307898216471,13.00826179012449,79.7558547954696,5.789480625341708,67.32318456653138,grapes
33.04454996056879,131.22720189237694,201.40943714789807,25.10092162492192,83.84142556776581,5.856831664625664,72.89645849776728,grapes
35.77462488834998,134.68034765134476,197.75975071050595,11.895413311703399,83.28137174691271,5.943691214085385,66.30013219394097,grapes
29.60215579623247,135.87193813365434,204.32253279721857,25.105433387526794,83.81762222941701,6.158516704191654,71.28933969124796,grapes
14.299162817002108,131.0015860006734,203.08362904455745,25.21867319409955,82.97667637283632,5.72001183210944,72.4272578195768,grapes
10.07973984144241,136.40788356530828,201.85402752078423,21.332062486698113,82.64086126618089,6.595630360164075,73.67766470063827,grapes
28.027341989592355,135.3962962173905,206.9882903308364,19.626389213066727,79.95286837437602,5.6595758055342404,63.408417192533044,grapes
33.7675659597791,130.42754222311456,208.25893472065474,16.702012073662548,79.71302562748416,6.013328352223149,74.38148159933405,grapes
29.922439714380463,130.58163345124794,204.36179206103645,22.30572533982404,85.04081893100066,6.43739139162731,70.31071819052457,grapes
36.34823942344189,122.91469968793618,204.93216844802805,33.461747202227556,83.11124687319744,6.208193192401538,75.23640734692908,grapes
24.704636483507496,129.61232853512914,194.69308489844326,13.846577887483631,79.54167045151527,5.947107513607479,72.53279326240879,grapes
28.43619344110871,137.8286020228305,199.4326824923657,29.82184780341005,82.1198948545376,6.695040461555355,67.7575825974672,grapes
5.812181552852495,126.43270257019023,196.9959616208968,19.54396364247665,81.35718937511245,5.842309868507429,70.4208580110949,grapes
36.8924759180359,124.73922328211125,195.31994118227297,12.567039248557776,82.02925608261829,6.302626587172631,66.42349080638908,grapes
17.64454931946344,139.72764017638517,198.50472221986897,21.914425003062792,81.9550439058422,6.534933775301575,71.4772219302523,grapes
7.082377818410348,136.67758972689165,196.24980860619053,16.600135176025123,81.45785868536422,6.124296710423582,72.6225681763708,grapes
23.1944339688403,134.08504405829166,200.059286684264,19.277784819331035,86.62669344271445,5.713369068036108,74.6982432980426,grapes
32.68627651552101,142.25472253467768,197.8921104911425,29.27141671048593,82.94419571745453,6.003142546645856,67.30758810725061,grapes
2.254707193198684,143.395193217053,199.38467567400488,12.391505002128284,79.04695999977996,6.393576347375323,70.7363129144659,grapes
7.686307626671936,140.64697209123537,208.49919107693074,30.179979508132412,81.53814238635958,5.992312037916635,76.21275465370651,grapes
2.165681500831663,131.43730104989825,196.4331470091039,35.27840228774705,80.7656476899472,5.87064369417268,67.86053392479795,grapes
35.474939913142784,120.9744386766216,200.18549093009435,36.15273960589681,84.56499219616651,6.2992850682779755,64.01790952050993,grapes
6.3023590770763445,133.74231697721964,195.77490912515333,34.28402833053698,84.1961914684664,5.5030096990359185,74.81332421975073,grapes
32.8638055605488,141.49173235142823,185.97083639801656,22.227912273003728,82.28145275471256,5.8034138779471185,66.80833873323216,grapes
26.60596099167713,142.2607595536772,201.30174943329936,30.20877376975469,80.71377267387987,5.910552087241083,71.09663629248115,grapes
2.964249546277912,130.21156467811122,202.175394440456,35.36075628045286,86.05570976358617,5.746948063464314,69.09037289585883,grapes
5.350662994898673,128.48200006326175,198.08948338980628,31.73786491937118,86.94070610288736,6.281200971765642,76.56332222076814,grapes
32.02551083619168,124.19731565656103,208.56982027817563,35.11979763538481,82.06231914339828,5.7746040790814845,66.09430130040434,grapes
36.312340677779275,137.30059449351688,197.99722468849254,37.75783150691812,80.80222302069001,5.388999181989714,71.28071425235576,grapes
25.260521274343194,139.7687249661488,210.53371361615967,39.30382030873071,84.3613717443376,6.598064695560842,68.14440566556495,grapes
2.685983550308644,119.329588614443,202.47077104426793,31.259084551133775,87.17632538366966,5.897305201482339,66.08979806418311,grapes
34.9557599411992,127.71561831449455,211.12511783421957,40.42157144924927,78.2210840526215,5.613242746244715,69.62085633155719,grapes
4.262178355305446,129.5196574531944,204.8205028591014,40.44145171954114,81.90778128615838,6.11874894060784,72.30839721097747,grapes
6.400996936149336,127.12457462012222,200.74316692424773,26.018743034981743,79.20010925959517,5.891817769910237,69.28111818702175,grapes
27.08900870235125,128.23677362907043,204.36966775832272,26.881570496217133,83.33396523730363,5.958027009455187,77.39972995181975,grapes
3.427834822243035,131.016194189148,203.5329677047723,40.423822953763306,81.90730712125391,5.959665310232972,70.3255366496659,grapes
22.265599579798536,129.45783119868776,196.39370307034952,37.52066082411732,82.81423650993733,6.167315783134904,74.38563066718592,grapes
35.891851385152606,123.55477717312492,198.82240995091672,24.309452635451414,82.1757129935848,6.593739456522397,71.5112477502948,grapes
20.881212668660822,124.41245803059941,198.17818684511604,26.36043841174888,84.07880796033085,5.86193954785014,75.19062928141278,grapes
26.78856156819175,145.4366486819986,191.9283755489959,24.70466591688684,81.52012968303066,6.316990107284021,65.04820608453024,grapes
31.718157416185726,136.29154286333505,198.63299011940973,9.39185008744919,84.93639594702769,6.603112417879177,71.21222548995325,grapes
17.193219877671808,122.89764501673031,203.66452894713584,37.12574133028862,78.75635303002558,6.4732827865753,73.96762975069689,grapes
2.3634173511211913,137.8355288969487,200.7303062600941,14.86906380012821,83.4148864270641,6.429283411757844,72.42728696281354,grapes
11.20904978876862,143.63111187994832,204.56355449283765,13.707503304124463,83.74094653151242,5.510236220148484,68.11834507490963,grapes
11.63731498272586,125.61106300509313,200.62208134099836,13.965786364880715,82.73029223443709,6.361762672369593,66.8382304797654,grapes
30.362719877830408,133.97502313533286,203.26778325745724,39.60848793553478,82.76262032601059,5.8720185094903945,72.71879286107395,grapes
2.488748020484114,142.24301008354809,202.56097222751643,27.500889450833053,84.06815874714496,5.661876217165997,72.88327757521586,grapes
27.04500013803873,136.9710921484791,204.09179738743725,36.91219716168859,82.92162360360301,5.5830815978067045,70.09583951377859,grapes
17.79596170529757,133.49591694943038,196.81274612204058,16.156217244383242,80.95242379679344,6.0376041836256835,66.18295751060879,grapes
33.279052548374594,130.21226034314867,192.8733625209236,35.095207213662185,81.62336961821681,5.679866307386247,69.20422177566563,grapes
12.372150030251248,126.64527421926137,203.11867987982956,24.959488782431613,81.74381621227025,6.4050269752875435,67.57245544797331,grapes
30.87293859101297,119.12121481284105,202.80953288336653,33.9133950635205,83.2587509320709,6.347466516566707,72.32000693306789,grapes
12.2575804262308,139.73744165153457,198.9165467547648,21.807368494666765,85.25805038791405,5.626794748777594,74.76649906244143,grapes
5.367219354038159,130.35370713982383,202.61066225889297,13.111517973413202,85.55581277609559,6.239743808376471,76.16988005972497,grapes
5.583354108750311,129.43287587448728,188.50350999711554,17.226676131592797,83.37552748448424,6.496940960357585,75.07142830088263,grapes
28.13095228265311,125.29805064262602,209.16105806746552,13.441873017849398,86.59969532866515,5.698386490637928,67.68480102198332,grapes
8.349713077602177,128.6815500574632,201.3893688606224,29.655196800841335,87.28138050222715,6.574971066396418,70.15553380784687,grapes
6.95851449259754,136.0046910302633,199.57563394761718,15.049145661669307,84.03928588680817,6.127962862552068,64.15593989916871,grapes
4.044518250165333,135.47959154972025,189.59320252130962,17.699376614463006,81.61406617046889,6.199483598022949,65.33910713888477,grapes
1.5698334424989664,121.47388403213483,203.84710937291254,25.745379342686185,83.49851028237609,6.341559205447363,79.91563189134524,grapes
24.589016238418427,123.9506076206357,195.33377926206953,23.492640069858687,83.25857532438948,5.711196533133367,66.81859768290701,grapes
26.46009722391043,126.34879677775159,200.8048450326064,18.784315985226,87.08337462313276,6.040082069323313,71.7798582787166,grapes
10.507610099121436,137.56991402315796,193.1989518092056,18.285408837458196,83.34277591327606,6.03206013335273,66.0473765060826,grapes
36.70405276595707,148.3147446448907,198.58600352727672,28.892113136093936,81.78810743156811,5.7898788303018005,66.26056989630032,grapes
7.130866888782645,144.07907385935079,199.96314581187178,14.540902729760617,81.54298501080724,5.85946396647751,73.29747517637463,grapes
16.751247171688128,116.64541977601165,197.65073082810932,10.636095214772567,80.4348477297017,5.816922166888815,72.28614863229542,grapes
7.808058919749762,134.52739155348198,200.08322534388202,17.071500036633044,80.86920610790153,5.802464784602816,71.15010063590326,grapes
30.023321132238927,120.42562531968545,202.11724603158854,12.476065410692422,82.03960416784057,6.371954509714719,68.99301468755444,grapes
29.45977474211959,126.8138072775877,199.85614090536794,12.64518130072899,77.45282862367218,5.860981251237717,77.08190809375523,grapes
30.312482044148627,133.2200448453583,202.17700568051632,17.4331335796525,80.07366199807356,6.141789196242647,73.13850825203224,grapes
0.06727206988894979,134.1362448853513,204.99476700249764,16.492070283411827,79.74573386152504,6.5776007753034085,69.78858953890038,grapes
24.581634461579362,124.68286406127507,200.98023866395624,22.745555481369575,79.35526661141272,5.998913124682382,74.02986622145224,grapes
22.570688857868333,133.55834351462886,209.1281749834785,28.4930815472096,83.29408619750585,6.295935959045912,68.61003282545244,grapes
23.471292140515594,136.65220789760306,198.67885906092425,27.752290401865658,80.86116999161815,6.445368138087664,68.84017348302648,grapes
19.9863141686026,133.68226014770082,195.70625829135474,24.91574813893298,82.83209235715205,6.341555977035648,72.1603633945526,grapes
26.202305330780387,135.2858880845453,210.36224455053295,22.389070793850248,81.07592468829081,6.766712162829735,68.51164165544098,grapes
4.309727518383991,133.1954911241002,203.239384234185,27.225102426940808,83.15142854674143,6.346793361936808,72.0309940961178,grapes
34.67814713020578,131.08937246620025,191.59307487239403,30.474137798302333,82.6389876066345,5.838595590444576,65.1378539942722,grapes
30.217119987793893,124.51643510632107,213.75160754519771,31.29824721210913,81.15093935701506,6.119744199945332,69.9319540795008,grapes
39.74815738034171,124.73757135030066,206.87854787434955,37.305366504263255,81.11787050433887,6.1432663209562595,67.00603157416137,grapes
39.3388645452406,131.75880415171392,195.5509566297155,14.930966316631038,82.7415509930735,5.47481050032703,68.94048147862772,grapes
23.284585419518077,132.5476359616702,188.57977238418002,21.46780990633645,82.77261907204972,5.846926755024722,73.95364137823375,grapes
12.425473778070552,139.05920250497263,200.52099192939437,24.212130136236063,83.09674962315586,6.2894431677185585,77.20255302094266,grapes
16.56167270629786,134.4874991335526,201.15778272184502,22.982917274665517,80.34470183816956,5.620488729949077,70.52233514501462,grapes
6.002483646543394,127.4232131708697,205.3179386921676,37.74387720874696,85.51047129447544,5.7366247819850855,70.04513441393908,grapes
18.048363116120946,134.432647867175,209.3345998161007,35.47203651486687,84.36319981045904,6.212172826236222,69.96404084116016,grapes
7.574085498211469,145.98447914508017,204.52790981260668,16.120664955523846,84.88707287459896,6.067047724274436,72.74701698762527,grapes
28.48234770107099,144.7617413794078,200.5610578791877,28.82094518440821,77.43472169981004,5.601897211663106,72.97240045459026,grapes
25.552782125362334,141.97774750344882,200.1686924055694,40.03707397786293,83.97929085394044,6.187802464252283,72.33845714282272,grapes
38.21001230630519,145.3827663150028,210.42390911871362,21.652144097099082,82.67219697240961,6.613840690167143,68.47688130797518,grapes
37.18162208729666,125.16307456350447,206.0292176717729,35.83328173292689,84.51894809440213,6.124979691483099,69.3453786240232,grapes
21.19566027447668,128.30647307494,193.91705028571315,23.332646549279776,82.62654693262238,5.5136922178049845,68.20338236917435,grapes
32.68567440212943,131.64504547504018,190.8262846269374,22.2602535022387,78.91293892786089,5.59729692670424,72.27721088949812,grapes
3.3822406955401147,135.72334507632368,205.46295866765755,20.945946938527726,85.37686385075256,6.022570181444047,66.92253396713082,grapes
36.32026284879261,127.31053768988893,197.8881902434646,20.45316508590902,83.7510258697465,6.391706386813026,66.2135798409485,grapes
39.31533730473248,136.5512866204072,206.13679070100062,15.845299175457523,82.3478701380752,6.03824308473252,72.49482494838482,grapes
19.95849346509928,124.1103364411384,195.67569045346966,41.060233591496264,84.1276034299408,6.508645407541328,72.8968561646698,grapes
27.044172761462182,123.30399170686485,195.60964354391197,22.965985664101737,82.07126284408615,5.777831036661719,71.69276688657024,grapes
16.0704717179719,131.50451693596034,209.24747212031633,8.654101822002536,84.15426851158841,6.194698348568808,70.91966714630196,grapes
28.445278794235804,141.172498789438,196.05354396169267,19.637112391062963,81.36497270082553,6.589266700591351,67.55934621513589,grapes
13.146673022118692,142.35290442913166,191.87232700316045,9.627375604124895,82.64018841874496,5.494782303680649,68.48979738813043,grapes
25.268281006844422,139.40243470345507,202.8319166953575,14.500405788325667,88.32421402526727,6.127926008496167,72.53163698588011,grapes
35.97310894986617,126.68732371856349,205.37971473599174,26.193999550216265,80.56423122142343,6.4924027850104595,71.38903113144856,grapes
17.028666068716966,118.20462483107572,202.8320694403157,19.985266647663828,84.3161985281514,5.56542918567511,65.27624531801703,grapes
11.994203804519673,130.44433814686388,190.0647283430631,24.424573857625237,84.9977764803666,6.470709166569748,65.8214713505848,grapes
4.44769255280669,126.3079018839906,197.4426091371773,13.97508583245971,83.17731511343528,6.137349591115274,66.8903790068718,grapes
17.950173514565716,123.43189679200464,193.95943065813336,32.170279562005085,80.89505218886626,6.019950797380916,66.67622566959159,grapes
29.940366464131603,131.53317227124484,204.34594615693405,37.23681247594516,81.9682753622282,5.767767605859531,66.01895735644034,grapes
11.412363650611024,121.59068117399737,204.97126209996676,13.171557234366697,86.01680899524534,6.080916195997043,74.29922628709367,grapes
32.740062404598085,134.3788560372802,194.41916801763307,26.87211436672293,81.36095730508781,5.6678868715998965,64.82733959232019,grapes
19.150692486215018,126.70366796183306,204.3153766108979,9.286469753890522,83.47621438412523,6.222105530688502,75.30633126350476,grapes
26.21044381944118,128.04216804248196,197.80966785194934,11.94493551168039,85.0353078285204,6.049152841732586,70.5043725645457,grapes
28.174427887259935,135.18407852268234,203.4313509219503,13.212440958688566,80.05819120530413,6.442415060352347,65.88987410189685,grapes
40.28225233347014,126.73495308832486,201.74641620006835,25.74930247625027,83.93644509679656,5.685209817045063,74.43481285956143,grapes
26.367579040091236,123.29982142139981,200.4532470603257,22.563152641018473,85.25765700130043,6.2415755205311045,69.95221763694423,grapes
39.183396023849575,140.26330848078206,205.94730153332694,24.428417848129587,85.17479561574743,6.430862360818878,74.48475909031421,grapes
2.2294033873230816,130.0423525705486,191.78018071742997,20.68455606595278,84.59542396376146,6.234164039731088,72.45573643342863,grapes
12.442927181985961,131.67635880344017,197.34645907851086,41.107463635765384,83.2418832999341,5.655904516089296,71.40637935870203,grapes
23.325998582836153,141.22374868092447,199.5618970571656,16.15520503097736,84.42144723484233,6.239768412364626,62.48284949216921,grapes
9.869774269810689,144.7747477788441,198.02488468324196,24.1894087544573,81.5188178313468,5.638109744306072,70.25813295049437,grapes
8.720272780202887,144.55642412732442,202.74082767686076,35.41186273702091,79.9250838373106,5.769586622740288,67.09870804666187,grapes
4.205033419336502,126.46394961189203,190.91216453141783,40.70583219064621,81.29434831370148,6.430984877106318,74.35636475668922,grapes
4.75499898794515,116.7980685065263,205.5073663298216,31.808882512331554,80.73960657397869,5.576262120308575,77.47586047479561,grapes
35.087005101321594,138.6252504623218,198.00370752526203,41.498380481646194,79.05261761003854,5.438722156561254,75.45047966009226,grapes
22.225763547578644,139.24238678427417,198.1409564062835,20.517573273501966,81.22191193123878,6.351137814539552,72.12207757349701,grapes
14.642353914795784,139.41468928741926,204.25951062769883,29.519945862202615,81.96690341132613,5.504188577108091,70.07028804286283,grapes
15.078433274867477,134.94069558213138,208.34682967774492,9.62636919271843,85.79908207951617,5.424773657248561,70.76495964492115,grapes
33.08024969339823,137.83062873273508,197.57050228544455,37.07932535886444,84.92203142992507,6.092091609378339,67.336167481039,grapes
3.638623932761477,118.60910166303384,209.32300835175047,41.00115910882177,84.06213991537471,5.574775658120119,68.6240691496263,grapes
32.49102135619888,123.99341064439602,196.5671506573593,30.178142649520847,81.32042547850497,6.007470564171439,69.67699462179577,grapes
25.533669600692864,150.4106669680269,196.14833770290903,26.39140985714126,81.98806927693421,6.209432411648989,70.91061153364541,grapes
11.650680519197604,143.4722435038364,192.97463258697826,39.222254775140215,83.05487436541644,5.808641916819349,66.72006853588734,grapes
15.720728137322928,141.10113495143614,197.70750184243536,24.89264438628313,81.79398426902836,5.705787548243598,75.11942203319265,grapes
31.173273452479567,138.17190533183003,197.5388998186173,28.240300014377258,82.33092857621922,6.174755764930984,73.89505319478893,grapes
25.0919748840883,141.83417891894385,188.26225553423404,38.35907285261128,82.15033907527855,5.548073970670667,71.38824116194243,grapes
14.492627033131294,127.27048259905489,206.38284205424182,39.361101323043755,83.88478341462334,6.103152039138709,73.79527520118891,grapes
23.070684398117482,141.18405493203724,193.90205126146247,12.717913832524037,82.38886652603762,6.381243159556599,70.27231736810765,grapes
38.03081911051269,138.0809103400913,200.93134922594788,32.05174049131319,80.93825927457576,6.534001240522238,72.4698276447312,grapes
30.154036760890033,122.41960249421525,203.99355167647502,9.102659631067809,82.88274776526984,5.816082549856443,67.41752702928672,grapes
19.236617698535902,127.94310238385617,197.90301708314757,30.457918074907383,86.54810355581637,5.855357846440346,70.66149568875443,grapes
32.26043090041456,139.12375402817025,204.94965355117824,23.503068144710916,80.72564986243086,5.893373292236677,69.37075334373168,grapes
4.322698446317554,138.77300816193173,200.1587173209295,19.063767076506196,82.56114456774151,6.644032365684212,74.26875055065906,grapes
32.13074451399687,132.46916620519775,199.08002530842802,16.984285541747948,83.0921771683898,5.8284935356767695,73.17889652016046,grapes
9.658834667489133,132.49171963096393,195.94200091927723,15.911075756583143,80.92989211852598,6.408790852030036,75.51571256871036,grapes
1.9768871460226585,133.67217271271258,199.34729710706299,17.885563738518066,78.8809520315804,6.198366246611883,69.1669017237605,grapes
25.493070985049414,126.64485985145846,207.0751961488227,19.267681290800223,83.31937905952739,5.873739042907945,71.13419688513561,grapes
11.377211586468551,128.69708369304823,192.92315909000547,15.706784963516775,85.09327853599257,6.340321577431469,68.30705073486097,grapes
8.772390728273308,137.80712618905625,197.50048485275926,29.204023180832465,84.73767906211343,5.804853413830324,72.69448539162539,grapes
68.46296821903233,40.63245518071301,35.938058462660315,25.084225780630245,70.6303658791853,6.323739496163333,169.17980142439595,jute
98.98749562917442,48.38991041995728,39.203954544389255,26.689104227009118,83.61495765590178,6.789172851859853,192.79970719017558,jute
87.40990704536549,41.345721808276934,35.8561204060895,24.51553677057276,83.27476196687792,7.113307508929846,179.75581537661634,jute
94.98466004928495,54.935846388171846,42.669608192702874,27.86403457999022,73.44541226823321,7.0156192008886045,193.86626498229333,jute
90.99575578351268,38.89163959929449,36.66549353253828,26.375183627301986,77.3906205946565,6.446866243166669,175.5954160071608,jute
94.76775101700107,46.08692729108101,38.97011516568404,25.690190180096153,77.85675151631725,7.288030237064339,200.07902990368365,jute
70.814008064864,56.01860764218342,38.9586052088092,24.915465684518104,70.83150965703635,6.720548573667192,190.24753504251453,jute
84.02722425167963,44.420804074351054,34.678706470718154,25.3131354180541,76.2914087274014,6.839696023625662,162.79476214999315,jute
73.67027278056031,45.75510647232981,43.28244068955102,24.104584922466657,87.55353942094003,7.178378661537085,149.36666664040223,jute
74.99029401292171,54.0912338094185,42.355245166907864,23.18026200944287,82.62102168038345,7.332215269702736,188.07319988693646,jute
62.28818619847568,57.256872804365436,38.13306138667544,23.348815617990383,71.18915722380241,5.959997118271335,153.18871324733743,jute
67.57554464646672,57.687798943060976,40.1172131877272,22.84492037749151,83.55041379520334,6.727913691999188,166.10347987013904,jute
88.09093606324984,36.658162425747015,34.225387825445445,26.98841454185557,78.87094277129674,6.695781969604719,177.68914375655174,jute
74.87863843084581,57.04735406281073,34.67632383483086,23.47887709733546,87.43617273860133,6.397981248668076,184.32990825523817,jute
85.23135073671487,51.21788567508844,39.45674845456901,24.66515776518651,82.91397100414297,7.063072068780351,176.85214053862953,jute
64.87861134713073,58.259033440641986,45.18959271002487,22.90143294650462,83.95165826325507,6.674000773658255,159.2991372799268,jute
70.87881413897662,45.63354918813772,38.79741949675951,25.601434394891786,81.93185046917948,6.990347449514296,164.25533793847782,jute
98.75646358228823,38.04674563895643,39.50224462636731,23.301232606363772,79.71780609814503,7.401218957087788,188.1752312098552,jute
73.18321964169577,36.65084252111943,35.6622450085895,25.87471951236161,81.77849325532945,6.141113553598201,182.7052990989102,jute
64.96604825565497,46.22027283084734,42.02506710744476,26.243620351191367,83.26850260869901,6.8025302639895395,172.45628856650742,jute
67.20836581039201,46.18532866773168,39.45052220191227,25.803590903660222,81.22216186676357,7.440450874701771,179.87597528251342,jute
89.37563580117528,36.814865810109524,43.55663557667533,25.38519903498073,89.08273572973128,7.477451971453156,171.3348589013805,jute
77.79172936140188,47.934669164396354,40.42196130610309,23.041871709736085,83.65235420756915,6.783830780013008,186.9392992759713,jute
70.8087843307673,43.19331360881353,40.154886394319895,25.623786100891163,76.27882900452073,5.973577848872367,166.5771193973038,jute
83.6832955826318,49.09197514175413,42.90819446024916,26.415713788286897,84.07384995872829,5.929755785535689,185.52043234526204,jute
61.95775388046542,39.79499707631844,36.12653844988675,23.960408492802614,88.2644007893175,6.212267779614251,169.01286957466394,jute
66.34834737920959,53.47556072113352,40.23783661119323,24.990733498935125,78.41853437307398,6.611954135144991,159.9711589415943,jute
92.1981513774144,59.736267566824104,37.36852009869736,25.961438610380384,80.34407849410786,7.462460985806485,162.65527338304432,jute
72.7231204350634,45.55786011957866,43.10649672369371,24.48157450285378,73.03664668750233,7.41274265788984,175.30216700991477,jute
73.41092144748616,51.997136098139976,36.683284495719164,22.858276826800214,89.9252419916095,6.023725801134807,195.48210256345266,jute
75.44096271242304,52.11404946350842,41.032227410494926,24.238584767152705,84.82525417298793,6.714511691390607,160.95514545945136,jute
93.35772142934512,51.38109365592798,44.20868788443435,24.493208863714464,77.83310950234146,7.270842581651214,163.74987768411742,jute
87.47590749447156,34.04583188139466,41.79547083539363,25.27149692501534,73.95947007723899,6.98134933143794,171.08339481800883,jute
72.2290047934606,55.75437968957653,40.40168482420004,26.723682670381578,69.20430245953334,6.981665021971143,189.24850056798797,jute
75.20359245653363,45.52802521919526,40.090124801345354,24.405946650367817,88.9043312762773,7.469472157181849,174.2258649800099,jute
93.03379796459761,54.80422466313777,37.42150099551325,25.798975946350062,77.25934107781538,7.069448090526883,178.56847079114434,jute
71.50423304009749,43.532336421053465,35.932645276113085,24.248991610483028,91.4502096326544,6.373437419331451,177.22335548414742,jute
90.75932119106152,48.41761558821449,38.86353586667319,25.964381957368033,72.8870210285503,6.245245668052227,180.57628488001717,jute
83.73601890363734,37.15535682944108,39.8914900377663,25.043890248745868,78.29874917428002,7.470191805986948,163.37248016074363,jute
69.82468392311978,45.54886613814685,39.55898997284946,26.89529405053237,85.83369773566014,7.1748634115979915,200.38822703655364,jute
67.9538375622449,43.956357725213294,38.01743499821462,24.507301403482746,76.12088136177293,6.74953011864118,190.01481617773004,jute
100.6944645315816,46.15918051626441,43.19165608729674,24.43645847191301,76.91349705252091,6.614811338715161,195.3411012454899,jute
66.28460486391363,56.932473253078626,44.978679332737926,25.915934250405396,77.50482091552702,6.471225617410759,199.261063356755,jute
72.56915024382677,46.304340835183886,42.55206233509012,23.13938715471004,81.31782870769021,5.8682518856302766,155.37514942446612,jute
79.83620394922809,57.07199050691311,38.3992723968919,23.26626067087017,82.97095353236067,7.008861499607929,151.57826786847298,jute
64.9423279675812,45.862803841837255,42.86580101402076,24.166347864898796,70.21420161709517,6.695958129172484,164.91341930545158,jute
80.51917518388464,47.99725210132156,37.058127948320845,24.027194069945498,72.28354367918006,6.823790198126048,180.70998357074853,jute
92.93189615959285,51.010472269385545,44.935646892837966,23.29238133601378,78.69666741436157,7.38337337757404,170.03696321428313,jute
62.15269251721527,55.78141850004746,43.19552416914735,24.437209609852914,75.82069182012823,7.256486392025951,173.7362236380345,jute
92.00209346303708,48.92045501953563,39.13565955754414,25.950808995247414,71.84855328261477,5.990835978742308,160.60287279433186,jute
68.66151926778286,41.69006189635966,40.98105019241065,24.975137813873346,83.0766142372555,6.5624275416495665,157.19953277624037,jute
79.58518104314356,51.676982870892125,41.28750208756969,25.592972138980006,70.74485727426972,6.582892239993276,161.02669858347733,jute
73.77032513727924,47.774469241293744,47.156064534413304,25.279104560048278,76.45535630882732,6.1209860701895105,152.20888796941915,jute
70.12673262035575,58.828882395892755,37.19102956254502,25.423614792923765,76.30778531737327,6.019018249143671,161.24091789404028,jute
83.37284450341384,51.81445566118451,41.85828458037559,25.153337185539833,88.53912953097498,6.048599548244446,187.29699721623902,jute
89.54090234464867,38.78244692786507,42.14168508877257,25.302902368286723,84.81855678459628,7.271313766970664,169.3113733094456,jute
82.48148920556596,54.02173784534697,36.79281845711071,24.69272378819546,87.46332570544752,6.770031942620869,171.54335582226096,jute
86.93242399607762,42.64980375826598,36.89181944179698,26.97971674105167,81.02468534885254,6.942376295498765,150.10406797406958,jute
90.51206220692784,53.07950700700592,35.14213101876273,24.59470946661478,71.30417583185398,6.80359436773488,204.00654201185577,jute
93.71140283159326,43.83386569170149,41.27094641382739,24.789479895320184,75.06496061174326,6.095009238519292,174.83892683418566,jute
85.94757647788434,58.13327213243106,42.27569740407197,24.05903728640904,86.05691204293385,6.64777997652163,175.8780104419795,jute
72.82529077012859,51.66396611681406,43.74474276265174,25.808006000606806,81.70215901221322,6.982160713826158,150.29575160775488,jute
66.15086641805942,48.841293350015576,44.57253509676097,24.321316783628397,83.62449270709948,7.420812466172965,181.98185292816166,jute
76.2091980958058,43.262863181710344,40.94224909591036,24.520329904297988,74.72962309688471,6.7220223143023885,172.41400506427016,jute
83.16539782890928,55.81793568229582,39.18222030338987,26.41768235493325,84.50230053846339,6.4618397322193095,164.5986496946859,jute
67.00939904821902,37.56266258013817,36.32827198039816,24.935850611058648,75.97108309012977,6.58862593761668,177.15272510543812,jute
74.8031634926424,55.12649604130768,35.9750918659801,25.080263147843393,77.28139081229641,6.202138690368514,157.28045102931995,jute
64.8392296262054,57.817378575012285,36.54626592683967,27.035428977319285,83.15715356826246,6.722617172137739,194.9508952472716,jute
79.995003547591,47.512861774030085,40.79599338178131,25.65597328087602,80.67628462942825,7.271325553255411,180.3821360207783,jute
94.5743112109919,42.06438912770954,37.508577444403784,23.987684995957963,80.62777741079825,7.098685991535667,171.93923242447778,jute
71.50959190786207,35.90529412301493,43.534051081130414,25.100968537035403,85.89478672871937,6.756683856225771,179.63638674880838,jute
68.65494629381546,58.72127438445994,35.271320035891,25.828462681733537,82.4920596295176,6.128170262464692,167.23293064859146,jute
68.4656084421404,41.72186213038324,36.78108027516145,27.22360199757659,76.89018817431679,6.445437012940858,193.54115726822403,jute
90.8119755205424,59.15253522522704,42.33150602588528,24.27211300556575,74.30591370980993,6.570343390263826,165.35356361504944,jute
62.8770215436016,50.50095853288258,43.13999737854804,26.552216011529286,79.58405181319577,6.192639162885097,191.05203159911565,jute
67.4242987581563,43.869274462221355,40.90245334130525,23.211996978472115,81.98937864827887,6.392808925544833,185.22754113769793,jute
60.51512476676277,51.26146959330495,42.36597358399716,23.01827396572815,72.4460957980376,7.080093820553435,194.67864734824042,jute
95.7376402881309,38.324241756880056,39.21173105603705,25.90573723977448,84.91170478736477,7.321069995171063,174.13475714211233,jute
59.73943107687976,36.93675706249646,43.35094498799708,23.916228288375528,87.14335374567167,7.252513535248215,152.80586981291523,jute
77.53305143923129,47.28306005712535,42.50828900353336,23.004680707114055,90.56314451698749,7.054631148820103,164.03223478700028,jute
71.67481662968433,36.89082865880333,43.61288852603606,23.447691540634995,85.20722216378643,7.208634977564749,197.2456805080178,jute
78.09670943493148,60.17302433815791,41.12405143162391,27.64038648024199,73.8147366374002,6.879398342958833,154.53157953476273,jute
88.20467010655076,35.72700721720733,42.86219936476318,25.182506327324226,87.28833053699917,6.202423551818614,193.41061288247283,jute
98.4129222903196,51.150645992293526,34.690506290123416,24.619929701967646,80.8833945197055,6.877081005245004,176.83011405286777,jute
87.77595212703099,47.13902030549241,37.25034352542254,25.972261936152563,81.99540028397058,6.480144691587892,188.8934692978338,jute
85.70289876573791,47.17490526554375,36.35917307066305,22.778470466640243,74.37059711014919,7.456277683694524,184.8956433063276,jute
71.68796767697175,52.84733516422239,40.24768958308972,25.627100238077215,90.49157065567849,6.469362041654771,167.2771634222916,jute
71.66216145111994,46.76291053593641,41.0490691127821,25.451468899499215,86.70554130026223,7.024085400210387,170.47659064028426,jute
98.17312127444004,60.50550919364271,36.73246419923956,24.247457179729473,90.24985306566808,6.526518145082376,174.1873065720446,jute
87.97356004891725,61.27049959730648,40.99853433357197,25.268877260950735,83.81775799066448,7.0363809700393585,150.58898161598506,jute
73.8339482543602,36.27247344455987,39.85695210835827,25.548104764616383,78.63415942264061,6.112601425090871,187.52055370392154,jute
94.87470341585474,44.65327283570091,35.03835472913147,23.755987094548043,78.14596238235555,6.88344894565541,178.59611198448803,jute
81.79811273177997,56.152450965149846,38.222809653629945,24.323868856080214,80.41073285937998,6.847666470805984,190.08893266291156,jute
84.22941113889559,37.70453627586596,41.17246718129694,23.585133979779382,75.13106016587611,6.6779073511962865,151.43386058645703,jute
62.441126550954294,50.41866319620416,40.69142332223621,23.69533150921255,84.29833004170973,6.174068147271163,193.58768991707817,jute
62.01408899221215,56.97127131833056,34.683631640574866,23.265140214327502,74.32399165936593,7.456016480397899,155.20136822580523,jute
90.36620781855665,55.130538448962994,37.278441437560275,23.322249990372644,87.18563664948847,5.861483504650705,182.60935596517763,jute
75.21155735633641,55.120248048103896,41.834102667994,24.07583554531342,83.65267348178132,7.324712674294786,180.8033650342591,jute
78.09998964861968,40.856334366669834,40.11728412495703,26.478843609260352,71.83408815030543,6.710035827611701,177.88748248112475,jute
85.17311178179824,47.1837207704063,37.10728431227024,24.50282770076548,89.12077981865285,6.583901645012125,175.87378915886424,jute
73.55743299177873,50.69798246819539,38.98001230125329,25.556987871569657,87.71044702537604,7.539660448142447,191.74965131042637,jute
90.20729767316412,54.199939501904915,36.59079679173973,24.5214296271137,74.35250565636261,6.693916426406359,156.9183378249712,jute
62.68174609313837,52.213230573714036,41.8249218100213,26.616989865337302,80.08290509260634,7.136227998559259,160.13576712522908,jute
70.84758226770546,40.87628259679058,43.496782991459405,24.87852771711539,82.27172454654443,6.532862749422177,159.7697311136126,jute
99.30353387022313,58.51743848322399,37.75906257101419,24.9143690263731,85.09050561623529,6.347695411721435,179.22993317021587,jute
85.96983964754045,37.398323368473214,43.50533965401876,25.80818194584676,71.51835272971051,6.857314327734043,188.94083353248138,jute
79.32300709952408,54.476174091218205,37.68204945091976,23.463175351861782,85.59674511692553,6.107621736401898,195.02644491629195,jute
81.00118210248885,60.01810443173517,38.41653050230501,25.296653938651982,87.00367414238221,6.427016283756216,189.12557362819533,jute
64.49601440850843,45.834426193918844,40.37528639434327,24.30019757517373,78.07205667203809,7.3721136970138765,165.11580474145603,jute
63.11452534142785,42.80404587513337,35.07098609239454,26.932074848423134,70.8286882960234,6.376036421238609,163.5887804702948,jute
71.47018813514664,41.29140675161674,40.22077492851722,25.301336801779215,87.05752716128181,6.648628667115371,189.9517583243313,jute
83.20513945123864,58.67923435997983,44.04276214349736,24.37026834963387,81.08833777507743,6.132982621912795,163.91872570571437,jute
63.643568849489355,47.19086189994107,39.68528849482775,24.636913728791043,87.23187548241641,7.082758020848993,156.8359293356088,jute
83.38398366777308,57.12997119126171,44.490026642389175,27.605240374155898,82.19004680544545,7.379981864183991,164.8646199907874,jute
81.23666728803457,49.415137353007076,44.54531303315884,25.885547900628644,85.06723876900193,7.149800257044008,195.2872658162007,jute
62.12096693960598,46.503524201816745,40.34265476004508,24.835184299348622,83.00234974206165,7.469799537828942,178.785154038256,jute
73.93071356537885,56.13716738947903,41.07640552086443,26.215086674625617,84.67000448088886,6.358284275631283,162.8243442471219,jute
83.59880281720608,40.145364516992,43.34652353622177,26.242783637371765,83.23254380172726,7.563033681324805,163.84652093595432,jute
71.70659991521225,43.74316576815869,43.787926092007574,24.58775481467062,81.794977096354,6.543692245728675,187.56720507640554,jute
84.50958025835845,59.67825931146354,35.981548786347446,25.51443727329315,84.06337708881756,5.948576576112856,154.76962331244806,jute
79.9718045644715,59.070582748942876,36.8699580010257,24.588819969004376,83.50361797088104,6.188581307660912,151.9038933666579,jute
66.32824744776808,35.99871671952704,43.653966384630905,23.27961761858804,88.99699794826897,5.976822363652836,183.88035267314825,jute
75.15398516011119,38.771351339124166,42.3332926771802,25.193630498264238,78.44464958580379,6.236360594348514,184.09134793149974,jute
79.87134215820637,36.90147802019988,44.650867994371666,23.779748263452756,80.202601761838,7.468502886422187,157.2804227954698,jute
95.22375316002967,37.866881647105764,35.176491090053815,26.1229582937947,88.97462752017393,6.894120516561515,203.05989610325895,jute
70.1472396568264,46.98623408034229,42.8100302542933,24.30895944209372,89.41631447436627,5.943878001664329,177.60287000718995,jute
76.65123486592263,58.34384656676184,42.667494550846534,26.07583606700845,75.59866945283993,6.347213738754576,165.38777502057644,jute
61.88415076595629,36.981144458249986,41.49882793364442,25.246673607758765,74.03892618663181,6.146515044593946,152.88667716303928,jute
67.19281111767238,44.74489928917092,35.424907714505956,24.892685039889443,71.67142863922278,6.5716821150822895,192.68958097798148,jute
84.28916494329766,45.187979686041835,36.243710671323065,24.253692889735348,84.50138125009356,7.263631952074576,200.6017626592429,jute
84.00495451229897,37.945708933480645,40.07885855267106,26.416462216502488,83.60504063080371,6.398462637684509,144.63519165875113,jute
99.34177274412616,39.93436622262115,41.569574853225895,24.16904030215857,80.80058732924726,6.962845852072209,150.3650108333388,jute
65.98667647811246,52.6666644433825,35.87686805371735,24.34764248127812,88.3897418560465,7.391922647824268,185.35427485425654,jute
71.55021645580518,35.56377589445141,36.566592945027416,25.130931476777082,78.21081363823184,7.3739439179269946,181.2876249018232,jute
74.58135727926002,38.219230088298225,38.81173641322582,25.65311038377743,82.05658279994074,6.487654490142842,157.48650331163282,jute
91.05531537068778,38.78620519330084,35.664137362993074,25.479156069807757,83.5253711477255,7.340078952936106,177.460739929346,jute
69.70949913363216,39.553996425566034,36.34757277543281,25.766035023537324,77.54602594538324,6.671924646123747,193.71865928618863,jute
94.54303189942813,36.886606336139366,39.27628427984591,24.350890354180503,85.77837610795152,6.357140673988071,174.9298267580518,jute
75.45305506786352,42.22852456973642,38.44818868364121,25.261934228681636,88.79296586105507,6.775297130920719,192.2469702515122,jute
72.20685954248482,43.167613842619346,40.83113409030019,25.337140024537167,87.13510518798542,7.332372596081867,159.8282568697892,jute
59.96370822325014,42.094381024775416,41.21862338540305,26.947522583165142,80.47606857964016,6.329517511380717,177.17559826831047,jute
58.36884864548571,57.77375061421784,43.53598440829618,24.250739245223453,86.15921456742704,6.506752413149759,190.9453864981174,jute
63.63166130757952,56.33151645614032,44.71203443327609,24.18693787461108,72.87752036621144,6.14351931609671,167.3476631648904,jute
94.5372919933505,47.50750689627972,43.60654637950912,24.11234077632201,73.6776005550603,6.052910847993373,170.2812818741328,jute
77.49093763920355,50.40006381421909,35.551167062910324,23.860007348234475,72.35077255986097,6.311687633129338,203.2764769049559,jute
70.86202629689606,37.330908458644984,37.59432677165341,25.41110317625517,70.3296396580204,6.559340066959126,185.1266645260136,jute
96.47284928299713,49.68237992076246,37.21696991041725,25.470447416566873,78.46321485229117,6.0720138157262324,163.63635193585066,jute
87.24952279506546,57.379938677730834,35.31048083924218,24.04275906103071,78.3146207644804,6.494359342886126,170.50609051625625,jute
86.16143448161876,41.341864937659174,37.27756635346166,24.32988173401101,83.3923020971619,7.5132067158577645,181.33542574669707,jute
78.14502808240455,39.36178724568926,41.20338162449093,24.654777349933372,70.96394473172155,7.29102401814806,183.70895460231029,jute
74.43531005616286,41.76005459747256,43.76884914602201,23.009781565210172,76.30750254665506,5.991051380521311,147.12546469118155,jute
83.81778148787912,46.330191206605555,36.09888921850789,26.675014125166413,83.22504209739218,7.30807490883745,191.0757973649926,jute
91.26818095109938,48.60747771592352,41.559255250259184,24.349587570564797,72.65124110446388,6.411876433463407,188.58500467692735,jute
77.34073522289796,40.2154224094872,43.77540712570134,25.350395506957426,70.90055409761548,6.970448471818936,176.8682459353819,jute
85.49338868662805,57.9846620729152,36.59103957258368,23.51294679394764,82.68580894739623,7.313777140455699,190.37145259278955,jute
70.55326751418447,43.24941265068951,36.893171383795945,24.943094933563913,69.58290516382421,6.679506776572505,188.02932594619512,jute
88.05784104645858,51.892835749307174,42.63656288061904,25.35762411513323,72.76901457494445,7.04698119389127,186.02966284670583,jute
63.70263829890304,56.15128926636546,45.03916315120678,24.243392140738692,87.83420177172165,6.360021429423442,187.1499675823467,jute
99.61986749414847,57.8042748278704,42.005122237451836,26.835271079069223,80.70846312638146,5.852135120520583,151.07399443123435,jute
100.25150315808727,57.2533429624686,38.399067226529645,26.49141290434381,78.59661915265923,6.228771202581503,176.54045694275956,jute
63.35310626866089,46.73152875738348,42.882770032649546,25.267781187924374,71.02105596580355,6.641517412142808,162.33673144209197,jute
96.63987973058414,38.41902316913047,37.84488548176644,24.31443675323419,77.97130413721636,6.904839957704999,202.4376387529039,jute
83.2702166775663,51.670660019436056,42.11287314830667,22.878371017409332,74.96169146430418,7.007321371130671,191.57144408779763,jute
65.04278468695946,47.25362300756526,44.313818968122426,24.395001697060234,84.17149829481575,7.248971995252525,158.45578675453498,jute
64.10018098587935,60.82484461101931,42.85083642069941,23.76047213357601,81.02285103961847,5.836453899720527,165.18536557392804,jute
66.07892424240742,49.06985914062547,40.51169309224345,23.24957653666354,70.75660534427305,6.904457013078145,159.63057227416652,jute
90.36651449640867,58.60336155134023,38.07397807203845,26.038838245715535,86.51561977778864,6.51708167272478,173.17815252983553,jute
95.82155146033405,46.077691944640165,43.552999911144184,23.952126317650915,82.91555388360311,6.2045582385778015,172.26921825511425,jute
85.34241192137671,51.29837471392714,39.39422333638825,25.424191504398923,77.48307817230715,7.155251261494817,167.0139055487608,jute
73.75372510191528,45.393539917360975,42.99230731562902,24.768497152564276,79.22191618212427,7.315113792734523,190.0777267825516,jute
86.68928943160515,46.1831782177635,42.136632393773965,26.032369498416728,78.9066903088459,7.354836536551411,148.40439123765512,jute
80.25149058452732,41.40173232490147,40.36905033211368,25.48220465849205,76.06638476693095,6.695509820766277,192.20831778139532,jute
95.85324088655331,36.06810196475363,35.433823994280196,25.106219709691846,80.7765591185213,7.058175985571728,158.43643376484587,jute
87.63749128055174,40.3835771480895,41.824560708199876,23.022779950695007,86.62198139570798,6.985453564552641,188.08814100841198,jute
63.75794621745694,47.88910746876033,39.80229470654701,25.34179478351243,72.18627575226141,7.017811846430164,166.64769169634704,jute
96.05972256093058,50.63084634563126,43.27498838485595,24.7184676705134,85.0571367494571,6.896309544260843,159.96455280276325,jute
76.17412330680582,57.8469398884874,39.51010377865041,23.442753070505717,81.62562149984434,6.36368890188984,149.81723064474076,jute
88.41002033941544,48.47757657884791,36.32178403145921,22.96348365899667,82.88871056747179,6.323731606633911,157.63601778142188,jute
86.24695858933106,59.42033733166851,42.82602893386237,22.979223114500236,76.35383023940275,6.193518384545476,196.35812633198532,jute
75.78465621196841,52.467072877613134,41.26404086603076,26.23317266167799,83.91866851700932,6.281509647221081,174.73730610006305,jute
75.52633490549549,47.89232906846474,34.062098837524644,26.18951483693338,73.46664387582734,7.233732726572661,169.616515563259,jute
60.743611449605645,44.52396760549422,37.42656149191357,24.058214680537453,79.71422894012257,6.60720550001646,179.86728238778676,jute
91.0843861833973,36.85479854453261,45.28943865583235,24.503066085167724,84.97555262365005,6.513590799248014,193.16593645447844,jute
65.37049017485754,39.95628002415994,37.5278418237109,24.968700642630214,77.00803078037784,6.58525239087182,162.2599753988425,jute
79.80821371926119,41.3101259996286,42.159387803064305,25.964440043696197,74.18800756268085,6.367812452511977,181.40843713249413,jute
71.45750975802237,43.36789189383297,40.69439006728694,22.63795901487818,90.35910137379975,7.126257516108601,158.09431284016156,jute
81.27117554123426,41.823697314816066,38.00546376264458,24.28627617464505,72.59272182117597,6.625663227311569,190.04550843950932,jute
77.70488072475953,53.08375798428969,39.148911899718826,25.257855259489087,79.7364670792623,6.1984751280937145,180.3456769557281,jute
63.37672104464339,51.573437126507045,40.242075710915586,26.11883662127756,73.82280947329967,6.518726925025757,152.31429364754473,jute
85.88391924408303,49.924908124722755,37.94709231186228,24.597825949880843,75.79793191229042,6.362993522862279,157.3321454167672,jute
71.67729057502713,42.458866278613066,36.64942946768677,23.34339696704615,77.23387380295918,6.523847449437385,201.6182427958647,jute
66.83622799614218,43.637004683472526,37.29051285728532,24.884284628552216,67.51791431564288,7.169022680342566,161.23593781657146,jute
75.29421707192182,43.651131585377726,42.53491471059128,22.983788810264222,73.99918910377552,7.100797788582565,196.39857672848413,jute
74.99027036149454,45.019350360305424,39.0663350012431,25.31761154756911,83.83714971752711,6.6131154770980105,178.67280312603867,jute
83.70264866242387,60.23585870588658,36.36993638849953,24.91396634092789,80.13126831301997,6.846472018914448,190.53503863847783,jute
90.63683658580014,42.98525731939797,37.33640950199959,24.44557350472034,71.64360181295548,6.662549864973241,194.6190995357946,jute
76.64703693134842,61.16737182536958,43.14564266983367,22.822268791932398,82.07078373966678,7.324165216310685,188.59814362920574,jute
75.22011960843001,38.92666834547017,39.92700900940994,26.013514367799193,78.02403453229603,7.446092022452908,159.6175109534693,jute
65.82980691850494,37.34414823744197,40.214977605485224,26.439795214251653,73.03204973328465,7.357353819385904,157.7988384174348,jute
70.36701359034028,40.21516951204422,40.51615676871771,24.219917596396186,78.70032471916775,6.720578067207241,190.06021140842597,jute
30.23272899646623,65.29222680219146,23.655371466259727,22.455944176359743,18.244273785851473,5.733589570639309,111.1361913786392,kidneybeans
23.3665127025421,71.63137131480373,23.57550587220592,23.196621048322736,23.136533700524918,5.543233419836278,73.47087578039331,kidneybeans
1.360283826181334,71.09726268346411,16.839828009064863,21.130433284133293,22.149997417926482,6.16044031676424,131.6268369278091,kidneybeans
32.08522707481379,60.46514044292161,24.34262038872962,20.909434892200938,21.488414151736958,5.369193041517514,82.57730755607805,kidneybeans
34.0443380648215,73.14445707809949,18.501476684713886,23.814114071731986,21.808128710670157,5.542114692191887,67.5608039952682,kidneybeans
1.3104791826868396,68.9751659834777,22.922907312960213,18.237228698694803,24.100310413281406,5.426300143712361,70.55148831058388,kidneybeans
32.60845714255701,63.803051314188394,22.10441484672196,15.644029760314087,22.678321665266296,5.930104964561721,144.1016605879142,kidneybeans
3.20451073398082,70.77643489637228,24.264228359592323,23.335400252377475,20.638964552311773,6.016545495881428,102.79294288784658,kidneybeans
24.833845893167524,72.80287667334514,24.18986780643469,23.513107930103093,19.21749292048945,5.717244122211577,69.85705846508634,kidneybeans
8.742225652392902,70.67211449239213,18.330994465271434,25.756480327412188,21.04763993236191,5.649975936490805,63.8262012075503,kidneybeans
20.278456774539155,71.46159865648586,19.4986758299273,16.42589345285913,19.976239772910343,5.690782669890626,69.46658055544663,kidneybeans
33.47155228749385,73.23941436198969,22.716839419432134,23.07437081479466,19.14055254181004,5.970113628174444,90.8456356533002,kidneybeans
18.72127914646187,65.53730420404949,22.61036318968364,18.162394271325883,20.290527543213035,5.934131350897057,124.99324898448234,kidneybeans
20.616860965612208,67.98567327084287,24.18986634315583,17.11082930107827,18.1476644220652,5.809204979489361,92.34635915485268,kidneybeans
19.082273911984696,65.23972896086762,23.262453319574718,16.503293469170835,24.191263187443987,5.834478254926732,89.43364991449417,kidneybeans
33.1796677066003,70.41983344465,18.09939459614411,23.108058181079933,23.328137000146732,5.990521729772436,136.67559585156803,kidneybeans
23.52189384861122,77.38164176170251,17.650576767391367,21.483741551632715,23.089951185816915,5.764627543492132,118.99251731641424,kidneybeans
15.89566454448603,69.77754477789917,24.24552685633155,25.370117482250603,24.109833909041058,5.79916922280847,70.12265177070232,kidneybeans
15.512213086593563,76.69454430531349,16.97001314958057,20.601343934072695,21.42217687429604,5.837088013400834,111.01070461452439,kidneybeans
1.4542120025976173,61.80496163717692,21.714285776613945,17.237933303192683,23.230243404068247,5.622809084372165,104.10588277820287,kidneybeans
13.363814909491895,63.828054977947595,17.831734570787987,21.926736579475808,22.791339021729645,5.4999655789503,94.80953038233848,kidneybeans
38.823009635769296,76.73733092205349,25.615721539017756,24.687747304379258,22.34826298102479,5.931304446650835,67.8306081694864,kidneybeans
16.11573730738751,72.4518273128158,23.63728268946003,22.77135762329151,23.84647864497871,5.650323750571821,147.02570974942796,kidneybeans
21.597395226632184,59.89095315935819,21.114382637500317,17.794107669673252,22.96689421322384,5.482234401417836,113.35575028419639,kidneybeans
15.619176700477928,55.69109513097358,18.227584748731978,24.489697037585703,21.093076266300915,5.984269510326116,85.54670961394307,kidneybeans
31.328605770485144,68.10129543767144,19.17526592962979,23.033448930598446,18.18341855594158,5.437375071260191,97.90426392669276,kidneybeans
4.295653157529087,61.87856204585027,22.191676468045095,21.24557152097752,21.21475967504044,6.00311683200518,111.41710324215369,kidneybeans
2.2162158974956,78.04131633401548,18.14412968717882,16.63914460374562,17.88541463718211,5.884899976266763,123.48662388695575,kidneybeans
12.913843906774693,81.30380010779132,16.463608611784576,23.048569470970843,22.296490177474233,5.902014417010228,63.18153674881146,kidneybeans
37.36306058751869,56.37079964772846,16.039322591464696,22.877886112591145,22.79817284427938,5.864488650603781,132.86286359644376,kidneybeans
14.692461559679513,54.25021671397851,24.023474164123197,23.271682322511055,18.665442441268755,5.659681091752183,114.5017589175062,kidneybeans
29.05237967071623,72.11723860452955,18.00836655503527,24.727410528515183,22.621763106640557,5.931095351205941,100.10838308942773,kidneybeans
21.58366593013512,58.637370794659,19.331893361612277,19.790828294277635,23.940135119954036,5.69266274524029,98.88808317719443,kidneybeans
7.329366392406942,67.24987695743062,15.215325953002047,18.003746858160742,22.476963752070166,5.789125953741452,73.2261843434791,kidneybeans
22.12251611372651,75.58984905216077,23.35723065652462,21.443130505859592,21.430875816814897,5.54555598860198,117.90219678396303,kidneybeans
13.397919961824662,59.394348394502465,17.77502463122474,23.86056026029246,19.01303570769743,5.666205661996388,103.14825680688,kidneybeans
7.803456833332795,67.51059354612356,22.633128432486586,23.97283963176351,23.946454098562413,5.715414136778826,134.74448462444693,kidneybeans
5.992247215154734,63.0818098552553,15.272572356989,22.034812403005255,19.52853655141654,5.610626559407471,125.23014026125415,kidneybeans
34.24157630692598,59.94800074303903,18.894761342104346,21.746816619247372,24.53977682488762,5.86837565517559,131.1997295898918,kidneybeans
20.34164197014762,56.29254977228607,20.6275751757615,17.607221763315923,23.811243041163067,5.546085553442213,101.28076295190068,kidneybeans
12.697392020341901,71.30470861487927,18.641289508619927,19.363261210217523,21.920901354837078,6.0128946590481265,78.88032972331153,kidneybeans
26.183166696698834,69.75727125575041,16.304201700999446,21.20872965501257,20.99388457740685,5.85156307500285,129.38967447542316,kidneybeans
27.28573542158494,74.00197515259288,16.807673153764927,18.44313202025135,18.56879499366745,5.816516474025235,85.81690620488357,kidneybeans
18.947658575058224,60.478798613665234,15.822538987394331,19.092424629479055,20.28271101710361,5.829553341202636,127.67036711488743,kidneybeans
23.166132519955976,58.19810007741578,19.87378957213395,19.02098813286719,21.46664709669507,5.6961070558851645,104.5251846994942,kidneybeans
25.235565538054285,65.25926749353421,23.598379743534966,15.154463704532658,18.618578654809227,6.15214459762418,146.73577437200368,kidneybeans
20.24966106089983,67.51722461285456,14.679327929778374,20.979313797527528,19.117416979533893,5.833492523379548,85.18092456088331,kidneybeans
14.452632079487497,71.40919669683127,20.50960744237548,15.602671230040265,22.341610049172814,5.796873716566382,150.1631658992943,kidneybeans
15.440767433644174,61.99767740704959,18.62800767907489,19.31286451053566,20.861591751604422,6.0012472457208865,83.77334437191351,kidneybeans
1.099782189006242,62.15703460949759,20.83940789241127,15.3428423412153,20.8865710786409,5.833624838933636,130.984650443382,kidneybeans
26.98607972392148,63.47214788174753,18.56370471559546,18.294936764053453,23.41749644091454,5.868958947139725,79.24997064494853,kidneybeans
30.916367784944192,61.699993625314676,21.565752845832677,21.029450225177076,23.776792267288,5.606186994571414,64.55662345478615,kidneybeans
3.8100336852878627,72.51267881909672,23.559783636814437,17.725380301157532,22.580685360431456,5.617858613378814,95.4127493077893,kidneybeans
37.81463687349932,67.722687280605,19.526823150739087,18.719017868069436,22.73383871230178,5.7573497368392905,141.3069622175127,kidneybeans
17.11236205925114,57.287220571660626,18.407582981647117,20.185722805220042,18.428074119347755,5.754113849944351,144.62208572732726,kidneybeans
29.63072222804133,69.96102296825114,20.83154651778931,17.951338184245795,22.965539885072065,5.618467680428218,90.2182130925578,kidneybeans
2.0287377141902345,66.34208964843462,16.892223867487065,14.92680874062689,18.651558883964952,5.8036478116294115,76.1302333151865,kidneybeans
25.73339495213576,76.96151845001988,17.730950434992916,23.78001973953957,24.13552881445694,5.62355377635514,63.35273700771111,kidneybeans
6.561719469579187,76.44967031812166,22.427749000202155,19.037324131762098,22.751275227479606,5.316726434803181,102.9454424727661,kidneybeans
29.211969564424276,61.746853128203234,22.364491710011524,17.004028488425668,20.258239128904755,5.8288963744359545,122.84834890119441,kidneybeans
23.386414932154807,62.398831508027826,16.95866666872103,18.738193761630306,19.96683785004511,5.860038086078817,105.55595738128468,kidneybeans
32.444384136624464,82.20040495444661,21.504489580225503,22.091246672259988,18.141092691669762,5.975467040821941,149.01618910215635,kidneybeans
23.499438654942455,71.6027596244505,23.818618574955135,22.781435779348953,18.95933166443687,5.615914052635326,145.52253450010247,kidneybeans
33.189816547812875,73.59630578875321,18.40733969765863,21.61883892256703,20.89092299726965,5.687568168913838,94.32255164051567,kidneybeans
5.9607623636931155,76.40717539961432,17.54251010532925,21.208101557333016,18.98762397297066,5.909363390002104,102.62877929034299,kidneybeans
37.74128901560302,80.582899779586,16.50864023853725,19.470888982497147,20.398099413870547,5.572540552660196,69.55731552933985,kidneybeans
2.581746961559161,68.28340452815866,24.48048134112177,18.290188365746648,21.92722605326533,5.669264580205309,71.43685212099497,kidneybeans
5.733852493676292,76.59061251236075,15.9962736011433,18.060343583298316,19.717503972633537,5.855780363089186,70.87689129917895,kidneybeans
24.082752093993353,74.0173572618876,19.135199714860047,18.93619878136069,19.38453513523072,5.5591878452067816,91.22651934239036,kidneybeans
35.46905678076199,76.22977534195313,21.30037646238497,23.096803450190276,21.621099432282346,5.8900767138903545,146.17442971706973,kidneybeans
9.77244296912723,65.22943883058856,15.593757564039143,17.35732239843023,21.150468782018034,6.1367916462069685,93.43411383516491,kidneybeans
28.269743200083468,75.23638119693585,23.522992097147444,18.103893246448806,19.636000216567098,5.662530413451294,143.38694169997115,kidneybeans
8.215952384699209,70.09902409747929,23.48934875234456,20.199366166868888,18.872736450119074,5.726372061921788,111.65926105353631,kidneybeans
25.82789698617116,72.21800681925325,22.581077292478977,18.269496610115283,21.559027710544292,6.0558408728188065,86.08209514742028,kidneybeans
19.34449389814246,77.30870514785144,20.356534272274086,21.664840132240656,25.12719902607388,5.459129372419,123.07691850868538,kidneybeans
5.181678219997928,69.19262264395347,15.300302435149746,23.318785101551978,23.472126414939254,6.027219422480667,63.10697171958902,kidneybeans
4.136590387437088,67.13751986142691,21.57119985685424,20.26531434236382,22.913218670818864,5.8566321188704356,125.15376791038973,kidneybeans
16.085519455785047,81.70060649675504,17.660801196292347,17.770761689514455,18.6608917365074,6.178199209187249,102.08054978815291,kidneybeans
29.974735670227023,59.992718128145455,16.158306186131785,16.25016486291234,20.840890777392538,5.598385018467478,113.88593419855162,kidneybeans
12.851403985345287,70.27965755961505,24.174293542113613,22.34202938260108,21.289450205573345,5.93795390595467,87.58721083867556,kidneybeans
26.831539534149815,73.76112118301901,22.272975774303422,19.539092950542557,18.244014218074074,5.59002737542188,87.76179606595788,kidneybeans
27.97116964057934,58.478560041140156,18.518311381761514,18.102891965721152,19.749863882471494,5.851204924157006,125.12384901329634,kidneybeans
12.845489927941216,77.8277213255854,17.889830533835852,19.398607770006187,20.905816780731424,5.2750323710891935,79.0890764228048,kidneybeans
13.197579101651446,67.00073373787248,15.447892563295914,15.819744919926178,19.798072944635674,5.624146925640656,94.99324595303221,kidneybeans
27.342853573360095,65.52602880613085,18.381594882222178,16.069781240527902,19.521406195526055,5.495952211645953,151.20486368394705,kidneybeans
40.723281147149045,74.95022004974416,22.72382182318799,18.394721182925263,17.782483606867395,5.8558411970117055,146.12274058309623,kidneybeans
31.412207285265808,64.50756755406601,24.402331056063744,19.811439790126716,21.330715497138694,5.996902130637627,70.78963669848801,kidneybeans
10.507102539877978,74.40902260236021,18.959953519944168,17.04366105692724,21.18543832803926,5.473470698905636,82.6206088353,kidneybeans
30.975823933826696,58.809195349841055,20.481900040599946,17.471074774708157,21.641115329614212,5.752743508296169,130.76052766475007,kidneybeans
38.530090377295195,77.52158927079968,21.072121475375866,15.171581578831711,21.297185316834483,5.991250140629531,140.54856066241516,kidneybeans
35.4857160994386,56.37101682404351,16.65183092899532,16.080633460024945,24.530669287631973,5.743052706523601,65.03037823713126,kidneybeans
3.272123359378725,55.050090770240466,20.559674382379683,21.789461364656614,18.258863555713553,5.505872058175758,132.33130099888896,kidneybeans
4.817146080544577,72.68916438734553,17.993406317728414,21.859926729561224,19.53324591020958,5.593360430714263,136.46408845933422,kidneybeans
30.032296330564993,57.20130168265724,16.03584005862729,17.469986084026136,25.72178220417519,6.069593155893737,62.653747937389,kidneybeans
32.478632736010965,67.04387044800035,21.998274964741302,17.770061142378946,21.104359671203756,5.94049175717979,139.93643082267735,kidneybeans
26.185718171161692,73.09356592569593,19.84936641153839,17.16689638032964,23.543917266244378,5.564992674736141,75.65264174334696,kidneybeans
20.393103755754826,64.0739186340763,18.373567824185635,21.48405490169779,19.451156354133442,5.9517635655465115,112.62651853628145,kidneybeans
31.684049759507833,68.44646791481655,15.426454738778736,22.02189102603127,18.44473596412621,6.034467098553221,63.342986325382896,kidneybeans
18.71760568999863,63.19665835148663,20.69690021508266,16.58668496213747,20.958407006781016,5.604147421193781,134.61191162335953,kidneybeans
8.05698667905584,74.52544810681535,22.21752572371555,17.3206489851758,22.408768211074747,5.866411042053352,144.8636750325837,kidneybeans
0.9722140256065804,63.86661038177395,19.689855478797313,16.559046639591553,17.999534601938635,5.569286973248289,119.95429939832617,kidneybeans
12.912353012983774,73.07966557484639,15.889600626624038,23.52701119391261,23.891772017255313,5.857777997501845,88.53507802665617,kidneybeans
37.490097890449604,76.65900023851144,24.740606342425895,19.63512888717746,24.082716017035786,5.880401168461631,88.55298884592722,kidneybeans
10.204624306214622,75.67429852658601,16.416217082049194,23.091858740200422,23.4397325238529,5.808261266614603,81.17758784060749,kidneybeans
33.69209769673928,73.52181740877303,22.703536694231996,17.858927127778955,24.75409841748873,6.212990070823958,102.71837570058291,kidneybeans
31.82204472895978,60.04637907972889,16.577223246320916,20.744077141795437,20.57834345615207,5.623566408367968,92.5310681164417,kidneybeans
26.30488583964916,75.09725813145593,20.599179972478332,22.31808479552119,24.324834977750704,5.850323634941868,141.03925835413614,kidneybeans
26.640375697457575,74.29398514083516,17.585369000461352,19.233431148183005,22.682006407163534,5.525534681847275,63.310448452313544,kidneybeans
36.11653778963654,73.50159902010313,23.761895000483506,15.343945254425712,23.449835279682702,5.727697571325611,132.1712658751385,kidneybeans
25.330812411850104,65.0348829884254,16.631108498783874,22.039194510079888,21.91825357300316,5.911995697288815,112.28382313872376,kidneybeans
25.384253298452496,65.86810535630894,17.528598870254278,17.784439017556593,19.560150588684834,5.767862292183057,137.0513032846856,kidneybeans
3.088626314386331,56.74209468743962,20.863235591314,18.586559640938805,21.09252338181571,5.7512081772368795,79.60892112364402,kidneybeans
6.854323330480735,77.63624585792158,23.718333335207852,24.543857871896044,21.247791185362626,5.830711836263359,94.50063110494212,kidneybeans
38.904169697069634,64.63456284103714,17.289705003272523,20.867204704340313,23.103088271479876,5.621600224421508,115.56052064910834,kidneybeans
27.888937586423815,76.23032489497278,21.098025844678705,14.826275437561428,20.662180824099327,5.857245744008432,116.67965567931134,kidneybeans
28.20848788306444,63.98624858603678,20.604085613393796,19.68523579937464,23.170156738595015,6.0040800834855155,143.98556007501907,kidneybeans
9.10329627373434,70.1447070957839,22.609569186531463,21.30013924100017,21.326889347130805,5.979082501730895,97.8900247689437,kidneybeans
33.183906007888396,77.00958502719601,18.95947728032866,23.18644872597718,21.59680072664359,5.579000170063701,122.33047082039687,kidneybeans
8.916894718740293,77.88516716853444,17.209598761540928,24.405264787085365,23.47266570111574,6.091020414693467,111.00065939924542,kidneybeans
22.422032656948772,63.65754624940065,17.258322616494016,22.951678920653766,24.988391923444176,5.499795181911584,72.46130753854587,kidneybeans
4.237737715652265,71.21847362999699,23.117753094204158,20.95112704746492,25.1542738666134,5.726545868816463,120.40352057811972,kidneybeans
39.4243451435129,69.2309233959516,18.856367356700776,15.844478108926651,21.2322462311363,5.830754340849903,133.89826425586813,kidneybeans
22.9746538215049,58.098390636282495,16.523118087024187,20.353006778166655,22.565396521316856,5.736557913961854,80.20366798927074,kidneybeans
30.958087295395107,79.64493388200478,20.131731037743123,17.534913280523707,22.244915735147792,5.993622998127053,68.02575436283173,kidneybeans
0.677615884814239,57.153641064901755,15.938510724381613,22.118621320421113,21.167677134014003,5.764186900927051,132.03389950284438,kidneybeans
23.929086782435856,62.70827703341189,19.48126442959638,17.094624179042988,18.058718475811634,5.8339190631461095,94.2911923439589,kidneybeans
19.155928895898757,64.52185519236843,18.30110401747755,18.763381803106327,23.203490495314565,5.4977180549538796,131.6656714875709,kidneybeans
13.258956753814875,76.04505838796386,18.775482906634785,18.08703342936237,24.501270550942703,5.545930356694132,144.16903597388026,kidneybeans
29.13930082939445,75.96480924197937,16.75499376392009,19.16016692738618,20.968239116940293,5.5046838118398815,101.5706387867784,kidneybeans
29.091449636236412,74.02096820330189,15.86156657557577,20.602928224737532,23.420593250828645,5.543273428955775,62.03452845284974,kidneybeans
30.47629778353047,72.43102667911984,24.359899246750267,22.805750682794745,18.870849167723332,5.720527534402861,83.87378936808547,kidneybeans
36.075292312433504,73.25499936516574,18.59133888245678,15.570512991086405,22.661589789868657,5.992040364733246,118.52353907124572,kidneybeans
39.32486024169375,69.54899598582071,22.304027357374807,18.298805136654693,18.43372263903284,5.554458439303795,116.66505623885713,kidneybeans
25.180809164087812,57.65797646377042,21.024223217049894,20.919765789113264,25.06915266757257,5.798419955372282,74.50126956140139,kidneybeans
8.882860571504565,64.2559338952377,15.829048108630934,15.323385279608932,18.85843087097655,5.674692026420403,96.75754982639228,kidneybeans
37.16708251842663,58.38605319153084,16.65468043271438,17.73148009347009,19.151836063024206,5.656835809124236,112.5737403463276,kidneybeans
16.75705464041779,65.74684898890894,22.34970614488726,15.607244621690086,25.54805983833111,5.727339571190308,88.57822853833699,kidneybeans
7.773708816045683,56.89674938924289,20.922748456312224,22.577975562285552,25.60048367749826,5.739734284247104,78.79137514282671,kidneybeans
20.930571036289308,72.35525452163083,17.686379502022096,19.13666022524114,25.0299883997391,5.739929600842443,108.1981954867603,kidneybeans
3.1732067743315526,74.18181796315515,19.380514904899165,23.210671919938196,22.41512103160756,5.683582713970707,87.88998149557149,kidneybeans
24.775637371134128,75.30719429394402,15.913775991971324,16.991707567227465,23.9694231476289,5.577147764557354,63.52177487496492,kidneybeans
3.3971914554554314,76.69054526283881,14.861994624195328,22.739594732001155,17.65377898148801,5.940163830301459,141.63088312106808,kidneybeans
14.491765705219526,62.35709997280558,19.342849386392675,20.65735539425957,19.037688896316375,5.801500779133672,137.62580467821962,kidneybeans
38.853454177573,62.94330434137515,24.183085999225987,16.953084931805005,23.371825991443455,5.932957702043127,66.6142353743381,kidneybeans
29.44292619909113,56.491229110492576,16.950348472024103,19.411864295822365,24.99198381703794,5.800908822341141,114.95595028549253,kidneybeans
26.29436352404116,63.07707169716994,21.779415502465206,19.983919667537442,20.884307878620092,5.600246101789801,147.9826541282367,kidneybeans
32.77920560392975,73.8833457984206,17.5923898015175,18.869092632551006,22.924055503718765,5.267735901336733,133.1805237716716,kidneybeans
7.915055313280698,68.54654138590499,20.837018345750064,16.353647564934196,19.521063846692098,5.328831641457244,67.13175475971158,kidneybeans
27.03014136347665,75.86913005206993,20.868432188944393,17.943073701175543,21.274774852204757,5.594390711060031,144.4354400044495,kidneybeans
34.763275157070325,71.18647368307059,19.073243393323683,21.341836084911073,23.859929191160084,5.802582688953819,103.22514899403008,kidneybeans
37.25472648226612,76.96398797843962,17.190753305320214,22.967230822213725,18.76076771577185,5.910867081764759,71.15737483749191,kidneybeans
38.87099346067358,69.75198068520152,22.13862886340501,20.641639924236063,23.692237794160253,5.787254074423828,113.93223559711328,kidneybeans
39.345509642081325,55.1770046709116,18.68427170137979,19.35708657327853,18.191710904450343,6.0154551725263845,85.61837803773585,kidneybeans
3.1975446058691497,60.04578050080528,15.304049974748574,20.22345235493586,20.299303691557977,5.889658719033151,87.77138630028583,kidneybeans
34.32074723900632,72.04595313751437,22.13494477212197,15.361991624398762,18.635202265277293,5.710342095246658,81.6956335033743,kidneybeans
28.616595853314628,63.68895585080607,22.76441326540883,17.19868487609175,22.678026329590207,5.807109469161532,144.28740600423598,kidneybeans
16.815386099555838,78.64401735317495,17.117910987852078,23.314555354410018,23.587175700636465,6.0155338912542025,147.3462251400226,kidneybeans
3.0401173662647665,72.12017414614729,16.957389555179983,23.945615102362158,18.369762953003747,5.972522556513037,67.48274126088054,kidneybeans
1.8148215600209237,64.59772150653265,21.189570446942266,24.431135193273278,23.985410307860942,6.042195703240356,64.2542576921459,kidneybeans
17.75221652965269,68.74396300620133,18.62110156285734,23.214247694018333,22.096120399793676,6.1473209856407856,82.94526764512075,kidneybeans
7.392903339841592,64.64740813887634,23.401447823429052,18.189798705752228,19.05998499004257,6.058839148836538,88.28844589664136,kidneybeans
39.66219530863343,57.82957218772083,22.7952492316955,18.313621548728324,22.253682958642475,5.738913706829754,96.17704923693347,kidneybeans
28.050399934622433,64.38649398918996,23.357866932146724,20.500952396170504,19.13549712482489,5.918568601427616,78.46569205044801,kidneybeans
3.018809473707483,63.574072096535545,23.184579877114825,20.25199200073214,24.447119831597906,5.842959826686162,142.513418968019,kidneybeans
24.34499872013548,71.26281621421742,16.293021149634036,23.08388019545287,20.11233598813339,6.00192499957138,104.74879837046431,kidneybeans
37.26790837881168,67.5553031263354,21.681878665765247,15.895198865311183,22.446841704502702,5.730146138452418,75.8397562469711,kidneybeans
19.246353285233557,55.806570244468325,15.759937281443827,14.99998011542739,22.23887772484775,5.788621215703931,81.22067817843315,kidneybeans
27.89256520217406,60.31777154897928,23.091850250236853,22.181548594801146,20.98508113861207,5.594455639371178,74.33494874653391,kidneybeans
0.8191867815883567,63.64266629190364,22.846258609881204,19.421140784001256,24.14814997273903,6.059686320688058,113.59989080639936,kidneybeans
35.330538457731556,70.56979217913619,17.33967833926532,24.915632659192333,23.986209790563514,5.614878511863054,135.83241042572612,kidneybeans
26.387092273189584,57.403393561187464,15.877561301623535,18.77398109283601,21.166320985182818,5.539305230740073,82.57852320745256,kidneybeans
12.60598411464808,77.83504967525334,19.23065650711752,21.452251322355774,21.660135121219437,5.595980322523837,142.3154620080634,kidneybeans
13.743557577023203,69.8396441914782,15.2178070951348,24.348083501675095,19.629945971894042,5.552045173061844,123.29598271923133,kidneybeans
2.814828826107926,54.92561989989139,21.8417799967088,21.75426483053844,22.626758905588495,5.556880769319434,147.1655326507442,kidneybeans
20.630942602096724,61.04728958812991,24.066268002610396,25.442824305999984,19.928081798127426,6.000288863834565,137.85941386448937,kidneybeans
8.850280490117436,66.43365117900878,23.1019446789716,25.289206031813972,23.46421176210596,5.367002043430912,69.57592472482553,kidneybeans
12.906897634939952,67.72016778474753,20.999496633610708,19.986835816589153,23.74599964397694,5.817753531927401,102.62055611752807,kidneybeans
23.047620647782395,62.70387397002621,15.742329342972448,20.62702209496675,19.196202621191627,5.852666816874085,128.22916975736476,kidneybeans
36.30878883375865,61.92495329504496,23.4669401889715,15.245937658827831,18.917600090084523,5.97186549894542,78.83755951107985,kidneybeans
36.09212531964262,63.657534832507665,17.739565034461457,22.426515182221003,19.59584219477564,5.916963866914814,106.97370030048248,kidneybeans
20.99028950040245,77.10605911458839,17.04121589656614,16.24154585302323,18.419633246610147,5.639663217746199,144.0065671645001,kidneybeans
38.63607032469109,65.0949352922166,16.314119300678083,21.554434098280538,24.718566180233175,5.848254306449532,133.91697433298398,kidneybeans
33.07719423403689,66.79910903864823,16.274271306311594,21.047242669690274,23.490257013320882,5.545344321902564,136.48326867359557,kidneybeans
36.40803018603838,67.42867980688565,16.77812856778834,22.360060999689832,20.051849708689257,5.678975241629226,81.68278181933636,kidneybeans
5.41022623766418,70.86098272644915,21.602150537200277,21.30456033253981,21.506184469958715,5.601812957377488,103.96376115330091,kidneybeans
9.090999757826362,74.4451981740386,20.15503235557123,23.91609151790286,22.30840768197196,6.130098236733007,141.80287942704754,kidneybeans
7.427511547001893,65.35459349291321,21.89153465328156,17.064185696556617,20.70752889338907,5.890669940316128,116.81204688201545,kidneybeans
0.8942595712636597,57.72423223609235,23.048370670888747,19.61501505006446,18.44852119421936,5.690619131099532,84.32454689756324,kidneybeans
22.65401294838758,67.00360922001286,19.65432466547924,21.675629951981122,21.973217209328162,5.445972484087498,134.2660692728584,kidneybeans
32.47473016420564,79.42432749846321,20.92184988325673,18.184438086704365,18.51922126060522,5.526806382196613,107.73198825103371,kidneybeans
24.012223490527667,82.35476705710975,19.443033416358634,20.698963500375758,20.25381891498392,5.91246077800414,133.11218575446736,kidneybeans
1.9476615454515434,57.089722981086396,23.08792809906653,24.123429779341798,19.51139178545913,5.618639333746893,119.71724647130537,kidneybeans
38.13457073529319,66.30149753527841,20.451574430307463,23.45684950370722,23.11937361157898,5.8215002467090935,99.16245935222231,kidneybeans
39.33758755365332,75.71390370002229,23.025313459554,16.199163996734093,19.383546079084642,5.6071036887626855,120.37138770290768,kidneybeans
16.258667524056417,63.77913515126674,21.562997100337853,18.05495784635756,18.401398013858774,5.544538213877449,80.20977589924432,kidneybeans
25.996892633495328,77.4295930509034,18.854705477048316,16.353428565007565,20.23955726766192,5.666437125412861,119.61910472619383,kidneybeans
13.276551741188502,78.48547271854625,15.150856275588758,16.584651198768036,21.300332296705374,6.010758906457163,117.4779954822836,kidneybeans
2.416333595824395,57.64020371014158,18.789044899639293,16.37831842164078,20.989116281065336,5.608422335328095,130.15685252522798,kidneybeans
5.571226829306645,77.45323379656556,20.286298755159287,15.009824046900762,24.09638960592575,5.928582712793043,92.60796492878883,kidneybeans
34.093677162883345,62.634364892855416,18.80369509174597,17.932014845765732,22.462117979875245,5.5841705983216565,103.05574088472646,kidneybeans
1.3529146300139285,67.61613884367007,18.381943533425662,21.256287941592007,62.584785403609374,7.558203456342364,35.135235304629624,lentil
32.438725370221775,60.50654536555586,23.229211504014806,21.675319480599754,68.64596144113129,6.7546309681398276,38.678027276434136,lentil
38.76048048235825,67.92191299737566,15.693930782334734,26.33636308759641,64.73996416486841,6.139060074570157,43.146354639025475,lentil
34.231702698548396,77.42786936991797,24.516825808782958,21.705106698904743,70.38488050938363,7.2199183528394215,38.454498387894255,lentil
25.993228010689162,59.26972514401623,24.91530915841925,25.435522607573766,61.16707691183162,6.09319021275993,48.386125280768816,lentil
2.017039583458088,80.1730304252407,16.483813915711682,26.563573728015182,66.7237214940182,6.0949471870893746,38.0852360915912,lentil
15.736449702313138,64.9847534824815,20.095027060068066,25.385480172269276,65.345632499137,7.520832544867139,41.73097662255461,lentil
37.91657397561683,68.0811799405991,17.3921057756541,21.550544055610548,69.67294591634536,6.827552219676274,49.639458959547696,lentil
6.76962177123559,62.53485607711465,21.128919350077503,25.032032543845595,65.87118922892428,7.4571349782563585,44.69517475475941,lentil
4.625265252095361,62.855216045283015,21.51098044920927,19.225063701006984,66.41276905836182,7.468879456988127,54.456684449418994,lentil
17.963864055021922,64.94173109697927,17.975088058242505,24.705689749669546,65.0620560328023,6.8532368718557475,36.99977488231102,lentil
0.7908805453895789,55.488013034008205,20.07163155933384,19.02125012128136,66.4426779893381,7.641294640667053,46.83558469758475,lentil
17.53420320566571,79.62129505457459,24.506300682274063,24.1360677845504,66.19112940155968,6.227530969079654,37.60243334304814,lentil
10.46609199186232,76.80968916280283,22.969409090704858,22.78200691001279,59.65341649062187,6.8155283446384685,37.933383604215265,lentil
3.098058192637158,69.6342081404271,22.915773388052568,29.3742646754352,67.46084188603332,6.128935299153463,37.01269987176974,lentil
30.34909160070503,61.50326742492197,25.4291607576044,21.976433652160686,68.61770735807403,6.301292754749866,37.32880688600369,lentil
17.78834314876116,76.31412315816164,18.733922833303684,23.22732758048235,67.17001930315259,7.51591269265088,49.19610448053805,lentil
4.046736354629382,58.76220938652138,20.60719188231768,25.44919413319126,63.2650666364203,6.871621801746946,37.63812511198409,lentil
38.90138372892916,72.69522398467926,20.680700088929797,22.494963337845736,66.21301242268132,7.065505634371732,48.716040582862405,lentil
27.094583713492497,77.23023850307617,24.6647897947186,18.628959418065406,63.91961541138115,5.953872076194734,46.71622075554981,lentil
1.0180849537794419,75.41425015532529,15.554233727278216,27.158446272366447,62.1151427962334,6.333610803765934,50.75005309915718,lentil
25.785641055707508,64.50290782055214,16.65029156916911,18.99673516391195,68.23685432656133,7.190023927775936,44.305735279213636,lentil
27.7929691419665,65.67255945368063,22.33798462159486,20.88647897442764,66.06817822414304,6.30820322681717,35.69661408743093,lentil
26.38698173074645,59.2766362529298,17.28384096469133,24.482414241559713,68.49133026190435,6.3291724187319645,46.09242741317016,lentil
16.782437149052885,65.57806958499181,20.473571768779095,26.9443843845717,68.1395925598924,6.549160766714337,49.59496013963876,lentil
25.224252482714277,66.37359360914202,15.066470955487612,18.748604784417275,60.52885790933933,6.062565316061063,55.334494753315,lentil
36.62233893062862,73.62562991175987,16.92780861570838,22.640507549007808,64.11483502193055,6.6232973043574255,51.606222818899795,lentil
6.837672537115162,56.38159453855659,19.287744902693156,20.603354200807896,63.90575992133287,6.514043947055231,37.28981992741385,lentil
11.021725978503072,74.57968862403881,23.69369412926514,21.08039663624649,69.87968699420831,6.007859272424168,39.280389903483346,lentil
8.795608034749423,67.84772678328997,21.769633601252558,23.88929372913156,64.61996798834461,6.83023222482135,45.009609468245294,lentil
2.188151064630771,63.495333441090814,16.20104807577979,19.57095053019423,67.31987264766497,6.785091072233568,52.94412836802567,lentil
15.361440808670471,69.55554979503519,23.69719706303593,21.557441915332603,64.20954782819031,6.710065696818928,36.45610058193576,lentil
36.650251084725795,64.78691682579357,23.91730851879638,21.04295370049835,65.04917205042186,7.327192420350663,53.55278252705033,lentil
8.569781340062226,73.56916320631578,22.051885863484806,17.74677748607601,63.412688430951036,6.8280820582957285,43.84619665555544,lentil
27.343146008476968,58.68197975801373,16.830270597838425,20.39103118152029,61.84968765688836,6.326604164763672,46.198645730232705,lentil
12.809017192148021,55.040616287425614,21.307563259220203,25.99849965972797,65.38019929151918,5.799777740101823,51.34535408185355,lentil
3.680179096933709,73.34620168942166,16.69449910538819,20.100650957042973,67.37146356095552,6.968958819777937,47.251442873865926,lentil
21.756597170709,58.013074550593004,18.640753603150046,20.19760364967003,65.51351790223988,7.802981700975519,49.56427999113519,lentil
9.972404529328458,69.77716407187933,21.2900485088037,23.732448254568588,61.73658633898412,6.348167260618092,39.88523644123445,lentil
35.107920465590105,73.86198256196818,24.007500325717768,17.72015291969999,64.1506240845475,6.119858592134446,44.35177539115091,lentil
14.729284261293337,72.08925544681793,21.000426530459098,19.435380795464887,67.14450384573699,7.1744579877142725,53.743896056251316,lentil
18.69293436908874,56.26153344234965,16.582832781317563,27.052875328407954,62.19831543065234,6.774086427078989,50.78902508427531,lentil
14.866971429993079,74.28291276012523,23.95790206280877,23.55127782936594,61.119197378214835,6.500148801695959,39.78230174043698,lentil
25.14129929161385,77.55921018038396,18.538339437244765,20.782753672820263,67.70783992145695,6.800935532552908,41.04144613602585,lentil
32.81287441001514,72.49114425224685,22.62145604857804,19.409362532242028,68.64311859546564,6.2038735320103715,35.54464643587501,lentil
27.758201064393525,70.91875927119125,22.99047500283915,28.279859270420104,66.59763132610296,6.521619163758594,53.10395548486778,lentil
14.214909612932816,77.59315780883189,22.113598054761802,29.21390489534912,67.35715409825153,7.026913273254788,52.587890613762895,lentil
37.68687483259933,78.64028513700454,17.344957120361627,21.2848306681166,59.4877200554003,6.806363730107802,51.12593447794117,lentil
26.103166553284865,75.5028534446201,20.836681803728883,21.082326631668092,60.95196229496988,5.602249657457558,51.18414024288488,lentil
6.253233862242936,60.51558808777008,18.3039849280792,19.151085171673675,60.703990798758795,7.306010361215284,41.30642906349503,lentil
0.2865293390119433,78.0746881671055,15.897567718952233,28.845507447324,60.369650227590874,7.509523963992711,45.21848537219876,lentil
27.192604828049312,61.50158439923428,15.602794182467298,25.780271182822627,65.87342096615515,5.9436665510359505,37.010123856361744,lentil
21.592785884316005,64.22460667159625,19.26848151655241,18.700772494282642,64.18634083097928,6.416592284053119,49.560777728083444,lentil
30.208835376004846,60.284673137834716,23.742434768646145,25.167319959613398,64.76584351897878,5.97854051198234,44.15929134299637,lentil
21.35694484443476,54.58075821269064,24.897654589923917,28.563896650119144,66.35113306668833,6.092162339023651,38.55981339216711,lentil
33.389876266721835,64.24382037653838,18.171826167116482,17.793536255502385,68.68083991546452,6.976740948689667,44.59855028962271,lentil
0.736148227495699,54.724946927555635,16.836583790224807,24.43859855083541,65.83014742692588,6.902526515701465,50.44914900446236,lentil
3.6305760064469452,78.96242201112408,16.791832913821413,20.488573592261965,70.65312602832962,7.713719431542363,48.774176856666145,lentil
33.900007390870186,68.87645159607567,22.18357784255469,22.306604045564093,65.91743729710737,7.900347970757443,41.20072532200813,lentil
35.99289739168206,61.45270198389215,23.4218290500756,21.342206742741496,67.35025105631703,7.362349108498072,36.43125855233191,lentil
22.971107256655504,60.38335756462555,15.29908480758655,25.86178671398905,63.731672224980684,7.381585904622557,48.4070054233715,lentil
9.628410961223077,65.6420939078467,20.582071274888207,23.153045591531953,67.48445866453883,5.885986349003004,53.34293821602967,lentil
24.773010290353994,73.61781534537815,21.235672548454946,27.610945680335675,61.822317902981744,7.148679148040293,37.5566020079818,lentil
20.120311947562826,72.87678863075561,23.070331407810066,20.92258666300807,61.73452455703956,7.4508463659501185,49.929110586849724,lentil
40.934860427763354,72.92857527038028,22.368267278619836,22.596294908973146,59.355938636842176,6.944801654791599,42.76491581053092,lentil
32.026451096937684,57.853694008834744,19.485235409216582,29.25645845734979,60.39647810196408,6.410812860089521,39.57198389013052,lentil
20.213624596105024,67.39024682863904,15.568314020084431,25.422215535408466,65.30478661619925,6.920000443097116,47.68651418758513,lentil
34.717136238798034,64.19282652659525,18.743169733046567,28.349625574602328,61.11573797775025,6.972289002379598,37.98182622504773,lentil
14.071316352212442,75.66044945891728,23.483415629093624,27.799247414837453,67.40646831367233,6.119275035504463,52.6546591217586,lentil
6.2710976223516335,80.01530241853474,24.259167455606274,28.777274881764196,68.92991422495749,7.28503422896473,48.04917032726185,lentil
18.930276847744683,69.09231281428043,18.814716998712775,25.935214090160752,67.34218028753567,7.168075617951152,46.596764310023474,lentil
6.4134007036600185,65.94230535570048,19.42408861587177,21.359603481866817,62.35662513287346,6.0597751289957555,38.401412016033895,lentil
24.314441699676212,76.79886225957124,23.1706979571833,20.941007148296126,62.10111351491207,6.125484373560905,56.46999446827669,lentil
18.97571058998024,61.58567303058679,20.407367949246296,27.306744307405175,62.45087821177524,6.975281121742597,53.19422438925312,lentil
35.27004633522547,66.39451239212619,19.70093126666256,26.294504462949355,64.506081437385,5.989042290823583,40.00362523280739,lentil
5.0304884992494205,67.8987177383736,19.033151679067412,22.45606152854839,67.39017602115432,5.96636247120597,53.645206250327114,lentil
6.493807461263795,56.62181525252017,21.072869220993095,20.11047685926483,67.32003741030339,7.506616294865509,47.46350763032872,lentil
19.19167851367262,61.08797578207006,24.726363783577906,28.98447365089347,64.74062925985369,6.414220730280631,48.45152482765102,lentil
27.51204402671318,73.72024759489366,19.889011263735366,27.464970118727237,63.798449310840795,6.064927963964561,39.41802391548588,lentil
7.519463635300521,70.60749839143843,24.737290146732317,26.305152883395362,64.47289797235379,7.261362418562125,52.1457364663852,lentil
24.716255755468918,71.64183122181053,22.7822857911025,27.565626272820108,60.78506039681009,7.08142365705366,51.303294610763515,lentil
25.124898145663167,56.23903669437779,22.294929554081452,27.879632222279476,70.70801406327634,7.183087738097687,42.91714887475111,lentil
20.935745403631426,67.5233475574988,17.936521396491308,30.1122022052555,63.82372305234577,6.915215719579803,43.886035207244525,lentil
30.43853533385105,64.39880415562007,17.255668350752916,18.31453612097713,66.750610492945,6.774005424406221,37.43949849021041,lentil
13.098238458245858,73.37194563759209,18.821375211077893,18.813819513981795,65.33432848056624,7.426347793283075,45.01247411062706,lentil
13.885140650977867,71.80068582294064,17.04442993573685,21.205516978021162,65.57310388113414,7.512066240370511,45.22740821486449,lentil
37.57222147299944,72.55580008837197,18.276354144544566,22.456427207985687,66.09401902413676,6.006746855115972,54.399351812400944,lentil
13.502733784602675,76.86261487989273,16.510308791931905,21.719560806087284,62.48547095765099,7.025360458673371,51.276982493956396,lentil
25.57927208449191,64.15365321623833,24.419393079113224,20.584675444936497,64.7272987597022,7.003563305919833,38.85628255537572,lentil
5.1074034938648065,58.33433841316817,21.19503276990785,25.772839299322097,71.76688005232958,6.141768913722039,38.1086568181323,lentil
37.940024235479015,59.08535389212734,15.388736265091346,21.103352476915394,61.39101386935126,7.43380840139583,41.124354735895565,lentil
21.499221108058688,56.044219759495334,23.394345178860792,18.13588484832892,67.79544702087043,6.956765129202606,37.64388308632252,lentil
3.6610409179793018,74.58702470420853,24.711075317816157,29.24602335976496,60.30069944706415,7.080470196540906,35.902444287693044,lentil
37.066099506241486,65.78322324883337,22.354871437901814,26.88736758727162,67.58508797600325,7.222838405621704,39.361305556463456,lentil
7.17353324529383,59.4937135412063,17.00993120569144,25.01573069831165,73.5355349197695,6.402572193725685,41.739339311321864,lentil
9.84232234183669,57.73982379672525,24.3835942091934,27.263684900702984,60.9499368428129,7.343994128961387,45.97590322439303,lentil
6.17636075537838,66.70615414446782,17.571967957908676,30.610389233129197,64.8979710849273,7.164055058037667,39.52485152969184,lentil
3.457734176498676,68.64531291980228,23.674277307879088,18.49177316758575,62.95744753830381,7.386512794528834,52.7466992750326,lentil
14.247279977045206,73.6580501726646,17.00000636699126,28.599266509732935,61.17982777089889,6.09760258467916,45.23743390110138,lentil
14.177221679942352,63.02090184209548,16.22077555651379,24.821062004695744,63.55168769345157,7.434094187096074,39.248846220420525,lentil
32.12433618532992,61.89070515642666,16.087200538125117,21.31713362105313,61.53939816624492,7.186491436842602,41.229802552114386,lentil
33.10137563804475,59.019405978911436,15.744023430147548,22.906736668868184,60.92174525702498,7.238297786561422,50.20644000197043,lentil
27.453415769490334,76.65584116119177,15.484629670121306,28.595786072465167,67.92835195545481,6.2135329043242695,34.49980585056383,lentil
6.03408719216225,83.36772273961358,18.546383076952413,19.93056613787307,61.06934405682187,6.3806457155690355,53.756700196139676,lentil
39.222835969909134,56.00300077645075,22.25621063808575,26.003214343635207,61.22289694780207,6.6461281258816305,41.291065716352804,lentil
38.50819949425026,78.19553890372187,18.38468627821398,24.15490597423473,65.49974451666269,7.2630205245830455,47.338183779650016,lentil
3.4204569788407237,66.11478609175312,18.874220486462644,28.341149263925725,62.96057162293559,7.4377004323118046,43.180245595548016,lentil
37.68317141632396,73.6272087666513,15.41958384152382,18.623013341289703,68.31715520480489,6.907072872692995,38.079638855626115,lentil
33.40297347631227,58.497590149635144,17.42250806550217,20.525154933205197,62.085576729901845,7.668336224437098,46.096786616561786,lentil
33.14592386262182,75.9264383962065,17.152691643038274,18.672806462124633,65.8700452905408,6.6618781509172855,42.264417534547256,lentil
9.183346725569496,56.5093107450051,15.427284465435944,21.988416385681997,65.26569707481075,7.881392302491554,46.01402915677625,lentil
29.61087512832556,57.97887356445725,24.492317380518756,29.659413918677547,68.31509207914453,7.22325005279218,51.94022387970109,lentil
22.396582155762594,75.75025010479817,16.439774836238644,24.625452388126135,67.413971666442,7.755325985030588,52.26344034984128,lentil
22.64366416218508,79.55358823056416,18.549078588191517,24.93143905508755,61.075466078901606,6.337700234052687,36.84087487626642,lentil
16.16325054275094,77.82580599539304,21.15742364055524,17.933769467959266,59.319961347517406,6.22965910688299,41.99452947693413,lentil
4.026683888058949,65.77958656921547,15.476120192913971,28.303480451686088,66.59729716543119,7.030831239513444,44.52753479680193,lentil
12.39205648938188,56.54034768760521,19.450238771370795,25.645518316555616,60.93074707035882,6.971298720276726,53.676121495848854,lentil
25.63876438496132,68.25409545176484,23.33259108080635,21.97437891681923,66.88554414522534,7.393492291132255,42.42641853705037,lentil
24.364574995569985,60.182996029076634,15.629595629913252,22.501549786529562,66.07255862162059,6.856238080276374,46.97944089053451,lentil
12.614256293159437,68.94425249498735,19.192229813015476,29.844572346773997,67.14469128026933,7.121556421623955,53.76855363524967,lentil
33.22801834280833,55.71034605474081,22.84358776262273,19.487361319292138,69.4095234484473,6.7469407860838775,48.65219529167311,lentil
24.290150069088543,60.90350314895846,24.293775915551734,24.27511813330091,61.25940358927506,5.976490056912512,46.098356390753004,lentil
25.07975155459132,77.27735322051166,24.570379878457455,28.983563693363884,71.0399093505732,6.25988053597199,36.756940119075296,lentil
8.619901262432162,78.6270371513003,19.40988100200944,24.800175630106185,61.89256663411716,6.942012620319142,40.513537219880064,lentil
13.270215000330701,71.07948845904994,20.489005021731,29.5371592137121,62.794589043506086,7.511310165400488,39.361333670782265,lentil
9.695756273028746,67.13551578876938,16.09774247824106,23.39834462758939,66.80702245070556,7.370683764700515,47.56039706267802,lentil
30.559046251289963,77.87954897693923,19.373667114326363,21.903859964391707,63.72121033039889,6.516795684974651,48.269431611678336,lentil
4.864864007842434,59.35046051001332,23.07947068404514,27.042281105608126,69.96076797926821,6.181248737564565,37.56922286646176,lentil
24.91239051252138,63.46435696887923,22.354814596917436,19.337059481718175,67.7523198213257,5.731044762729495,46.201843418361285,lentil
9.157425248816173,57.88460763702113,19.869460207947306,20.25349895922053,67.18632316064917,7.290526573845919,50.95398331096705,lentil
13.939626416368174,55.62373965135057,15.62576575749862,28.20651370728352,59.39046998287826,7.639797607919982,38.696382304540954,lentil
10.193564904670742,63.42984033093658,24.76759584592239,21.45912639016363,63.2580876366833,8.04827160669825,41.8290177345146,lentil
1.6775037804500488,64.37768931843446,18.183799642373067,20.71387550560061,66.74470491009102,6.37819544090944,46.24082454369219,lentil
24.857177194742142,78.86689612428626,16.103916590224966,23.873800335600222,65.76068189022635,5.992243645647703,49.77528449412105,lentil
0.7616198304943732,74.15093989916615,19.293678384465,23.87436910650512,62.61832596667039,6.857155800529737,40.03066249898901,lentil
16.363511971659662,75.70249270700042,21.97127618736459,24.774545156373822,65.86347602144525,7.672107212021636,46.86025462302447,lentil
26.824133476734705,71.60216427470505,16.104878464758876,21.490029213354436,65.50107834385224,6.469139056117348,50.42147985778119,lentil
33.95234273133547,61.83121476359733,15.365135543281161,26.988622606138453,68.34662776388303,6.125880778316666,42.51889280675549,lentil
27.716067824233846,65.61640060089648,18.023438854413513,26.071508510187716,63.99019879257085,7.163151956806786,40.521742238848276,lentil
10.370266934597236,71.86148487369135,19.843501890839008,21.156734313304618,67.0139600766558,7.881215537070568,36.52505686867915,lentil
6.4531518827475285,64.56980998473176,18.623527886211193,27.5303332662572,63.02592861511837,7.085047286407482,50.973524674493824,lentil
31.03343329625069,75.5577434508587,20.657775872101077,21.868986184410034,65.64219828023163,7.197340034915377,49.23555287309143,lentil
33.55499117638563,63.586547579774134,23.590460287666172,17.871681179126444,66.3410473240929,7.114738864601395,44.05966734049218,lentil
35.58641965453512,61.4160897380576,23.467528026137987,22.672497050679972,67.16616460086883,6.816202740416251,40.3678290801339,lentil
25.725028385479604,63.7427604530788,21.85732384678551,29.524916274188747,65.2377837706039,6.718522263656194,38.62385124640816,lentil
36.26887896294481,58.49123921114205,15.324559906718365,22.341213275848567,63.3873285673877,7.155838235325648,37.702577332959194,lentil
20.24756372190468,79.33288782628101,16.23216207178434,28.025581904705387,64.76692210466423,6.513828978806689,49.34774580010292,lentil
22.10680536701448,72.72555502740386,23.445001660672528,22.115496826333825,66.85093612246179,7.450849669231924,40.71829115855265,lentil
34.99138488259037,74.78299648243905,23.59321558774198,27.027025957417248,68.93235937111118,6.318706164051787,39.798255832995224,lentil
0.38162726700116434,63.40998902269202,19.144980370416956,19.08572975037156,67.3268581617749,6.361270011024848,37.27817514526896,lentil
0.12107855643108216,73.24602253436065,20.80474867060211,28.990844720199995,65.08977323476101,7.8862736585619215,52.549664398151464,lentil
4.509595047119694,67.54363263811298,24.637424783672895,24.664610587552133,66.05505233175776,5.821775368336812,49.25111331875582,lentil
20.320175735842227,69.57091894963494,23.976132912162072,22.72930826441429,62.73313839909082,7.5888874076699375,42.39195069161496,lentil
7.813794241732382,79.2394299177285,23.12713960945073,27.78115508451905,64.73247274100535,6.88804745187987,46.42554834921702,lentil
21.525355146949607,74.43568624398108,22.622084170276032,19.444294601750368,68.68499070665801,6.975491420992172,54.328134103796266,lentil
5.266423556899933,62.463262785207654,18.934933422456172,24.826768993213484,63.72131418733299,6.031310185926078,53.42987715439008,lentil
17.26722704243139,68.92353761175475,21.460810992117533,17.84893648167663,68.54903213339831,7.324792608114912,57.063871549501826,lentil
22.273958760793512,57.35810867084179,19.132713370526357,29.0284430091432,66.42206186059227,6.981600130349665,48.03955218544419,lentil
4.977806249445756,66.10381809987395,17.12222874618824,27.292729174665517,61.491053531095176,6.535090050183637,48.81713048022134,lentil
40.48126054238428,59.91633411294779,22.022856159712134,25.470355112070656,68.1944720031204,6.16911034579096,39.29622953998271,lentil
33.7618083271154,64.31605399752671,23.703986770298698,21.26754872779114,69.4326319639565,7.386541903531108,40.11564712184108,lentil
5.942228632560779,75.59690636612974,20.15041462240714,27.8048213301989,61.07732577207057,6.114858302955416,38.6490545907404,lentil
15.189253612662041,61.54079362778089,19.01894859415061,23.842537731023796,61.50447171674925,6.7513965404620215,42.241198737649064,lentil
5.682265705018148,59.19656709009448,18.200506637255494,22.044070132468597,63.80540843563154,6.674713276287212,49.255659529459294,lentil
0.8142833212342646,64.6570440375407,24.078844237860217,25.891515397526724,64.99736116367579,5.966029851059933,45.41932292049677,lentil
4.6270043300004025,63.35232285657295,21.41827049894335,29.13443058067319,63.38233458783279,6.964487670908972,48.28086236539036,lentil
33.540587114384465,62.657636424331535,15.115779162768767,28.47167849658492,67.75041598361527,6.606469038712913,39.84560195341182,lentil
19.912687570934846,60.5814805019584,16.336766280581923,20.898292879748034,63.74577461344742,7.182256931951768,35.39220696159079,lentil
38.46213771778498,64.837094490254,24.14218611132891,19.4626519340442,62.57162999472439,7.0266500927112325,45.30233289524052,lentil
9.092509531078447,62.23899106812338,22.66677710190452,24.49276730810025,62.719555713857815,6.553646331279099,43.536549108094476,lentil
4.0631101688927425,64.16438130477049,15.245571403230002,28.024290833677703,66.53615851719616,6.725994135795277,41.088674238910755,lentil
7.906046733608837,78.35435494272046,17.730891928829873,22.302904439433828,62.64605045731655,6.368590981463379,35.78858327541426,lentil
8.995975036361248,71.44538737612612,23.927315619563323,26.871493749306516,59.72616770512889,6.552744430989561,35.84858769193109,lentil
22.388197192222105,56.38917662137535,24.030182933100654,22.13444132956978,63.34923609733107,6.847506627088128,40.56596253258386,lentil
13.068219521064139,69.44851393482467,17.247561252093845,27.178471596050837,66.92247392487275,6.196008512675747,37.13746574831686,lentil
35.05160813445966,70.49800783142697,23.872449880098532,29.167203869522794,66.18277515725198,5.942132174036593,47.63010420421198,lentil
28.725060488251632,78.26712599010666,22.756377149725044,27.643676969960676,63.63087001034057,6.2983758705094,52.23250639897223,lentil
26.89877520727122,59.75490539634461,16.58312802067405,28.512352534209768,65.12030384522005,6.760077245050468,37.253025533123036,lentil
4.192567475295918,56.89399024554508,25.06130560916193,28.765246219389216,65.23503513060734,7.420256153309954,48.54794667661062,lentil
35.90936004229716,72.89081348960826,19.164972799219292,20.344981205689535,67.7954229339374,7.166116403258695,43.4149787360073,lentil
24.89792805194816,70.79467415474883,16.319138682068154,21.903134932420212,69.6882795007595,6.4101700948403435,38.59540437499163,lentil
2.64726986955843,68.38652441095697,24.671730708744825,25.70620797930133,65.42368241879669,6.029952666295282,35.70514359792022,lentil
30.00078304570789,71.28410211420432,23.0293060175761,26.948224576026057,65.23545221810126,6.668378721449585,40.77007908102201,lentil
9.752250047163123,58.7256651253923,20.22234644089758,28.552035444092347,60.03778917700928,7.0896523321227995,49.41198364637302,lentil
27.706036218136596,73.25929042285222,20.019328088339698,29.25565359420805,67.68857337898815,7.782437421496315,42.77875623052691,lentil
26.171578433865303,77.66697024541473,21.366806374697966,24.755777962765375,61.61711730433518,7.163542153217137,41.9786316223438,lentil
28.371870345801685,78.22966909358074,19.743150204092778,19.5691945894467,62.94311239321181,6.9682847665878205,43.443959211546165,lentil
32.26221201151887,79.48294588373676,16.87819919692909,27.32729968111405,62.282845864387525,7.7519444265097714,37.11735532713416,lentil
10.592622807825599,75.32932303533264,22.34138487485145,24.342450836124094,67.33999776066453,6.160300603725541,42.389485040704635,lentil
0.040508192481927136,72.90821226191797,20.066644492426878,23.510697874710463,64.76589985918814,6.584169387903585,43.339354460172494,lentil
14.207151265821802,55.638033503918166,16.80009924238343,22.111241902610463,65.07984046517623,7.335053219409584,50.65669844823551,lentil
3.0433711988195977,69.79015097294823,16.47666931569298,27.21535188005357,64.36177912470119,7.311208537020583,42.62892020238242,lentil
24.930454265425013,63.95943103440845,23.12892382005092,26.637208957646138,61.00756463959853,6.826797818014867,49.27074659110433,lentil
19.338513640353927,61.41751052368196,24.092868038298164,21.94346318418152,66.51580786348003,7.274573078676504,45.89816857381124,lentil
2.6738715524108714,75.68345833437695,19.831658551506766,26.038434033114992,65.74835685571898,7.717375622759149,42.46345815116471,lentil
14.886969845897912,59.23562271977005,24.82625588772788,22.59715006777692,69.76178191926245,6.27822044652735,52.08176724357592,lentil
31.89386377203624,55.918136688189,19.86943975248741,24.329184311674258,65.40760802794047,6.149804947008795,47.57207758311624,lentil
3.687364195332019,66.25376665303051,19.26109226755647,21.374991892074505,70.78985882700056,7.187915038703318,42.09612459182667,lentil
21.619951456335595,62.86004755764027,16.81185964609992,29.96581063267665,67.57693375548696,7.1332288132503905,51.94288354320706,lentil
35.86648569087767,73.31181874325578,23.57007172986798,27.717443646437864,63.60039024702987,7.38934383956721,38.25489846850363,lentil
70.48923060642865,50.67817697669886,19.601780649048056,25.57335352294951,57.49736469632879,6.111231218349509,94.73825770909296,maize
61.25459485604288,42.3159332243671,17.658316347189285,21.833402061254752,66.79384143535118,6.14721616741701,69.65706208482061,maize
84.6246420369315,53.96312693332925,25.243251388460592,26.53319605631662,58.09167906652587,5.7209200326882055,92.28384112595741,maize
74.43304409119281,58.90111524198668,21.87443636324169,26.10540373699743,73.24045236658418,6.911919577124512,73.05918059483763,maize
88.5095071845563,52.264319703672214,21.050891116971087,22.54112487338057,70.84992252833948,6.417419234444438,88.4010334020872,maize
86.6401485861969,54.26586482767429,23.09501647349388,23.674300528280288,71.46806781640046,6.652587749190177,76.19466456806366,maize
85.860069043675,38.959952050249655,19.418712804326532,24.761163743384774,68.23604757739182,6.424318745341846,62.98503262672034,maize
89.67396237681572,40.26438724301262,19.986100536336647,27.001777938283205,74.88155329430658,6.988606963330011,108.95843372115941,maize
77.77455886045763,45.63924291318981,21.43484769893752,27.086077022087938,71.19363072837913,6.119165697919425,75.26206670905592,maize
80.3284654146204,41.446461054681144,21.597011396692025,22.93851011629844,61.98661678201118,5.7870738060544795,82.06688747514337,maize
86.25937856566541,44.532653963083945,23.027138294726463,29.83722481130374,63.59233503922004,6.052226109746271,90.84902402283463,maize
89.44804043345427,36.33282204884465,20.258468822912068,23.546402477936503,72.3610580577461,5.628147008096257,73.63241578280397,maize
93.93422734392426,52.468492979051874,19.374102437148675,29.295547958809806,57.452220233582366,5.856322249844474,82.35910479103022,maize
62.648548202022255,50.62744114219621,21.14027269000338,22.249369907760286,72.9561203956385,6.6065716715308165,88.31941584049825,maize
80.80798269923439,52.0109951230244,21.398932619741444,20.41495018451467,55.813005027158106,5.9955519999313,82.04481169250127,maize
67.8575252151351,58.71581203770288,21.317063362960816,25.019876909557468,56.23216437690606,6.601919042637358,83.63899131385925,maize
95.95629353879247,38.43701549933705,18.75071355098481,23.149019132182488,72.14895666288541,6.078557996753622,108.05577981875766,maize
65.89858849229154,49.03782318919918,17.60246547895389,25.224020187426945,55.30726866890246,6.5991055413829525,89.92756137453001,maize
85.2527060324069,37.373564743257596,22.990265988809075,28.5346790981488,66.98673105331052,6.864327163284945,67.34519051567915,maize
73.11513088195586,53.522967281248846,24.14140103305569,28.660070661789597,68.42774117672275,5.904460023949584,104.12993619029297,maize
92.98327802639427,46.98853306365434,20.737816595529562,28.002681270714568,60.76820080643426,6.193138466079917,88.67694973317323,maize
95.84673318822689,51.14542113643235,17.053176862438093,24.108295166796722,69.7549201782583,6.436817413790431,90.2722739818479,maize
70.01458959679474,38.6555396374108,17.376553718667537,21.659816703614297,66.32243614877535,6.41832014313734,89.90758840735319,maize
78.15152606429777,54.01769495793027,18.22532711324096,21.548523281301698,74.27565005620575,5.618821314139537,71.16089637444207,maize
99.61105550419879,56.62438931669372,18.832194461902475,23.384264869108293,73.08503802726838,6.53200735490116,93.90469422457318,maize
66.0621940103553,35.79131688587185,22.657037207737645,26.318732109295333,58.196461300402945,7.098961640655293,93.75842310569959,maize
94.43075831802891,35.11741364662224,15.904016615729251,22.349428629248234,54.82808765736352,6.248228720811045,92.88525646786422,maize
85.78941920772918,48.37205243589492,17.61513892036747,22.35035904671633,64.77965088968132,5.65158830196944,64.79183189875782,maize
69.26791682082877,36.85212972080446,15.173454320278536,25.9543194327326,55.749621352117224,6.8132299880594775,94.61743827414159,maize
83.87405615214944,39.04507071671162,14.915808597262899,23.411005895874684,60.35728642500777,6.617387004006061,78.43031282293781,maize
67.30300158899594,57.96073804726511,22.103919994134863,29.139144979984636,55.89845400912085,5.725396074228802,65.06009938505062,maize
99.98736481080833,34.78332413725538,15.637528551871608,23.71430236725143,72.61373552987737,5.962395416050288,83.48846538245627,maize
91.4197052112307,38.51054673244287,20.312045481720574,30.04623032024103,62.13543040518461,6.685458510109001,84.8394972412294,maize
80.51297903918771,59.83069963704527,18.984439897208322,28.541102907042667,72.05413347910866,6.0021227185172465,65.47434087140715,maize
97.00256527329643,59.414277301871216,24.222715512567326,20.44504101236818,69.10815105467677,5.6854434009004535,68.92292109271575,maize
92.77085922198226,52.33945144120998,17.62763176795134,21.78811498562085,62.256943341650945,6.024346462555675,91.00536101952771,maize
94.66031653304884,50.18066219052529,21.338446794396116,24.36719866966701,74.30492584932102,6.563193610041564,79.72096503519849,maize
70.09732975379644,53.985321080169804,24.3390109787505,26.15304177264705,61.87189979418302,6.25289846499341,93.63292551029325,maize
85.91415810519663,50.083442647933296,19.6099265285071,23.29115348513153,62.762035116092264,6.1248101988153465,112.13883558124688,maize
75.59046391084428,37.116666713646936,16.838648075087363,27.867981628278965,59.342232976019226,6.070210758498866,107.63429789485237,maize
70.37764622775785,56.99611842321846,16.93704306384539,21.080539378553873,74.21695750704676,5.7828506490988865,102.35557874525837,maize
85.33609401951556,40.37969867629925,15.655944383172494,31.01926295329344,61.54043308576256,5.865483621478059,95.02019723583102,maize
82.12252945234707,56.87400837810144,20.22583524277838,28.375752904191188,61.59046714500001,6.420052277915918,103.26420220999906,maize
74.44405868920455,54.15839111345607,15.147554889928392,22.604953594632175,61.046237946967196,6.285466794262056,73.56341303713019,maize
95.68729152339414,46.633476479596446,24.26819777391381,23.661578681113337,62.20072510906478,6.188209171645487,86.99585712528193,maize
98.73028734091851,51.104637974404525,23.386373743421714,27.8359661368199,55.65875307710758,5.32894600018163,85.88972303897901,maize
88.12962244835192,39.60272652716742,17.30680143777439,28.453419171911467,69.65228024505174,6.6376332328274446,95.4889579341148,maize
82.56297629921809,44.34925316320958,22.115436212921733,24.388969520243652,71.97709103877415,5.575560718002773,92.9602455674071,maize
79.45992656900415,56.77977435201311,17.97168218538887,21.480198884849,60.463881086731305,5.748258543130431,109.11518862729847,maize
92.63558470216927,46.8305845453458,16.59323031582487,26.502840430664005,61.13108028232314,6.018213035614087,103.36437383427064,maize
84.52420912063836,44.300952189203436,18.741054244983623,27.10635176870868,56.047050885437734,6.037198992367787,80.09092802880318,maize
72.42970995819766,55.63822502892502,17.778102121372658,22.81067379174024,67.33704093317806,5.856318464750939,84.0277868230769,maize
91.49437028485495,53.13145808390672,16.17124640264362,23.27921124891849,63.77432396742606,5.857583942912817,60.00343995374989,maize
59.890139101934864,49.63707508180069,18.546671664229912,24.777300433480747,63.81933328524742,6.4004791340814196,87.76281772529344,maize
80.73850908876771,40.60255930062608,15.415646200858259,23.888562329923623,59.925809573608184,5.942182872762653,109.19563401568051,maize
69.83642648317947,60.88160530491439,20.10953872806901,21.74017620897201,70.53864982834791,5.833790896314507,73.29522924838446,maize
83.46702343734998,53.87237268178563,23.423403353538355,23.547854435587222,71.06430353142663,6.199212551745236,64.54404958557069,maize
81.15793598889061,40.7740242229678,17.28981631578476,27.25776326746097,64.78650879507174,6.152185333241763,102.72729905869477,maize
77.83790953296472,46.66118319466861,18.81362221981807,26.47358500369699,57.950885641116024,6.84916699943367,100.1384369749168,maize
61.529167479580956,40.179536695505604,15.609854820415107,29.40969497806115,65.90676366097252,6.324744638733217,65.86867910461814,maize
94.75257787367839,58.131907793065615,21.812012534987616,22.977681569428487,65.26464445374803,5.7703894259149315,66.01098063285757,maize
92.58068836951286,50.324600745669194,23.087644894010776,22.868897649220642,70.38291030039471,5.95818595452274,100.0966650187159,maize
70.19675735218807,34.89610432247894,22.054791711212996,25.659489744062597,68.55836983672425,5.676688205698639,106.82057803724406,maize
60.163663364930734,48.722868243144646,20.680475618724547,27.687890897755587,73.80951160020187,5.740920604705561,77.04084078007254,maize
87.98195331090079,37.1544335291642,24.262194443671735,27.62927531593122,74.26361947958164,5.750589338222629,105.56592664513056,maize
69.2388170312587,62.01151804466208,22.59153571324581,24.325969065365754,70.0654541565378,6.242393663067148,59.5754639457134,maize
69.70933085776313,53.81093653118833,19.96841933145539,22.456488251708915,65.52150654542392,5.369630503948926,102.17195908565787,maize
78.98603714503167,37.44080460840718,16.504229616410466,26.086556020609912,57.05264457708394,5.810257683616165,71.41124920292057,maize
94.41693209754946,43.44590200875979,16.6215011811065,20.094873042953317,68.94341595463729,6.1838394875856775,71.9752346652542,maize
68.56516209907512,49.464384446803805,16.38943062313066,26.71010251117499,55.81445570188405,5.7024325059100125,67.81521807125706,maize
88.46831292253269,35.91701442751712,23.41275274677243,29.5762724274951,71.93022207902911,6.8601712311812735,60.9264991173909,maize
83.2333953566144,51.033706978868516,18.093067577192645,27.63002783998335,64.95724239679315,6.299995488801158,106.6638064374823,maize
62.47368945311935,52.64683588797733,17.811385565378522,26.151350762507676,73.06004522587939,7.0833938192135415,59.419350622266215,maize
82.4869059534568,43.45586590753337,22.232882612209966,28.5254149799862,60.000562337787066,6.9156258894564235,93.02693036036433,maize
98.83503631911815,51.53625734566752,15.993402957802283,24.971661584445243,72.32247509477834,6.359508633202165,57.76667175708266,maize
61.959274967945106,48.0153218959944,22.44891161826145,28.60498001813115,68.8764430962979,6.689721788080938,78.3317291557816,maize
86.61511465261904,49.44435988141744,22.981201106141356,20.52917479977035,65.80576219027566,6.779908306671458,75.82953143848482,maize
78.03679058924493,40.746091588484155,18.20965616823788,25.16118063410947,59.823096936549916,6.7824555680454495,96.273343756068,maize
64.5879073147202,37.64804762732944,15.163250020118078,29.56333076215172,63.268080722870295,5.93865815675971,81.98161003689216,maize
70.69025724012242,39.3793605588919,22.41419509155685,24.66421351200671,75.32130199135506,6.352011842984578,87.41798386475963,maize
98.51520351165878,54.57840953894401,19.424182692377293,29.406473940762787,56.382750461433496,5.739067568856523,93.13206685834953,maize
79.65128065837443,49.353668467304175,15.49742060514126,23.972405206885814,67.72579118967934,6.621780989663913,68.65368986289138,maize
67.77434139875861,48.361340982978675,20.319604254600844,22.20582998329447,74.75618022566064,6.721146794510941,101.62724105214329,maize
74.41534233095629,59.74723779589813,22.64772369930201,22.839952762189448,69.37521345094063,6.095143615154791,90.97168235537212,maize
95.79162363947943,49.55264041620631,25.36453475493063,28.12557821154816,69.61264112027263,6.603799566674674,74.62315681545458,maize
101.29181954814568,39.43027858663954,23.12939387559515,22.89101294689613,59.756985033220886,6.271332466274361,63.502965719047765,maize
95.94684160630047,39.44253647586305,20.190205991892498,26.34218903926588,71.92372909372983,6.939224471009911,91.38412788022853,maize
88.48436009879472,44.687755132651596,16.68633024153496,25.653433937851023,63.331911028624326,5.8024340327674215,93.18086715038089,maize
76.25580784332,44.193546087825425,23.73592468447908,28.773492791794972,65.55817725848443,7.097622205995036,105.25540081912706,maize
69.14826210614902,39.85754873735633,21.489821875767436,25.562291429448315,66.27580001684268,6.552407971091229,102.11283613778077,maize
71.46101326896981,60.79876123442728,19.505946512150818,23.799923606163805,54.74886766700308,5.626244701341486,93.27408688585328,maize
95.31034639701245,43.73665827102484,21.180471008395394,25.17770883894432,57.41240281371613,5.826648974030757,105.90321378773072,maize
85.06039105731385,53.227894718834996,22.319130546422183,29.217121688165356,58.39971358134842,6.0297431531455485,75.86850900074249,maize
99.10092986604924,48.971998754224984,24.940388798364417,25.215154455459643,61.20406408846884,5.727172217597223,105.47024012546389,maize
59.21590587603717,50.10492108721748,16.466940399829436,21.503761474766083,70.56414521164359,6.075139769878546,64.28784435635156,maize
89.48586126438352,40.37589772117577,16.421284412206766,27.611594311700205,61.219748432649965,6.554534226717118,72.11767515962696,maize
97.3688606887626,57.46975208225488,21.85030093697513,28.433769905126223,67.25999812794025,5.872219536532444,68.7069216448077,maize
69.66730059117403,46.121489545394724,17.755620707902978,30.99864950060689,65.00884184104085,6.505470058149421,94.87585224331566,maize
60.60345308010212,44.363629304132964,16.312872343044376,28.597752873511265,56.359718229320116,5.9570564626446805,93.91472566328811,maize
95.83133803784524,36.27831169270505,19.538419516300067,30.400393153035665,67.88308524033215,6.226484264018917,67.77342871330178,maize
84.02010131850133,35.759303950845315,17.286856955041326,21.431971747465834,55.20206418387732,5.514710663093336,84.62577562381787,maize
90.57655283162522,34.483665249738,22.254504129533373,26.88647986250933,66.04746537452057,5.727278229060557,85.42716604675272,maize
67.75693817215031,40.98145540638507,21.934030291599843,28.91388573286006,62.05837778403201,5.9346644835957205,103.09788944248893,maize
75.3385984567287,55.44179573454223,15.260411239573463,26.176397465047632,71.49176068225664,6.022641866828486,65.69854184441574,maize
75.72462224781448,42.5554279402076,21.55228913369245,31.057611974948717,69.23433172899878,5.656549556430637,89.94516988632579,maize
75.3877979464669,40.61945338686735,15.742906651130253,28.39453549998132,57.00785593793579,6.763740918770542,81.0298130555243,maize
63.378069568797244,44.87804442020275,20.396263239052864,27.894989927131594,64.04089821269432,6.75977531733571,67.73153694854211,maize
70.91433125263033,48.59458469757623,17.903650854427617,21.94001177176538,73.61397060486844,6.9485605279786835,78.4947077853752,maize
64.99230818385912,48.44573142715068,14.563798561255805,28.71049285031611,71.7452586696129,6.371459464125184,84.3914658089393,maize
79.02590280135637,54.50539445780515,15.420733260035819,28.602846434020535,58.25678626649871,6.844306037570961,69.30281264225744,maize
95.12783967255554,49.20530643429439,24.863537287405368,23.875711115695893,59.229981034102465,5.957598290094946,98.98788459985354,maize
79.70882239998177,61.278766926064456,24.082809221283604,26.2789142718655,60.09093307702635,5.781032358455102,103.13662608461668,maize
92.54466663161934,52.15729788105142,16.234439289061694,26.088279811834717,73.35765566894229,6.616761673731507,85.56016447152663,maize
60.24291640342286,46.75030417062488,23.023115505476703,27.20202744436176,73.97296794131886,5.929558899676338,84.82465921383465,maize
88.2636244020522,49.67180800874318,17.58750802910451,24.69794896887456,55.3729598394603,7.055710552054044,104.30551222446914,maize
76.67376230728928,40.4457756497236,16.03574561682242,26.21832375828757,71.21435638717207,5.854747218865919,96.05226789027303,maize
62.04155464093721,54.144698619302766,15.727366555731532,20.77569742510821,59.14834796805743,6.098694242989473,102.07884285268318,maize
88.56900906760787,44.10648164010831,16.603125844570798,22.321071002816357,66.74544899035469,6.621030608988728,109.8412371088184,maize
70.65888086491283,36.2328829335074,19.739572805737108,26.233249136357262,70.42091019753217,6.697247835474518,109.13573686230492,maize
96.65935290979779,35.56075029459774,17.810075316005587,27.66355901896885,59.00102774666107,5.708321463998598,100.439809953749,maize
65.366447063649,55.30664779568211,17.730889854181164,20.193806424369786,64.95656053697356,6.173940196068373,68.1489051488847,maize
88.80452740304952,39.09922944136623,20.029357609806315,26.99059949605471,58.481302409029375,5.527530525817814,68.22160370189354,maize
81.70662024338736,59.21265716457774,19.40917539504735,24.54515570387825,54.138123158611315,5.560396422425059,65.80326145765679,maize
72.40706778459484,50.665277475613074,16.797224052318278,28.072948651993972,75.03862579493511,6.189171143378221,71.40717741422023,maize
98.552360332081,36.98589313179207,19.379829858216514,27.442283105153663,68.87356765734349,5.79220586877441,65.42998080580027,maize
61.979979030870446,59.58485690968854,21.079285700203755,28.658341326492398,78.55774410219935,5.950452733392782,72.17850312582986,maize
76.58687990824484,36.879455264648406,24.051144683579178,20.495259589911356,62.34345596340942,5.6898988454740556,98.74589279989037,maize
67.61987395363043,53.49361636096993,24.67661056021977,19.7858479286014,60.388473019276134,6.056162607810285,88.40425499233895,maize
75.66076767531429,51.2657994914381,21.292474711647067,28.338536011348598,64.68874535085551,6.006551620847598,105.50039685494241,maize
100.97105768075846,51.99529315071981,17.201973927536937,27.72373695319617,59.97847151995487,5.685027908138529,82.25537934049383,maize
100.6670317468895,47.42706973626988,22.768537366114163,19.922344075465716,62.84725889202613,6.633188973772215,96.01927169668248,maize
95.5825061179667,39.451246419664635,16.470660414187805,20.077213245015933,61.72961529221485,6.1090482229419445,64.54158111545277,maize
88.2341799102845,39.52864919581208,17.65003145628197,27.799629346681616,68.71522502767108,6.478897055399004,68.3133430138917,maize
95.1271245716002,48.92939868687134,20.879992909305347,29.981168960102426,73.47940625664434,6.164453637152802,61.829179996993126,maize
96.93270002169865,49.739120812165616,17.27089797459101,23.779355868451944,70.47053598004682,5.774791635981822,105.7480130657905,maize
61.344506837248204,50.53556745570671,20.858145641219032,24.454460363875157,62.20531805897239,6.818698808787894,77.5895314181994,maize
82.65852067663982,44.95069414168749,23.481456355913018,27.446513055425775,63.886952194360134,6.320999428534846,98.63176247431208,maize
96.44117314336083,34.91088150365247,23.791151714568883,27.902056430256362,73.27640326136543,6.602627306153323,104.78975746845815,maize
62.48203245521312,54.383915299121085,24.5514832061854,28.658654082967796,72.57917056501219,6.457042350862913,103.93354598801899,maize
68.21130038233193,37.43075216776981,16.09221354159245,22.75210459166895,68.93220388253748,6.115092304154113,99.97799524734182,maize
70.17909846716506,41.140801507394926,24.124280922107808,26.785045551191786,68.85441342633465,6.014700924503222,69.6681773829868,maize
95.53721453343682,42.40596520450679,15.448219651141956,28.703903113502406,72.93705506879061,5.544260753159355,59.45574494083195,maize
86.24125453121277,53.05109310159645,24.875324066108867,25.664436924362814,63.00134044338554,6.170481852662734,105.6359256199218,maize
93.93627141228303,38.85323765117551,21.103392110220742,24.80573633358989,74.39805813482327,6.120407377382264,103.94751302277797,maize
90.57347790495224,49.2384407336128,19.523231852286372,26.191444196799544,69.88404516211024,5.533766895232017,64.91614676596173,maize
63.9162888145197,40.06628681628421,22.951149452461493,24.907089121261127,71.82948445440454,6.809092858814436,71.66707950109092,maize
97.54927165658204,35.4606813000733,17.287217328520043,22.610776116971067,68.41392709387014,5.831894546898147,71.5392346809591,maize
90.42858756367083,46.11445421230346,20.721640491725264,22.069268713682856,57.31029108469368,6.726894522900401,77.05090263361994,maize
96.2251845298296,57.855399209643586,16.80437601502163,28.167015913631744,65.68273568094398,6.452738941298582,67.94921021681016,maize
95.37696324952825,47.35021495651885,24.20198856660576,26.883703996105435,64.42885253103215,5.811745824578818,106.20478682671688,maize
86.10443535581416,50.05649196776015,23.741701331604574,29.020046540436738,61.75938162293709,6.791345577939533,88.76032897807754,maize
79.9364338153711,38.97834777648654,17.061832456151723,27.567552826395094,59.050534825027654,5.683177416345465,82.98610468336072,maize
88.34435391241702,59.52597408863383,24.59828907904744,27.293537357121917,72.56792499650204,5.546539859133345,82.09625024413329,maize
72.14217551775121,50.42658511859816,19.636344075441333,25.708857081131654,58.80058233672327,6.221081611378629,77.63684782837453,maize
78.8043949416306,40.591981350123795,22.656871447849404,21.610813771513584,59.16957977352766,6.748196749944789,96.66946047259808,maize
88.77366258233293,51.98857070810236,17.996760599138028,26.939722408744217,67.19668836819137,6.416894816270606,76.5894305318731,maize
99.46425127867099,49.929747927734844,23.058301640675502,29.85365431289685,71.36198160626626,6.649833507447616,76.96170103688837,maize
74.54539260713274,56.42461465001759,15.309070076052848,29.191026192079622,56.05063111659608,7.003145105846543,81.82322368116776,maize
73.84124184399084,46.90212354710962,17.224504762118904,24.7897584893611,54.95290881645081,6.021792180148366,82.72637160095591,maize
87.33533295583082,35.458541196285154,17.490570528649247,27.93279304592319,64.87165427289916,6.180885886004619,103.88705662450677,maize
61.56484033477796,49.726022539217844,24.55722570627178,28.021257602739478,61.98125607232788,5.87367794686805,81.91942668828602,maize
92.07695267564338,40.15516476263327,22.45681987049004,19.994122862029872,73.04861644675937,6.606897305093606,71.65608568359244,maize
78.54681297982548,48.23250626771644,21.465766436438166,25.10171923700783,58.48396758089408,5.581532701612994,67.27190132217771,maize
87.39210588201087,52.73701632968388,24.210303560091432,27.361995892533116,73.06907408511202,6.067076394013501,75.61978555039785,maize
61.72845976328097,44.747047716099814,23.631211805907096,23.065704530336937,69.82488153132682,6.906124358077039,103.95383920520176,maize
92.09240075482883,52.22824947325452,22.893964086660286,26.796285539261632,65.1169069932958,5.712479968800888,97.96161855189378,maize
68.78190973575933,44.46436403843914,19.937227451838876,27.29694355855382,64.5073911882363,6.193548064350477,76.96016402994316,maize
89.97114450581303,61.44525698564273,22.512914331563216,23.922548227192483,59.61278993915651,5.800080081703871,90.20023324866787,maize
65.11418652045899,48.933572064152045,15.354215043236346,25.806870517992415,56.49641002842532,5.674548025282696,64.16548577159702,maize
85.85169359568752,53.24237955367044,18.11898594362762,26.10245409984414,58.76605078271272,5.644313070304397,110.77802730590159,maize
63.93723529510947,44.05506789757417,18.323942744977725,20.798148582628308,65.30518132505618,6.526384227822316,69.10394231231423,maize
88.99333524593263,46.82240192651801,17.102635500131434,29.337897050585067,68.93289372939962,6.735177140774057,66.03504089765767,maize
79.58421915596675,52.090504399706745,23.96018978638588,22.639020251926066,64.8031341193219,6.503991480217988,76.82421204152953,maize
101.58945017751758,33.864390418843286,23.5321008001423,29.110752319127943,57.22316778264131,5.826331799350884,105.65207817067173,maize
80.6214397706476,52.25683706994109,20.195066594155563,27.02691715353981,60.78664235431766,6.7957040892897815,81.63369770984295,maize
94.17927562869986,45.339679269161834,19.34359498384758,22.235979840740445,60.99064611876064,5.863890200889735,93.14676212462747,maize
79.83886485520517,40.14330411133604,17.9091073874277,21.32287420180766,54.585714268146,6.314606921972953,77.1481306562447,maize
85.44771287237774,53.78197067155342,16.259045787903524,29.835227374737695,66.14685744483272,6.490388434729433,62.021569878228455,maize
61.238615897546886,41.8299846051053,19.381773974995816,25.511145170557363,71.15585652878522,5.829833915153245,103.21831798722872,maize
82.53871747302121,51.015036085901095,22.00456988964213,24.453509036839005,67.7255760757704,6.5703908770063935,75.49805169566272,maize
61.316820858060886,47.55993871013482,19.206263675046504,23.626392963502415,59.03274221822257,6.773291013043729,61.8643172641924,maize
96.36116186383005,38.279432808946055,17.941476354351728,23.208144467640302,74.54294559133741,6.5140106988135695,103.56718425927319,maize
70.02390039074729,50.940479010154995,18.77101584788258,19.52043134340922,61.830881499824415,6.309479001868796,68.06606594454412,maize
66.07805909681657,49.9125943647059,18.865066759765806,30.089795816187685,56.066875779770875,6.600798879999269,81.46251242678724,maize
90.20937686477798,54.38020524816909,15.625918365855753,26.279364582267295,66.71075048118665,5.76357074310833,75.60316160388948,maize
96.43234061884785,56.3882990043032,23.277620816712574,21.523041585360637,60.0962527206411,6.173998959285017,80.45133710242878,maize
64.96611361617424,58.057156448855565,22.67211767275287,27.242757921376313,76.53070587914884,5.784847049058304,94.37000587456184,maize
67.57252801601805,48.58029964932456,21.20594519076775,20.527536758365045,65.409699258979,6.727663196536033,60.87841991254892,maize
62.34161438033137,57.88623436616613,23.777337764644912,26.517438471476915,56.87606052676387,5.427027802925079,87.15964921275217,maize
96.08539461994017,38.86445891936316,23.256018388711038,28.22352875949068,64.0742978853472,6.0180627546015835,65.41598077495433,maize
85.65576476006326,51.62216070424847,18.60648363830726,20.12796089959423,55.107262115496376,6.119545255598225,83.49506225872425,maize
59.63683037326526,41.15904111579703,23.907140867970185,22.401365150424695,58.05655218220539,6.703788020333911,90.43245615775879,maize
65.48110879570153,44.57291899089922,25.232017374844144,20.402988791048735,71.42735292341003,5.92216168151207,78.82955767238633,maize
77.60491193698866,55.14308900773535,16.507848577219246,29.323064694033988,74.02281998909407,6.090883419782881,61.97691914760265,maize
81.44721101478791,42.02774786202254,16.098993624587376,27.74891577600249,54.59929371535057,6.498545780748825,100.27448121865685,maize
62.18221914758276,40.467671800361586,15.440594738982078,24.28184621614502,67.08658353964566,5.681595902263013,62.52037313623893,maize
80.81834562127128,59.56044017018115,20.260183385961167,30.051470447531237,58.22223534506478,6.276766402781594,94.31514357306348,maize
83.38163977200539,43.672512835206085,16.34921075803689,20.66585376475045,73.1464836823224,5.5680985938916265,64.82488518380552,maize
88.2736154108703,38.71338194198517,21.483494022605324,25.37333570504475,69.06474716142641,6.409181479467068,74.77011152849265,maize
94.27245392238356,44.750261751057124,18.6075113022611,26.16689875422588,55.86498055915022,6.501777165205692,95.69940752915377,maize
15.634617937385928,19.72368168358615,29.82002336757541,31.33352825424899,51.64575698357389,4.981844910154748,92.99754412595357,mango
21.193722959668747,21.542894124522107,29.60082573784156,34.60588627808359,53.566881139509945,6.716090370967192,99.16517359364515,mango
1.9672971547642888,15.266455159795058,33.99884842229272,29.71681533287738,49.57908917937015,7.1549514534617,97.20302272502263,mango
2.6754031895401096,23.41889848931956,31.252473734912584,29.241078904935712,52.535553773500375,4.643505554200249,98.47834951778037,mango
29.90987594719981,36.69687690912949,30.96906999420495,35.65894648178266,49.383535508470956,5.941399902031601,98.63890382579643,mango
10.877906912881377,17.203147536669015,28.733964845175176,29.9566708760629,50.75316687371713,5.266966716232538,94.09064201572365,mango
23.997117291904672,15.072691755065346,25.80418166165678,34.61655361351584,49.83794378788458,5.494101348310255,94.44839860668644,mango
0.13266268631950226,26.06432813138365,33.885880874130336,31.241646613257956,52.67683619662594,6.170259249537889,90.67898542192908,mango
0.26280293838909785,37.43943366918463,30.96344759131221,30.27711734530115,48.26387513186141,6.719012675771737,99.80444762404453,mango
3.8061509362872616,17.712963477796283,26.77570584507684,32.060008946834934,47.4069713726597,5.740158454923075,100.62865079609571,mango
6.12198542167634,32.5849246463789,35.005078094356286,28.296731204571977,54.39913402036353,4.856367017598649,101.40605800762584,mango
17.48527227512036,38.12347826180344,25.678024136773445,36.77917174463032,51.12680713736595,5.98522758186555,95.00399354714223,mango
32.870187321250434,22.490960121451934,34.19864907382973,32.307625849377466,46.77548733659563,6.076489986616987,100.46507574093268,mango
19.654849036976028,23.74910973452047,26.41930497939113,29.565475516254914,46.689391207649386,6.168931662596699,103.38696103604565,mango
22.621759794743827,39.59718121533328,34.21474101412908,28.82357188696724,54.52673925652673,7.074833415731197,94.88897782972694,mango
38.844279666048756,16.700548793146595,34.93898927420192,27.17764505732965,47.933971230944756,6.416018341985715,100.3909555229508,mango
10.704042029692637,35.73576574004428,27.840731825853542,33.1258230482211,50.27955532064757,5.4899568090282775,105.71674260929817,mango
22.54333512590631,37.99553837551103,28.656057732883514,29.029972192739464,45.92463452182058,6.852437270000977,89.88284673069988,mango
33.46376705531399,32.58796727362853,29.808857860560682,28.9125911277862,53.108500848429465,5.406925595791327,93.86465763595899,mango
38.1174370247553,28.769725017863614,27.45180740659211,29.725888645686478,54.00706997537804,5.768507820198819,96.6779499411178,mango
22.499227394056,16.400205797436932,33.82479214496627,30.197041562206365,46.400946205026756,4.9127655814829625,93.16583608694303,mango
6.229747938714424,19.20298663833335,29.65459481697544,28.972679189188767,55.893545495401476,4.7007933440773195,100.0377509869829,mango
12.762976333932786,27.019938274150388,27.659259103608083,28.66698250168562,44.838995041008154,7.024152401336342,97.73656661598355,mango
22.69206283493153,21.197255797403653,31.7078616424468,31.263567396382843,44.98689129315744,5.666989470402625,101.6612204284937,mango
13.731631584647822,17.96003112394102,26.22246420798686,30.341704098001713,56.309869814710986,6.8013876790864884,103.83702144926495,mango
20.37451674721614,35.29603840742126,25.182254041896744,32.83566247367307,46.88736249602911,4.970662270599722,92.76419665167565,mango
25.188727227409185,26.3974811070356,33.61464160576782,29.97119613081929,50.92832271256238,5.451666152236932,101.68371468214058,mango
24.249976464414974,35.324705119157976,29.536272044781075,30.825080242774966,52.60492689041305,6.726834312448132,101.23196934870909,mango
30.914261675234247,32.56489122371946,32.902623459178955,36.4416889740972,48.931643483504125,6.733901535284251,101.57895578755502,mango
1.928161889009797,31.326600847403004,29.497247941779186,34.72568817145398,52.19534641641892,6.113096746885434,104.27906226580644,mango
22.869621742581664,17.612156318822397,28.607569972561077,26.84341429169924,50.73131561277265,4.726078585831198,102.33281916766013,mango
13.621715001692941,35.7000254547799,27.34568316572667,27.92557163562558,46.02384975324785,6.800227772030478,106.02059513621299,mango
4.32577756746448,35.5459542231547,32.672304953572215,32.582348394182056,54.0749114727628,5.688756244274174,91.07997075461735,mango
26.398459961334936,23.645587981728667,28.452223174920153,36.080277973441646,51.519669274761625,5.72481587804685,98.37939779678877,mango
11.510350550372735,18.966704310322744,35.19424626086327,28.72387505741552,45.97471714831081,5.90200998178804,96.05189107611301,mango
0.8098641692164945,21.57227022164997,26.14251910567155,27.954222767414414,49.22092499308351,4.621302139368197,99.10719824518237,mango
30.306232812669457,22.72694641409464,28.75481185226869,28.042201228798938,48.33392340912983,4.639704716468891,98.38598331624223,mango
12.939514282602955,15.98262534091043,32.412069844282456,31.35925527939099,48.69979741960768,6.439897333567476,96.64124031502922,mango
14.406694143176788,33.97194966987403,27.131952389289975,28.359188010364985,48.138645612295704,5.954917118504107,100.00110553083984,mango
38.79296194843145,34.02079659547378,33.05737560783636,31.554322836610464,48.953749688720755,5.925552064540223,93.80370109111807,mango
31.687740399229444,18.354259006470425,31.47143463022043,33.2598241870035,49.95908614981485,5.494742800157879,93.23233785428859,mango
23.116587821090867,35.26403812728416,27.555078630058784,30.84298177708567,50.22750005019407,6.595019207347076,94.91974613245691,mango
18.446089277275444,35.62952603746838,26.07696257126779,27.81451813816252,50.1842913822193,5.680651204788502,98.29075175567631,mango
24.71269386899137,33.4385033942986,32.758027688322905,28.16641518302242,46.897873466449354,6.342353450079747,103.70143992110125,mango
17.87111087318169,35.60052046585914,27.44447470383311,29.326121898116483,50.309801078062755,5.811016437668769,108.30158697306227,mango
37.783685263485324,36.87052489484155,26.242980339103745,33.836783333438476,53.79681254459969,6.1297114094808585,98.62422070208916,mango
34.91136358609916,32.05326106644703,29.134520836732182,33.6974791098569,53.580997609995364,6.733392649965354,85.76627206695493,mango
16.31798675372393,20.297458834285813,33.95521409368823,29.189461446772214,49.452079129742124,4.8661778569505385,100.81263731654693,mango
31.020426095690052,33.417943421413014,27.624530647519663,34.61662679374911,51.122171845720295,6.034862378834374,109.15825190345778,mango
21.39700162961756,31.821697952194757,29.234914178346923,28.83633507531841,55.16417505584408,6.35185973304015,105.7843498633902,mango
22.3389606714401,30.44702329285718,26.639714747137017,33.98976422108839,48.22381427618274,5.401287763226924,92.96324676846915,mango
17.008140344779534,28.35749842679254,28.116732694415543,28.05995667516199,45.70244173661044,5.490320847475901,91.40776864900717,mango
25.446645822784685,27.597007228545202,32.62427989435859,27.347881452411205,46.51446309004071,4.774783052802589,91.68197203766051,mango
35.15876225856793,22.623965396226552,29.808943055945853,30.291042289264976,55.09850825348569,5.359651090212758,96.01081358788632,mango
26.587885564703758,35.90355564173498,29.96942838078701,31.957406139308457,51.014110321203624,6.063588201140253,89.78649225673405,mango
6.753790004774609,22.82807397707308,29.20857067034537,30.695077440169914,51.50876855055671,5.650255339266038,100.28825575916399,mango
37.613894986987276,33.73180437066237,28.844953480762584,29.343789162553517,47.34278516507407,6.3094125672786925,99.38981144186606,mango
35.68277617965173,30.326178681965484,33.550345493912005,30.553989882946155,50.3109125905358,5.07869823280102,93.81521900469299,mango
32.030740201387765,38.711894687676256,31.923609278425584,27.748326140462005,49.3483337132009,6.373141773512957,101.46737153807717,mango
28.780073965909935,34.418658207020634,29.423821263560566,35.498130069852294,47.79534725104277,6.951622431504159,96.5392977614548,mango
8.875910482443459,22.94459037213589,26.866184442659517,31.762160631789484,50.141767595192626,6.729615072317518,96.98836048150747,mango
36.826860029356354,26.315430148666657,29.081495618590456,33.75678301554102,46.452384797286165,6.420225572801636,102.67645060725528,mango
16.913014976570835,15.654883258799906,31.7344683978551,35.97142635709351,48.79760440912803,5.351230093816459,94.44943228748494,mango
33.79536366547835,35.25441758607981,34.1399748647507,29.011883605122478,45.713956832002076,5.757606414201259,86.63609065039238,mango
10.927672453381868,36.09276745390879,27.63223227144662,28.68942605863608,44.66341612955777,4.728305294527587,103.92098715920143,mango
3.775708268528242,35.212040937918474,27.057267597896992,29.652212571867043,53.85600633674289,5.95630644936976,90.82731898674626,mango
26.65213048276045,32.8145823599425,32.53693038690565,27.323675395123363,52.40161283940064,5.415624493569647,93.32437421007396,mango
29.514146635257603,20.456330504823228,33.50467065890357,31.44112591238141,50.26658155155813,4.938127528571925,94.89156146009628,mango
23.70072061009622,28.070127568258126,28.950768809871306,36.1826851860456,51.521574006326745,6.00291126951155,94.82870714852112,mango
2.56617834285824,16.763850214905126,32.074732375121116,30.779139483880538,48.646428402603654,6.46666546638035,95.08379880626718,mango
9.230898226768895,38.725771748610015,30.482166950704006,26.61308650483621,53.592293515369114,5.748568963776273,91.942177428512,mango
5.558531311405415,21.349458985553238,33.99948993477682,35.72365978332771,52.63498656318018,4.975478380714605,99.23728912363745,mango
25.552233152958102,20.45236204441656,28.030461887456834,29.08349826333062,54.86076843435632,5.048398833724831,97.00796466549694,mango
9.919460756551512,22.004995732527895,32.06844799998588,33.27237139945304,48.32392235427571,6.022140731500666,99.45666740460969,mango
19.704239562331992,34.910035531274275,26.486008596508526,29.602290161550844,50.14039898312963,5.90140523856989,95.71884635321175,mango
12.920517039572555,38.05077399389331,34.4712703597072,33.81104013495834,50.1414675506187,6.570687351699884,94.39819507849451,mango
6.472181661208977,27.066018605920725,32.47712885706299,29.2729037132768,54.57086569979459,6.69986008529299,92.62317363265073,mango
11.641356227488448,32.29630700160806,28.398819242471692,26.52920402668788,47.55291715224254,5.854223905413604,99.74831480944012,mango
20.36690508208857,37.57380943438155,30.45476912770901,28.438038692607225,46.61154974907207,5.169947615168806,98.02613047261578,mango
26.127444694230476,36.223416859236764,35.116328778467285,34.19348602347895,45.05013137357579,6.951777099679343,105.88733887012707,mango
24.874676640969657,19.73655319919608,28.40423445483942,33.68972286810489,46.46683059165991,5.99384252823399,102.09411605460086,mango
21.32530928771455,25.683590093395875,33.26572300479155,31.290874367923067,49.959379538368076,5.7067484297792666,92.23724983375176,mango
35.338194891766015,33.67734819723014,32.69248875998317,35.90736270134893,52.58364141012748,5.238086936121913,94.83301172322496,mango
31.27890478484077,29.860788618128687,35.95131852665374,34.71436472399175,48.354248249716164,4.959192125393994,101.89086133743494,mango
8.623279739224024,33.39703153614697,31.861022748996515,31.78175617751109,50.85178964021615,6.017433921296774,95.9550986808323,mango
12.044941771392164,22.583726145418368,30.063397073397805,28.453364765513964,45.05511742732975,4.547125951378393,95.43825497655655,mango
17.82884537585422,22.489219773209907,28.97966423511118,27.345071991337218,52.34308469342409,5.695295103118843,99.05353627329897,mango
5.5353065545988605,28.245457234838096,31.34771185991503,27.554934017523376,53.675587927694416,5.947762482588857,99.624097127244,mango
21.072453190039194,21.36029730245219,24.772801994941126,34.00540150765022,48.158323769228666,6.989716987363335,100.60620991479578,mango
1.6383372563704894,32.140552060772265,34.29116303518443,34.54329211871379,51.246585795306416,4.741874551912615,90.42826901369207,mango
22.64669088214895,21.852035059789895,26.636842521221936,35.4995107586371,45.50469970046016,6.910802033515278,89.64047331929473,mango
2.0062507464997488,15.97705662359753,26.31984612497514,33.37213655869504,50.884584324931275,6.411849077991541,93.75362458518927,mango
38.44251670423087,15.621186701824616,34.06613154109756,31.38723631072327,46.30157373979327,4.828328138653088,105.73862073855628,mango
0.053066040050896546,17.346232407492057,24.980121602978024,34.85192187058708,48.45002298557939,5.433057342469186,93.44847227293971,mango
39.26104896307879,27.34904155958129,28.00789005669279,30.025912096016697,54.39852914910655,6.4032795760019265,100.96851355300119,mango
7.8676868254436325,34.09904382157674,31.523160253496815,34.76366493704361,52.700471575917554,6.491586010495372,95.05660999739038,mango
22.559283682547203,35.50464595716894,33.62776205244349,29.75590098479461,49.33845172952869,6.189212865257475,107.37412093551957,mango
5.322159873277326,23.43646355211076,31.27450301586862,29.945367083173267,54.20365336467496,7.013796017796769,99.26523962729041,mango
9.841776638276233,35.73460304377448,30.85273277979765,28.94555906915335,52.21491388715945,5.065629008993984,92.69843302883373,mango
28.599632825425697,22.127467380869646,30.978414935318934,32.08985710427258,46.54022187416286,6.627996223765918,88.60699272990603,mango
23.79686915632737,23.673491908232958,34.7481833403382,34.955531990031375,51.39750909375427,4.578139717332044,97.0431213253039,mango
37.577417790261485,24.66177382545585,34.55457002048349,36.02660091970624,45.912039594153704,6.765789924648036,92.43800410679162,mango
12.812999362594976,39.154670095037396,25.50198540276094,27.384994751207827,49.8053510338391,6.674224133925969,105.22189613639486,mango
28.344223062121827,21.334341603251904,31.12524326875524,28.1387793459877,47.034390425265336,6.424105436062674,99.24124086453516,mango
7.272639693738096,26.523487979892295,33.77300948756174,30.49507011212746,50.57608038651258,6.624388059658673,98.77719036504223,mango
14.49232878753863,29.904914249610503,33.18788868471309,36.547952634455136,52.653198463863184,5.97153418766502,91.98114860752494,mango
17.309359223268004,37.88346331671398,34.33833652804763,27.527735489348988,52.55849277226913,5.7051933682147995,96.78286175228102,mango
26.270936422071475,25.91529877808234,27.278338101169968,27.32349916842842,48.88728569966689,4.66835994203185,95.53605262616966,mango
6.017299741688561,30.14025637284653,26.272110765564182,30.737930810128876,50.32140407089672,4.427859224188594,93.95883834909259,mango
9.964440661542081,33.417454431656054,29.806233511781393,28.706758362673703,51.89649114343517,5.969293069272516,96.87466423494381,mango
27.412747939540175,29.926741178298226,35.2679299936552,29.33584088085779,48.61106763246605,4.786768399082078,95.01010804116873,mango
3.6832381491805624,37.77196032933975,26.087881797899314,28.959591519126395,50.61470858360926,4.399906850351428,103.64552161343309,mango
37.965212578344826,16.58867084717791,28.591977098890045,34.33642936813348,50.582120346100425,5.8936432942390296,102.05649363538721,mango
11.111798223311308,19.456551003415377,33.07004212361265,29.53762477644601,49.660337028371,6.441648129171143,102.16726971035868,mango
7.575803815327422,25.262118254343427,26.86756860500031,28.406094529947595,48.62937966052978,6.557808331243088,89.18202473296172,mango
4.5414915023785,17.20783386313691,26.405312130895087,34.46044309037527,46.968022835182275,6.304717134908999,101.21524106278534,mango
40.43995572059655,31.38504433624937,27.30692722246969,30.32278878132507,48.32484041256965,6.5539676460218255,101.11099129584117,mango
25.42264636540975,26.061691257977404,24.729615217982197,29.299087441551087,47.28894006267659,6.088893850912397,94.53135718501136,mango
5.201569288114022,36.972990150710956,35.358793452542706,31.570343101437544,52.820540586070685,6.258969587876634,91.0350938187033,mango
22.94917335669526,36.35414231918247,26.908483812576126,30.769251191083484,53.31765854194855,4.677546179747653,99.48558522612153,mango
7.599637211370921,26.349955426063794,33.814580252456864,27.3278664421607,48.57781253387799,6.048938615243,95.59944417435455,mango
39.36844992390826,18.73736707094565,31.158572837342813,31.690563837453013,46.76419410333885,6.734500604028748,100.74030659563059,mango
5.113835415179726,19.40902993794249,27.815587101627344,29.335782152389367,45.90626858077385,5.428206202232355,95.4126025341795,mango
20.724833608413295,21.606540157449533,27.084197934794144,33.28709725218702,50.5520929621905,5.365445664085121,98.8756938993097,mango
20.51303258004158,33.377311779535425,32.2876461666361,28.185900151480134,45.55355238275297,6.781221040627338,96.64223232815728,mango
4.862967672505709,25.247749951242447,28.63031628313758,30.073091428221055,52.715183608744574,4.5047702325218895,103.31824394136156,mango
37.66704643797043,35.7201418433102,34.969386258988564,32.95446455703599,54.366003498289274,6.771014714002819,88.31962045563208,mango
1.2342413770033323,26.64636429438328,32.03756604063049,29.445713002162083,49.51041328458288,5.044369565046011,103.98141726222337,mango
24.145015005199866,33.14822044440835,31.501461009602455,33.75087332161122,52.3554876853238,5.930481822847737,93.61748790647916,mango
31.52328611834384,39.356051875129715,34.14305076142808,27.040544677232038,53.40451774837387,6.258791669825933,89.27612151104634,mango
36.602512663771556,34.179695578539004,35.450768411280215,35.00778054877053,45.8211678964823,6.486862447575374,91.68623564848403,mango
12.891861711670828,35.58682328733095,28.80291178848787,29.019144430968048,50.84290588884323,5.6016654670378525,101.79102085324239,mango
27.778464393984404,36.293127128882325,26.042253061338577,30.713779027674285,47.59080591642733,5.185977341213987,94.04160396145066,mango
32.614492564918066,25.151085175018718,26.31598506566053,33.13580954947032,52.47632483619748,7.008808855644063,104.71094469420309,mango
38.7466704905569,29.52415857983441,30.484829053725914,27.707847980115172,46.743035510526354,6.416147302915457,107.07145967481823,mango
10.25848900315196,27.072589933508212,31.176575287041217,27.11063697827245,52.30515087695829,6.2137491070701625,103.48870329025681,mango
15.002939706985753,17.463881789978213,24.098173196180266,35.136506480632214,56.201198700050554,5.951127574718499,94.94013623451839,mango
9.52931813479764,22.061583685811353,30.932123751061066,35.129644870768075,46.6693736851822,4.90646038485601,101.93944519065768,mango
21.28509857488031,18.144325910210263,34.193464514322976,35.42095155451315,48.89464992667685,4.9293607767325165,92.50416781597366,mango
1.4698838631823923,17.849580678628353,29.70481356088161,32.73935275027535,45.43248653246755,5.876465383956493,97.49256338515724,mango
18.948862256022778,30.92659172696828,27.539060927395724,28.66626951581944,47.04054663897938,6.5978419290303325,93.6524764355293,mango
20.925870258142737,39.17778830904844,33.5028426394604,32.17170996795563,56.696174583479596,5.831951055617625,96.45530906539898,mango
10.899450752327969,15.397060190951345,34.074684630456545,34.50434149142446,50.92090203301395,6.76646526219303,96.31994570235639,mango
11.69683142801233,27.653983966357913,25.164307220147393,35.90048520883626,49.219482599812245,6.670875832969544,103.0458815735266,mango
8.746650397695927,32.76204754322464,31.593214319648823,30.9350192594761,54.56789080439594,6.398235838876451,103.9800780782004,mango
0.14446392531523589,27.786846030990745,30.540623438697203,28.299085964854285,46.111022172356265,5.187377730260441,102.12673708159645,mango
14.909907802871079,36.61799304484861,28.58588285423762,34.54370011556962,50.76102010845811,5.0704996070967,98.35679770578655,mango
26.789366549711527,21.08152240969665,31.891331376381537,34.51638719265871,46.51612373969208,6.743862318791225,104.65840400459194,mango
40.010176486576654,37.424921528934966,31.58238669600691,33.44978833917082,53.109757446005894,5.085748305809406,98.76291648430174,mango
26.603187250707904,18.970492481538148,30.738842497508152,32.52821336851701,46.68658098213873,5.499016992415431,97.18513597452039,mango
25.554112810041357,16.745121337158476,35.395610205402214,30.529138232471013,48.53869065695054,6.680114433402372,93.20411700020992,mango
8.930423211150964,26.842306412467995,33.438703418043886,34.97715813706197,52.56680866466207,5.65564487888273,99.72954925387508,mango
36.25593850882299,37.50136335561787,30.156334090571146,32.50185999792224,45.66930460515548,5.921374745799729,93.44378295103286,mango
17.59762608212449,35.18188989734023,35.18081258420787,29.67200031148966,47.532332410184196,6.948227529802334,89.843307664941,mango
37.06797112227806,27.118295962057456,32.533100028032926,33.05674047969285,47.873640158332435,5.810211213054875,99.3323622342118,mango
14.480513099148336,28.8555736698476,27.489842128171933,27.91519188163861,44.89757542703833,5.075523342687713,92.87220528635183,mango
12.020232400415285,37.4033326758374,34.48109822841043,29.122909281520883,47.341072741333896,5.752614017606948,98.04205384982298,mango
17.254548147667954,21.66507250564219,34.731712616661476,31.22237668094915,50.0300088377243,5.65786128417773,91.48520434495188,mango
6.877290823176394,25.243055725690702,31.122490521117417,30.77458782621686,50.544623715332264,5.4083516184137865,94.55256173927917,mango
2.4318830250364933,20.30179712779352,28.910934688108593,27.92976275443536,49.60472690300088,5.435266536354699,97.8742936635056,mango
7.923062240112066,14.710707873442793,26.422067293543446,28.360705534373523,48.95494173612807,4.92108321543406,96.0821204764113,mango
35.262321387591186,17.137952196039368,33.977594512626595,34.345463210473035,54.063392109874854,6.76335082295371,89.12539996110509,mango
3.8608403346862246,24.248792353031096,27.987502725058867,34.64443980472229,52.70496873503465,6.474565806319219,91.4519046502207,mango
33.472904517926096,18.117333404905906,33.534714329417305,33.49536420977587,49.00731155739967,5.913866643774558,88.09636928373078,mango
6.4967082571953805,33.924863858337275,30.399335334715047,31.702459496388514,53.916651834470095,6.634369738212963,98.9573934326526,mango
11.346624276210433,30.564800561134852,35.1968178429021,27.19620015775174,51.69914958988892,4.780899705950191,87.25657596344688,mango
35.298862382695894,29.42041862790385,33.87681913552943,35.11861385175939,48.06323756994813,5.9997095848195725,92.67415800461755,mango
9.93581656244753,27.61510345465235,29.627034679440463,28.918416063602994,52.90904476178528,6.315625883734309,96.28020708910475,mango
24.818209297565698,15.768290580395918,30.550270955586846,33.121771656240504,47.40953251987837,5.040631207076303,88.48522008755079,mango
13.011292935940595,36.19504691433162,33.41721803234906,35.9386554293465,47.35325324154452,6.700848182120036,93.8030336216093,mango
24.68066900132259,35.12865113885279,31.44165360327352,30.909858453551266,49.73452531669455,4.677734142615368,103.59682821834781,mango
27.28478128712315,25.5801287089132,29.726372958185586,31.628111976930356,46.72822434579338,5.456257217047962,92.85226031458743,mango
36.511810558771614,24.22935095197046,26.49943986865569,33.4890648576436,50.8043717297698,5.485031300091831,92.75776317046264,mango
29.97078473951423,21.898626971555583,26.758854622067002,26.809766095741978,49.52323616139151,4.83516154845023,97.93541490320209,mango
18.31123308456358,20.02662356270273,29.007632189232307,28.465349972458842,56.66354165794907,5.493840680606174,91.92371735580637,mango
6.8107918499695,32.85195863407359,30.88110693458817,34.05388346931015,51.224774588700846,4.686448459225614,96.87308858700423,mango
30.587276975326215,31.11701246754657,24.831619391631055,30.72724860442874,48.834279758761056,5.043707662844927,91.64060306403117,mango
27.182738421466425,33.98885102889316,25.211806410267805,36.97094778258175,51.93764158930245,5.222207268527142,95.80469939269484,mango
4.641535950735441,38.74438191090698,27.5491687460434,29.52930577650484,51.346888693769266,6.255361081367632,101.37844147389234,mango
32.361878844676376,31.643790210890103,34.633560058770044,31.053112137782428,48.721515501396674,4.8435952517050165,98.16717372262603,mango
20.475498205914775,15.443097454071365,29.44537217587812,33.867027692416734,52.583450755592494,5.2138478867732925,104.94413149557626,mango
29.60172538609377,21.703262691682664,27.645277358682048,34.058619345335565,48.8240853851633,5.031487861663,99.00414473370388,mango
14.63773704412704,16.986736283485207,28.49899895565215,33.12852549928163,53.76770974088154,4.683607358941639,98.4252933800211,mango
33.20381360513638,36.835647809160754,28.101583617661912,34.11831036265243,45.354315242430964,4.523412034435249,99.2654492070254,mango
30.271123581264444,38.06137397014151,34.57224586670909,30.927348475915842,55.50318422795404,5.28368349966402,90.27920867068693,mango
28.642129651958395,33.613545667761834,31.722956341124892,32.34150480111668,51.159245979291306,5.594021283305053,105.09675306729415,mango
24.906957890060266,38.59937427959956,32.35102262129674,28.686921970099768,53.992561960579046,5.245056118576162,96.81792291017835,mango
30.54681940022497,20.9311402999382,33.38152692519613,35.229500017909906,49.94897808559085,5.93775126046873,103.83190980051069,mango
40.06146288209014,39.00613115904129,32.340102134888774,27.262526783452422,54.17423261178021,6.17718353480893,93.52306785682865,mango
21.415605341497496,29.256767278126034,28.626588242843823,28.11069101578753,45.723791229083155,4.783268347948078,102.18298076685564,mango
24.314171605500306,15.934447541477406,30.954932467408963,29.41009356213813,51.571846151267756,6.355577208392133,93.32474094316825,mango
6.628343854719385,24.37018001615922,27.67931840351014,37.01811260761459,46.40538073914534,4.948549633115346,99.2211467104685,mango
7.844962498934711,29.868844938949717,28.710096438164676,34.844524242431476,49.25818989623565,5.346687436694931,100.74887462611099,mango
0.3962715837367298,31.402530847015537,31.071986248650727,29.778213278421354,46.34727915537191,5.196675509750323,102.03508057711738,mango
25.355428884858146,36.55489853844267,30.336366091103194,32.787285433155,49.511371072281655,6.764406311281354,95.96513901613918,mango
35.674928832024754,28.90158239839981,25.813176630286634,34.090651466403656,47.45573365197352,6.002585337525496,97.11002061395571,mango
21.679054482355284,31.67097643184432,27.713356240168505,29.045784017270723,49.4929064437661,6.758245269911307,90.43796659896208,mango
38.914083661237136,23.791630326189715,30.372261879244835,30.545106840532775,45.935924524649145,6.398251368896398,94.62151591936085,mango
26.61628522805044,34.19163772083205,30.17402609070508,29.906115147640385,53.69913648037289,5.3678777453913415,104.26902696513368,mango
26.81552024209695,30.871426168585256,31.226751851160994,28.896229477667223,47.37237094667913,4.665363895546423,96.4939428460491,mango
34.0316543157466,54.117362039903156,23.800129885938166,29.603022468110133,59.1277677821804,7.589124778161736,40.67450801089469,mothbeans
34.178937684733064,54.05155269384394,22.90532685392781,28.37417412671322,48.08825449379866,8.8953563753368,65.85188175629591,mothbeans
11.117649634754502,45.888987160170174,24.943350136135333,29.112126531058884,61.49463208290121,8.571052184863918,67.92759182524742,mothbeans
19.097958096021767,58.35494497842247,23.955456435823923,28.18820190311068,41.90919524786963,6.528904521763444,35.50880890391674,mothbeans
34.93876808364442,45.44712609921339,21.668106063562544,27.43869969968108,42.67699532763474,6.854517397411478,48.89524876199411,mothbeans
4.563650607443272,62.275426769873505,20.763898710365797,29.93601932081502,64.10117623416075,8.451302336213125,35.17582124401602,mothbeans
38.89225078167608,52.914582855282774,18.705086339394374,26.030011550337168,45.29090558378024,9.069982171708737,68.90715212647676,mothbeans
25.922831417966574,36.33753542182668,23.972750037947012,26.281398129686178,46.70573719559788,6.428229701947252,40.65051597526287,mothbeans
12.139636729842621,47.596297299247155,18.012620225075,27.460634220718603,66.41328401518051,6.555019316143262,38.86990934380939,mothbeans
9.713784236751865,38.34123784569991,16.65649221429828,29.6694284517738,57.50026158458554,7.238396963452809,62.65258602053061,mothbeans
12.042678430692993,49.47741547098904,19.092799380784854,24.211851274529895,40.27943422660278,6.61753047849818,57.0895745353788,mothbeans
21.984709947817475,48.755709052173636,24.077763141926845,23.933158397262318,57.339122460100285,7.3502920535854255,46.46251240483004,mothbeans
31.316667860969588,56.72648123030304,21.25460720214686,26.84150304339222,47.429558111359476,8.976358385677592,50.79523233546479,mothbeans
22.934782833876458,46.12731205966187,23.38589329106599,26.16657474615113,59.642881827854524,8.055423570025074,57.63790199953934,mothbeans
35.38934820599347,45.93005060514279,21.585183197511697,24.582810564708478,44.081145107469276,9.090417859675537,32.158642439045344,mothbeans
29.148307468702654,57.5613654307674,19.100682083033238,25.168351790355132,45.35824146447936,9.241000037407694,37.086911234808,mothbeans
11.26560914434104,53.847469542331545,20.497329847164533,23.414949681919936,57.612486874093804,8.699974253920832,32.95570714207287,mothbeans
4.825502023143469,56.91606819083252,22.99186396592694,24.57015524608301,40.815383579031554,9.03388001172705,59.982625254940714,mothbeans
31.68018080390676,46.8660498359862,18.039103574982267,29.91249977060427,40.28888731939063,9.05606993826038,67.08736850373329,mothbeans
14.47681546298199,39.43749295539761,19.928017811384557,28.52590029265094,62.66698097217757,8.458509825709857,60.36805939243014,mothbeans
5.69852698381873,45.869865464168704,18.26663081616327,26.521900512188136,55.41788363053058,7.191653381597662,31.044959165759007,mothbeans
25.69460356644939,46.8372733517668,17.50192737502945,24.648507124639366,47.51399678252493,8.057654711221963,66.32485667616264,mothbeans
0.43480952630287434,59.92907128870018,19.95080490671547,28.130175894648303,59.90833088161333,7.7608662936058534,54.99619381319083,mothbeans
34.258368100838545,48.2226241340823,18.848927229847202,29.442133325863598,39.82302984878847,7.192339882028826,42.65083485271027,mothbeans
25.90242718367381,48.766953635171,16.179444928927992,28.89805808634411,54.03774681790441,6.948587689655865,37.622273901482416,mothbeans
11.295164654874288,36.84993716598087,16.342895501602335,27.053197454690114,45.78665094829637,8.235780145049915,62.23548094485414,mothbeans
14.17238619654637,55.50789978034577,22.176332181208398,29.398840221868962,56.00524507799649,8.190807307613944,47.251868463201056,mothbeans
25.136565349607565,41.48205050622601,15.699671251119575,28.74554556245911,61.56205304759862,7.157283402588871,43.22578503419778,mothbeans
34.199295809607236,44.62369969029376,16.149414539679785,27.81450084644097,44.51629560394657,6.6102155317412565,70.43446086106664,mothbeans
27.081123484650526,39.74622943508383,19.33008040407648,27.882558003598202,62.75916276968601,7.019282116922014,51.55972333446085,mothbeans
16.59717236967289,55.89640084802938,22.62112826074155,23.38581929417583,42.26418017756115,8.286523441537854,48.89676359340951,mothbeans
35.03171938729735,58.61437443354862,21.427318426620573,27.716904522049283,42.59828207882008,7.715010845167778,45.063236463390595,mothbeans
16.1483344684976,53.94012453219343,16.522308612451653,23.744927503245492,58.262360993447636,7.864607154288777,49.43705795259052,mothbeans
6.178254454115961,49.082719260639365,17.590237716230746,27.314322177522197,56.0676200779096,9.718091413715118,29.83351779958027,mothbeans
19.300062578846852,46.99525038611839,16.568044473223107,27.708029295445446,61.15249996849945,7.628184154593296,56.104415582145,mothbeans
26.520744517635535,47.7656258431185,17.39211969245754,23.336539950248874,63.732284174063885,9.324831939839784,67.6851272785507,mothbeans
30.586463084204464,50.59680556655526,23.600240376780373,26.920971831241914,45.152163886751566,9.520812951294797,72.26649337162549,mothbeans
36.09188855097567,59.096572895350825,15.336928378193,24.397326976011666,62.21031446300507,9.70008938725336,44.0347277615997,mothbeans
11.281448781239764,45.59942305029088,23.51095865880054,28.96317201036738,40.7501846463606,9.289897291098582,32.59506446404395,mothbeans
25.459533087683322,50.90505630205767,22.505821855258453,24.681381346959544,64.17930745503892,7.583474405580528,61.29285314754689,mothbeans
2.875615230524356,45.50545059524896,23.600627869315485,25.772987450921338,51.108970437987274,8.35766170266205,58.71593030920804,mothbeans
10.291793940572074,39.97941102540399,16.25024487159861,25.098977605213328,48.16958778272375,9.269463904248754,67.08866351257656,mothbeans
2.7801212737369703,54.24239607732507,23.160139851987747,24.44190244046508,51.17764656199049,8.537456918390829,55.26635395815755,mothbeans
25.66330892304686,52.1022033785413,21.289136881685437,25.16041767620975,51.395713253428774,9.783674973555344,68.0247892500037,mothbeans
32.44719720243564,57.03460960756025,22.165528408551765,27.709743824542365,54.88751224469323,7.655197657509492,36.66693889868318,mothbeans
31.631039767131984,40.7226324813172,23.19980380148433,28.11106685489704,44.63282870032003,6.8716603671214935,66.55153773278775,mothbeans
12.579689979245439,57.30289384620816,22.499613822922583,27.13998931339907,54.749963037431485,8.12971336077261,71.88741822413093,mothbeans
12.660549864223137,56.87435826997119,15.69090406022954,28.62258968251453,52.096460481524176,6.761709531812822,35.22287697342429,mothbeans
15.464486939414314,39.03677541828335,17.53123180918181,25.898236172981555,63.484747411888144,7.301532659629418,48.57468574642124,mothbeans
37.598345951047015,52.59620637073916,24.54406672880518,28.699054462100897,50.11476108397338,9.154255829838876,49.84767670147248,mothbeans
38.99015012284662,47.28648179719279,18.975788831909824,25.52435804455036,46.0662522376581,8.65568928701521,67.71019373374973,mothbeans
9.539526960193426,51.83914367630885,18.06547234469655,29.065214265333186,40.967651889820196,7.216728053075684,43.05808135728343,mothbeans
37.54595437112851,46.506244177579624,22.713365082042394,25.289497813743967,58.77605705856517,9.071144832246867,60.55195676256558,mothbeans
9.793086182744762,42.91244309475043,22.324009741002126,27.81566563992079,43.12827146063084,9.373265359764778,41.376786885737424,mothbeans
1.6569608282960033,51.863341900540576,21.49825887365148,24.826996974867853,40.61925378518106,9.474465411904585,43.296926124157274,mothbeans
17.491458399928213,37.585379378873206,25.100663754813276,23.758355221535048,58.851788898351344,8.546320764077606,33.809060719520474,mothbeans
29.713689640961263,43.47997589880689,24.67544203166809,24.383299000118782,40.95112036014614,9.850697766845636,58.82095048328957,mothbeans
18.899400813676728,35.33736847763647,24.060396458580097,26.81767822664376,47.710747012625944,9.105990417004193,66.67709970549252,mothbeans
18.597135867892415,56.42754606907083,21.22686209949442,23.92597435540162,63.21727217233717,9.418027495512504,75.66425926475951,mothbeans
12.693367418526636,50.23684438075329,18.364218463868685,28.531516762676848,64.78795540241157,8.892065144689388,32.50408275388796,mothbeans
8.647737424148103,53.75125343557151,19.441382687002232,24.814961733220528,45.965164189980726,8.740600821465318,75.65612385909712,mothbeans
8.061282083158844,55.22485435175804,23.787910133827793,25.6054043514494,43.086953473538344,9.561846288363794,62.92490807010414,mothbeans
35.82033770258963,49.76858440241512,20.314743051624866,27.950227378916395,46.6416716794146,9.28029510516424,59.69940251502161,mothbeans
5.8897426949936555,58.10960351906131,22.922088169044216,28.231146662669577,42.55909327816302,10.007764448141092,57.203204793770524,mothbeans
36.135285530898386,43.19831089968706,23.15241811411184,29.47450854752338,43.05621128016355,6.567470891980277,56.43652747435751,mothbeans
30.242477521786864,49.76970668619258,21.751073908980626,27.265367904323774,43.56395585291319,8.596494701687202,49.89026078498407,mothbeans
30.499220087717454,47.35029717715308,16.417708530426122,30.179855529700838,51.23137378481634,6.8257071469033175,61.524946198985326,mothbeans
16.981701602935004,50.7010109923338,20.24432057259915,26.36046888837216,44.75546883681583,7.5478970704495785,38.24482695809343,mothbeans
25.085718757741045,36.68550353453017,24.063656331887053,24.0481586022467,52.457966215307444,8.451253417530225,65.62434305829893,mothbeans
15.56458549730916,41.993063124508595,18.7641389240339,23.99389779334408,62.99501236805731,8.970621861048548,58.79043732243985,mothbeans
14.885081841989305,44.73322525138442,21.87410447547246,24.581599496461493,61.30654454479026,6.5414859952314774,71.36397054601882,mothbeans
19.721313827705014,47.79594627967286,23.368263078255552,24.806203360649555,42.20909138559101,7.7810680802385495,69.1908618341996,mothbeans
11.788997548066462,38.58484985654171,21.913238602222457,26.97602211113131,55.350168136138656,7.191066615800164,63.43835677975278,mothbeans
26.781768134536765,40.87587550757716,19.712049971819994,30.081892482955105,55.558877266425455,6.876157201694618,44.82496328982654,mothbeans
35.0647505233071,36.32862908279813,17.176402796675088,26.14007556333106,44.41031519645074,7.349766572466603,50.61475737519502,mothbeans
28.838450505544003,47.91224996460551,21.55031564346171,24.122286129625543,50.189816795915824,9.174885422680203,53.19459139795715,mothbeans
33.3013848743787,56.37468739805294,24.171878653684004,24.704977194195077,61.60817339121742,7.4987432812955355,47.1420562927182,mothbeans
6.048925848783825,59.087272662686594,23.692521676441714,24.42211662996048,54.09839890882165,7.96893805241735,54.44163325713541,mothbeans
39.57231365671229,60.11263944826877,24.00200965002053,23.997155707985847,58.10875330226989,7.475906502783771,68.18577493166761,mothbeans
39.30244647137133,56.644741670126194,20.545153909754696,29.03877734553205,56.838237426182374,7.407844111303767,70.62440134674426,mothbeans
35.51479932375894,53.91509997847929,22.18182240124061,26.915342333437245,45.64740896429231,8.097488957892054,42.28820504646798,mothbeans
28.622385019221504,54.2036844732766,25.218891022799856,26.1367809711697,62.58361436324806,8.690187176149252,52.898919621832015,mothbeans
28.72863226279947,56.785349362256234,23.82381753691955,28.351701538485038,60.155231059230935,6.829472569593516,67.54800425854206,mothbeans
27.410242315929576,59.52450721378378,18.93957661884934,28.332813448016683,52.35055752218953,9.319509164961698,46.111216763607594,mothbeans
22.03400142051451,54.61469134418143,23.80923184043234,28.416876061051035,63.20208895898753,8.66894049400739,31.629580242483676,mothbeans
39.704259476162356,36.52256209582118,19.73477250245155,30.21189240371679,64.18344097561362,7.818685272870958,29.042333867369408,mothbeans
29.23770046491124,45.28295736874534,18.5782259489334,27.167485104773114,62.397073784381405,7.083255965312068,57.62296090105636,mothbeans
36.066982145849856,36.48449480377984,21.257681145815777,28.032777563265903,44.90271930797774,6.757725975583655,35.60810754662503,mothbeans
16.914108349406433,36.16592959229189,17.0921455012448,27.838731523034276,50.26131650424816,8.549393546425833,38.85368914030638,mothbeans
3.105671561930333,38.099685586472404,17.282767490721373,24.657088870516322,46.03587222204812,7.487850366651632,43.53045183358014,mothbeans
2.426969927608903,47.44796783515243,21.266407695866892,27.104760515397903,61.72826857730479,9.834315141286863,34.01190273956203,mothbeans
4.210545119880359,56.11864106306346,23.945762122514935,26.771484931377145,54.71674185461616,9.223520601364433,36.26041879471302,mothbeans
22.454967061109635,50.369612213483634,21.616833711441977,26.547891419337674,59.649969441780854,7.64274957637391,50.82638504809264,mothbeans
22.86820620930106,40.8417897488201,25.41717903959543,29.648360771945956,50.86104905234324,7.208153027648584,41.083118652921804,mothbeans
18.538841809573654,56.262300109852,20.567279520521648,28.522596681940556,50.781182890839155,6.9779071973713895,75.1648361182679,mothbeans
18.85466141912671,43.316169337813,22.285345388501092,28.673590429455793,54.93379368210856,7.880996482594053,70.09708311055614,mothbeans
16.839335599416035,34.63660158442235,18.998857734437507,27.055050314293727,58.45394427190865,8.155776648860709,69.9282052108581,mothbeans
24.52257019790308,37.88489646218666,20.15541383540434,29.358287440145507,56.53744156649346,9.253496812873282,65.83463277954927,mothbeans
25.484341368176974,38.60357932368111,22.269871278361887,28.257057844978256,51.28569360901051,7.774746983364871,68.65498014796383,mothbeans
11.337674049766523,38.01239783787618,17.9026240901565,25.823894325740937,56.25891685427171,6.892547839641616,62.64264425806396,mothbeans
30.626696216398337,50.447155889360104,22.788606584844505,29.321567162646264,59.141133618999234,7.174907216792016,75.6401781159539,mothbeans
0.19038039628184122,56.14195074348608,21.86552227673741,26.53438767989766,47.788745991774334,7.0166965375029005,70.6226693599944,mothbeans
29.41034537692046,45.619283428373905,23.697682803263287,23.94736225853083,49.65375989778592,9.223976471755767,32.19062983853219,mothbeans
35.670280924254634,55.211181037486384,18.58218506442819,28.335137304979117,51.993979151556914,6.888418735816186,58.234147939705565,mothbeans
1.1821127328642866,42.85337357213739,22.99001982778009,26.110681691181636,49.87734015432861,8.142948202272606,64.79742544169342,mothbeans
13.752240204492406,53.382124317913515,18.621128413995987,30.572922160508966,62.94884449109825,9.030253935501982,71.68303429203513,mothbeans
38.88627831635788,40.62028470979047,22.494059711428434,27.638727265738535,48.274189125391445,7.799328145728791,36.62156029978194,mothbeans
25.49581325420493,37.926282488352044,16.444224851947723,24.97342171255399,58.470570227205116,7.894225316149289,41.833105193954054,mothbeans
6.369187222965197,39.23899826512266,20.523355507206553,25.138112138140322,59.503253278604625,7.9252263209114675,46.64761315801633,mothbeans
16.2559056177994,43.277379135269314,15.81240439383907,23.723451637113996,42.85684078488053,7.466892112896756,72.37868363642352,mothbeans
20.91087342567769,49.30872733884354,20.75898669793959,28.215084286827214,56.86827804783467,9.747232246166577,72.74877621749793,mothbeans
4.00929082273043,53.4979403179324,23.041404944001133,26.476041038275817,64.03685492817462,7.14633599985301,64.49086755812692,mothbeans
4.206887012700719,36.80318874919356,24.92724653202087,27.79841935059519,49.54399387722676,10.073118326555873,47.57627693291143,mothbeans
7.779514613073388,51.70427841121872,16.752532459036466,24.55767095796631,43.8077144280173,9.310150253655543,30.80947777049684,mothbeans
30.533707765817805,46.719300306691586,17.35182722218218,27.842014517391412,62.89706936641739,6.837454370730959,42.27053393530538,mothbeans
13.827505057683407,45.17806604407291,19.283130076115583,30.01915402564493,41.53708266071465,7.43120503243535,57.356925610452826,mothbeans
11.01947965530085,35.90453450722884,21.043805508313895,29.034970222594218,63.999341783485036,9.547399742616188,54.436686790229,mothbeans
10.342730926075225,45.55104241424067,21.226444521257903,27.22767105636489,42.459552561593924,9.861664611036462,49.73120815730519,mothbeans
4.229559598518475,55.75226328827045,17.52508228532362,24.922455115710886,52.35977205249918,7.075101249932451,43.79997709226753,mothbeans
13.184860147606377,52.778372750935276,21.43674394924606,24.99281192472538,43.22105453842402,8.816498295721106,61.69599124012891,mothbeans
18.730094657532554,53.56112411319862,16.227818246483388,29.6502022416345,54.486961877227905,9.086260855891771,32.24907081646106,mothbeans
21.039691907386658,45.58229112088651,18.94956743743409,29.71818022557692,59.403272432197454,9.647282959156081,47.99923897577573,mothbeans
39.01293259411875,44.62848500879195,15.64553391603023,28.878781221172325,48.47696713736301,9.729523212166987,33.23588450542617,mothbeans
33.56208306317249,38.21672565603572,19.003744600501904,27.66043750605153,39.691558092604645,9.735293829337316,60.828464794963274,mothbeans
37.30657102873377,36.76406659702672,15.0352250117472,29.207909355416863,49.19512262872849,7.625291971016685,38.6595237231461,mothbeans
17.207915046145853,37.1287847495265,20.881495296223385,25.693974644784877,50.84561509515377,8.410825697994717,58.60760580911819,mothbeans
15.244051370852743,56.94613097498729,23.350555434738844,27.92620512333203,55.00684936517993,7.917284083398994,60.118288025931136,mothbeans
7.4245150491003455,34.54330839632375,16.713091260362983,26.291336494948755,53.50358684178913,9.483900348432135,61.05124227928436,mothbeans
15.111048364250525,55.25831890262933,23.32659289225521,24.602099393320835,60.39167942138413,8.320088022947704,53.50156463696684,mothbeans
29.529163209682633,61.07302794436788,22.888958676097868,25.881678792012718,53.361592816840414,8.524970049081873,56.139196266126774,mothbeans
1.3876843117777569,46.015307826565405,20.38267168328184,24.37151393219406,57.16111567702791,7.301339213821822,65.91434219907099,mothbeans
16.252942985430312,57.798804780503716,18.75079524428951,26.51217656821986,54.45684675684296,9.308583901736489,43.271784474463715,mothbeans
17.5302537300597,38.45325003544723,22.215739538548643,24.356613318863122,48.660404820869026,6.7823819109971595,30.24271122754959,mothbeans
16.307177724617212,56.509222245668035,14.833494460158278,29.042076003559995,47.50588138476884,8.900297923787791,48.175766201975435,mothbeans
36.45813678635455,56.104961076002674,18.73121735759769,29.153121375223602,48.39717876128161,8.748839363902079,53.98830872199713,mothbeans
28.09379464293575,39.69829934758612,19.576636362064832,25.563226836776604,57.91595461184315,9.28737673177983,71.9757337852655,mothbeans
36.87295691756181,55.462926133320416,22.984082929703774,29.28356719258505,48.61816186441472,9.160803419342875,54.70211116015411,mothbeans
39.99874601399386,53.67352347851186,22.363741078081535,24.626885199988653,52.71006795750451,10.146648557764916,41.23585172679896,mothbeans
36.01484045766786,36.62446942115684,16.739571642066203,24.730372120682873,41.83812313007694,7.393909809576892,40.58692520834994,mothbeans
28.486089785949883,53.97132056141367,19.910692182063237,28.966069415871104,60.03797805634487,7.044331635630501,40.74461378501157,mothbeans
26.30446072209286,38.5115971342626,22.32112781924232,23.51141407447188,54.472921180847116,7.600932593897796,61.62898206067828,mothbeans
14.593245772087904,35.90267152744678,23.55042581455348,26.897522425693378,54.80518335327248,7.3220804702750115,64.8150476131523,mothbeans
12.34214777467668,56.90714188685529,23.04408509299026,27.377364247321534,41.62907863173765,9.936695527132981,42.35576915961574,mothbeans
16.72908235288062,36.749242602308406,22.67823511831023,24.161645747166187,60.442789910657716,8.876351922704592,48.42243037964463,mothbeans
26.88663896882339,34.346512463003876,25.17123657713733,29.313647559617134,62.35597863128476,8.35806211563783,40.322101969107436,mothbeans
9.97120696426143,42.15023716189201,15.55851158924221,25.36754983476392,49.57819821060082,6.794930457782029,30.419449359327313,mothbeans
9.05738952108986,58.40426137112214,16.814341633178387,28.989144792746316,59.28730840240446,7.474683290772521,31.850745226422237,mothbeans
0.024211098534849908,44.551018259196645,16.006155871605742,26.967724005122783,49.920626180496086,6.663417151614423,52.30132686875149,mothbeans
34.60535723639829,51.19889345134207,17.512347161614443,29.13122808488361,58.007687260135796,9.705123593557078,34.02715308411358,mothbeans
11.367754739335817,39.758977468166435,19.409295143434765,26.039140441010808,59.00857336186529,8.178462092577373,49.846735867875736,mothbeans
21.990064168938385,39.97946246671117,21.703938000381108,28.964593621993522,54.21454902850446,7.743148335847945,35.0101764098002,mothbeans
9.391279024927627,40.37513533251174,25.039130032620495,25.996137656871277,56.14857616368689,9.754168041503164,65.78926986053068,mothbeans
22.965202547273567,47.50497320873237,16.533893818059845,26.036085509830688,62.767883179659876,10.004782500598578,57.071630777919516,mothbeans
19.949824783383367,38.28744844221784,23.004467498558935,24.93543007764261,43.525485782494975,8.297622067362207,33.77993914735313,mothbeans
5.976974301717388,51.20344666642377,23.50603611170632,26.156212582969516,41.42848238201374,6.721384662857574,34.93258460701915,mothbeans
2.1542161240154183,60.85946010602969,18.16060972315684,29.46023282532102,59.942974499747116,7.6096083610411425,36.63494708594514,mothbeans
13.432652397722865,49.94870598434817,19.793164248947594,26.539264846842265,56.58140385405918,7.741425616702293,58.27114739023542,mothbeans
38.17618120149801,48.922557349078915,17.808904706242085,25.932540412641377,48.933395449521086,6.963248767939643,32.90738291858149,mothbeans
20.95756126380866,37.6869144051293,17.56820459411873,26.8303370807837,44.740586893595804,8.078716058313972,46.49191662589588,mothbeans
14.520023086771314,47.938591619211486,15.611232478877186,28.59878472540336,64.73131580199107,6.726468481777373,66.0441662994278,mothbeans
22.465529790975154,48.00596509655787,23.14974901261556,29.0047744700592,44.38602786222932,7.810423804874576,71.47156355200197,mothbeans
0.8803000363295236,47.769168560317986,18.78195928980027,24.670992840767074,63.26727142471035,8.182290599882945,48.53402471280662,mothbeans
7.5071021505237425,50.874312203475874,15.459214398848541,25.583604864929487,51.65567672646098,6.781666689024307,52.62771276565048,mothbeans
25.192669953624687,40.29329593064796,25.02905842198191,27.286071706308086,64.45083865077618,7.525553810347696,57.24090704994123,mothbeans
9.365991228814444,35.30271656502199,17.749399581637988,23.802066785207693,42.76071302283508,8.970337158120605,62.1211112094488,mothbeans
23.532510919832237,55.37701390719418,19.66740080384735,24.916787172694885,62.93322047152896,6.803452788094364,53.31145309485765,mothbeans
5.724036488426299,52.48867671794561,20.19248519710141,27.075695001778797,41.047964928678596,6.903449634998525,54.33309995426027,mothbeans
32.97503491814362,36.383869115123495,24.019150348275577,29.256652692687297,48.62405288651305,9.946824781968632,63.506690457644616,mothbeans
37.398124401243656,60.81712189354323,17.149407862218858,27.87005126810087,52.71167738875092,8.14713186680006,71.85375719965398,mothbeans
19.91705287686659,53.83086280201481,15.605801121118198,28.195652073035685,40.39290549788881,8.32881560384425,57.976082179371105,mothbeans
13.500411054859907,40.692907783632315,15.310804843561158,25.694453472523303,51.58518328992155,8.082548359308918,57.8547476014448,mothbeans
36.77632182525746,55.68102504284208,23.543639226210047,23.716419528904826,47.4299871631354,7.482310881000222,58.881203399185004,mothbeans
7.919725425958397,41.16060716704625,15.168552588337677,28.469438767563105,51.00753379919791,6.438676200583278,45.868734178982756,mothbeans
14.606778058810928,36.35655744249402,17.794629534855716,25.06824073202386,48.33513950786838,9.250234448634664,36.62145865962374,mothbeans
19.30371395962828,38.90324284206984,16.77799740107962,25.520417375037947,44.12487798557479,8.644057207771578,65.78715384139628,mothbeans
29.503213664297306,56.5714702326603,16.43158967336123,23.097642653751457,42.04035028719735,9.794750413380196,64.86524913554503,mothbeans
16.054759790844784,44.40788199873552,22.391480323948667,24.31347473322513,63.690958120274914,8.386615508254945,50.53826083427862,mothbeans
9.785849382837059,39.15737778992346,23.872735594694532,24.964229518190187,59.582356435951056,7.209963463916511,73.26255533977536,mothbeans
35.82977818932945,47.67458953584125,19.713156948874005,25.33444975201808,42.77743930523134,7.77010083439708,49.608098017863355,mothbeans
11.365871226715122,51.85199337294555,21.175287888815088,25.5350508407365,46.92606404681945,7.884505338159955,59.46827649318984,mothbeans
3.9199688200616105,37.82618077801667,18.598899583523842,24.738621004689747,59.337164038743595,9.369472890497333,70.05554387179735,mothbeans
33.874955061131075,50.23206963411538,17.762337802360108,28.028372498000667,45.44810347880038,8.587141755679811,49.37471251301176,mothbeans
13.549643871468971,47.78570263905656,23.24586060594402,23.421485430299214,52.65875850638729,8.159948793729042,69.69614060194321,mothbeans
13.162605440641949,37.943681733417044,24.860041705697427,29.044321196791433,57.587694938694284,6.661913994129316,53.278934286603885,mothbeans
15.637764518488067,51.375629846617215,16.442300329135158,26.339876403020057,54.857625026442626,10.246174459205283,77.12254096970574,mothbeans
5.072879803562882,52.713663840854196,19.922341123009566,29.199593942751715,43.65336708393678,7.461297861968939,72.369687395062,mothbeans
32.90979947931119,54.83665444573139,21.13542023175039,27.214513739033087,61.75773440479815,7.001363008540061,56.499713153482276,mothbeans
19.449118541625996,57.12258198653612,22.776475760385992,28.976374622984117,61.4712673674476,7.952031132797059,64.2779930059153,mothbeans
8.311712595047066,45.61856767440846,18.811695860973046,29.84344290126499,58.508845378257234,9.37524654781609,37.99471389061171,mothbeans
12.863828322385919,54.585035679633364,19.345842490035725,28.829022703698268,57.943560242710625,9.287527077961315,30.258181365566518,mothbeans
18.95601139962712,45.31076258082599,23.585582757677273,26.723155919440984,47.966395892668636,6.73532621831304,32.003926972149294,mothbeans
21.31452961361865,47.72059379213498,19.26882363092498,24.989197672476635,43.248044504273565,7.140439217466629,64.85799342637928,mothbeans
4.730364989465591,46.363188818841934,22.016031780452497,25.245203205344886,57.71735028288089,6.768765155269157,37.50531541566799,mothbeans
2.7896580095201067,36.35791154587263,17.791928847411125,27.910070670070528,44.72349539466469,9.381562970728158,63.75335701872798,mothbeans
35.11300950916998,47.132147488036075,19.403005098895246,23.916311632541216,64.17598904184317,9.325067761902318,44.34382473674031,mothbeans
12.801036412710555,35.85329282121409,16.870569587176604,27.4719741899715,45.59063790705388,8.919497765599111,47.27882390638719,mothbeans
29.82301642606534,39.10378445419825,21.741195352974664,24.507563841018538,44.730714084116165,8.306706949271286,44.205083682335236,mothbeans
27.185011509533798,48.1937976566718,22.57402570512688,24.426714975511658,65.51270842450528,7.280265625180834,34.47483102366877,mothbeans
29.472122462028683,45.30221739951322,15.775036830053226,25.060385291463845,53.50798760243221,7.543853906121598,36.152656071118685,mothbeans
7.073890995338886,45.555503022119424,17.13013291045658,26.943193906050798,51.5867455146376,7.370244969481099,60.85204739930799,mothbeans
32.42293204066327,55.321744492807056,20.309203622299822,27.41060300201735,83.73759595195389,6.896411211468285,47.10503191809245,mungbean
23.911305257765505,52.00082122048747,16.272366117627204,29.079308630706283,89.59604069734675,6.183682210594403,43.523475709338506,mungbean
6.34520532218268,39.15160195094991,15.376365287224141,30.180993196096864,81.5635446357643,6.692492641620152,51.715750631914474,mungbean
29.5328932329058,41.104607699000624,15.321868496867872,28.631157510037543,88.22987812416349,6.357126412184151,51.425706096738004,mungbean
4.323224834798487,44.79438519685351,24.36977189838681,27.326100087359134,87.61330629754049,6.969623534438714,50.3450514884945,mungbean
10.01356289226387,43.31285779304806,17.380385259775746,29.166434228227548,83.51133716141226,6.534637545150918,56.61848822124923,mungbean
20.00680844936347,57.822613762439495,16.472602216392637,29.768405946611043,88.41286461854433,6.505046872706103,37.78221386657913,mungbean
12.608526329981645,54.97121693373538,21.38140272432858,28.8280091487322,79.7556305762089,6.592495275101409,55.660032453373255,mungbean
33.77008186716586,55.71034667154518,16.23388441432437,28.78988851092491,79.64653245961067,6.077364010900034,57.75569457355802,mungbean
13.543546656933408,35.58038423647076,16.716619460621743,30.37805215124731,86.35763271194811,7.2015501079717446,51.16169388088423,mungbean
35.06431921693289,51.96877855901997,22.089570830951907,30.16876084638906,79.84441183652626,6.771376624631569,36.52380573292873,mungbean
0.3794127784676593,36.11098419669796,20.28139666488178,28.42480349608526,82.81748588429913,7.22955433380793,55.85484871275496,mungbean
36.92744022260215,60.27416129502353,19.876979644300963,26.91091702696942,86.59807641327197,7.1264545154156265,43.02585188721548,mungbean
8.074582349306354,36.02081294014832,22.96735915209401,28.311568148309135,84.64679451372001,6.13375919112116,47.890901910913506,mungbean
36.448089379813396,57.986249006594726,18.906070430165133,28.381557156462833,83.73797596399862,7.023263823047506,52.03154816834184,mungbean
18.114553361353725,39.26483732193618,19.40992580135018,29.52863318415798,84.16890183055719,6.652654686267117,55.386891355672184,mungbean
8.672304361882118,56.87261677163714,19.41260009793138,28.081056425632518,90.06565140992296,6.619094862005154,40.68277776105757,mungbean
13.662556191385956,49.66910338955428,17.83779424503328,29.291965517293427,79.42297837571677,6.777035963736338,41.6507139792995,mungbean
8.991067419651415,53.361969079025926,19.643622724394397,27.75783327922707,78.75385053082245,7.161941834493797,49.891893340990485,mungbean
29.609494367358344,46.881512700036026,18.63642815501511,28.94488715157714,84.12197599473988,6.455769762968208,50.836077497024085,mungbean
27.53642357235368,39.70101358770368,16.337285268720834,28.784618471106395,78.78912930436239,6.3067769279640045,39.51254584696938,mungbean
14.952115835229439,54.658391244571675,16.099760296889542,26.8441534136873,90.33842883910509,6.982668528204032,56.85357609016463,mungbean
38.51470612565237,50.84600421104862,16.756177574276236,27.929872486038864,80.7409130843105,7.033557304175055,48.1056903523582,mungbean
34.823948623989715,51.17772536778113,17.663499898644435,26.74001645385522,88.5875109145954,6.827208937713569,52.484479394967344,mungbean
7.473238304481414,57.0096247247622,23.97494838349639,28.957174049358166,86.79222781548046,6.422906647660687,46.233225015909795,mungbean
13.336091692949841,36.09492289945301,17.10910222950142,29.10064402232387,90.85497969606477,6.588535762084337,54.69850135759243,mungbean
6.806715546126525,49.47505961897792,19.394046325517053,29.57315787156802,82.29072757847456,6.537529581455821,49.36041421234744,mungbean
19.796263933590353,55.94465588700936,19.706110097016204,28.383070957263907,77.45340457505114,7.102908765430601,43.17889166918633,mungbean
18.270554703357888,35.94628315691266,20.253406615597587,28.856194338635657,87.0964220774581,7.120508771322323,45.763587241204206,mungbean
14.260931184564358,41.5645565496541,17.45508570030513,29.522456325485724,81.456055622831,6.8612241954168045,43.7708681778063,mungbean
38.960960889865426,56.4278962315938,18.228520489742536,31.08952409822957,87.26963849660503,6.135139875839123,53.50412188560627,mungbean
35.44737803652488,50.02644131500225,18.89242545690131,28.55301667086295,83.82828205258176,6.668971330757692,47.69032351196528,mungbean
23.958364350230667,34.93630521224741,17.927669182146563,27.39298130382457,88.18640925867878,6.8424297088943185,42.61875438457086,mungbean
13.251336383509388,56.76590677813235,23.845477329816756,27.295822962365474,80.68686210534672,6.375713121721789,37.81650616623261,mungbean
8.650483548297752,52.617439401874925,16.771389660260702,28.45250887531382,87.36776700034585,6.9019969664811835,38.666528330726074,mungbean
33.25020810694317,60.338052436329356,22.93757893863398,28.4473497387307,88.44347808850107,6.690229057108868,52.32993515941781,mungbean
12.403345087001044,41.41016192223835,16.428467502130367,29.666918122701844,86.82692528386448,6.276646904668375,37.782737630334594,mungbean
31.149721810391043,51.21343334910775,20.923703051144013,29.828042798887484,85.30569160799752,6.491242544850217,50.52277744625602,mungbean
6.282712614468674,48.038453539879654,16.93310306029496,28.719190608272402,81.27366807478172,6.4166735676721975,40.504432175543194,mungbean
16.548867026878003,38.02389691634234,15.98271200238722,28.38886563853197,89.88577942214138,7.210877114536092,42.18900674972372,mungbean
30.28990571559506,36.64914986692539,14.987914387908328,29.81058549178424,84.27744156331224,6.855321342614361,38.776216759249856,mungbean
30.71369431996608,55.63116449271517,22.064038529815257,28.1493370400352,88.98347070978191,6.121103208711314,56.616680279448616,mungbean
5.376149718057047,58.28604244724858,23.98899904209582,29.53104792192248,87.65616242673745,7.089671828314686,55.366829728271085,mungbean
10.638730245179708,51.03441368478194,20.03147190846481,29.706651756986712,83.54734473278975,6.889218923535792,58.39772578349823,mungbean
18.975252879515615,60.281910607614115,15.503036092380873,27.4771750223037,83.22028117438062,6.971838740494818,50.34734017526812,mungbean
12.615063451441479,43.56899819645845,19.284309320601334,26.81350245872537,91.92644305140593,6.3989808913288675,40.69100036634651,mungbean
17.60662751290535,55.721162414899084,17.004845376654416,30.69019767388577,85.2675943736472,7.181720749864863,41.25421891775547,mungbean
11.39190925504829,42.88656845982785,22.44800623367644,27.342787832417944,90.70347785035459,6.632885677528037,47.88076999280611,mungbean
29.779392451108823,49.645698637370494,17.390379959812833,31.344677075746244,85.94382816398074,6.386964924950214,54.1245332614809,mungbean
26.152664419169554,46.63179785258556,17.84908611007253,27.21592052752311,90.32946675295959,6.829498541770657,51.03319332284591,mungbean
15.569461293740899,43.173488600906104,15.889572551137576,29.489304026786492,80.93086362110876,6.640693712243613,42.210088210042294,mungbean
35.35247379969927,53.41980280622775,16.28805519725132,28.101286072531213,86.93065040261207,6.684190512937176,49.681387873911255,mungbean
33.00651849181326,38.87672461037352,21.170925665974067,29.868298730229952,86.79299377804305,6.310232723488382,46.89562017537609,mungbean
33.781001596255074,54.72194201383733,18.817015188889908,27.362126008258468,81.36118895351537,7.1284720028989,55.12268623479336,mungbean
29.147859018263716,39.36704665518586,17.724023170356713,28.132556200699874,87.35643442875877,7.098699976987051,49.17161596162485,mungbean
30.291693941165583,51.19116849768746,18.242280699440037,27.716544864859213,84.5076859354555,7.196203669300178,48.7827281376215,mungbean
26.766935718864822,62.13487993354055,20.813018919103257,28.83129941062904,81.79027033761292,6.654614233915255,42.30788569416631,mungbean
27.826845069920022,41.9123320186806,20.191968472331556,27.816095472958377,91.04439446585998,7.065556213470487,40.76477052837873,mungbean
36.78983061343278,36.25292555258022,22.2407164009709,28.473874866582587,87.12712500963494,6.4670143369184565,35.85073107559845,mungbean
13.004988074019506,38.36750000441987,23.01440457245676,27.08493343430607,79.54969322470798,6.8364681124223745,42.711898605280155,mungbean
30.83456589514617,47.35688202926955,14.770792864768291,27.236876903961445,89.19410788975573,6.754027600992963,51.323614569080576,mungbean
32.60684942121243,54.94536324174783,18.033806199405536,27.80802270639877,82.57402833533702,6.46979439010677,45.23623047565812,mungbean
24.230320012262187,41.151256486810055,16.319007081643477,29.8137901942492,87.1186983358802,6.138605053815182,58.4052441807655,mungbean
37.09144967885536,44.667865792979335,23.402020150430484,28.865740286009686,83.7851135984032,6.431031991308846,50.462297037041196,mungbean
36.269104172293744,51.777142671965336,25.073815750895985,29.901313079491835,81.09119719900215,7.286462767804527,35.58834943638937,mungbean
31.4527833117144,38.20192781761318,22.269568167280912,28.68226294770122,84.09593705880033,6.804715241260914,54.336429031089985,mungbean
23.218332491762013,52.98907729854486,24.044199695923027,28.254195676822047,90.02403739965486,6.986444726713332,42.823688228261275,mungbean
8.492322563070829,40.82024733424256,21.725343662519386,29.50412344007827,84.24155153057343,6.1983944747896675,51.37720934166613,mungbean
0.7263095002976389,41.089818456500126,18.78793855703812,27.159183031684663,78.88785862922059,7.176861585364421,36.939333341197965,mungbean
5.509614137911217,49.80915684957305,23.87886572011039,27.029471594374517,79.36482937318624,6.738568937089436,58.42146139706519,mungbean
23.155041772808026,62.577037305530105,23.176689962638907,28.881916628007737,81.86819709408033,6.1454801865104285,50.47812988738023,mungbean
39.754437308509495,36.955578756370116,21.36005000716268,29.01915653603379,81.4043634231116,6.833759537620911,45.53871825048926,mungbean
30.80841477549491,53.54357687266412,19.89328419492536,28.275568676728383,82.38918188647847,6.820091761340772,50.92919426626459,mungbean
2.37333056006431,54.267210965170264,16.285744344568496,28.326674920385205,89.0048366141376,6.303321102745027,50.04206426257367,mungbean
12.726526522665772,40.41287229566364,16.68296669539899,29.222830373590508,88.48458770388604,6.812506525258329,47.34454458316412,mungbean
19.984962233999745,38.46362062923625,17.20557898964069,30.003390778927475,82.27794467648515,6.2535808471956145,52.171788426409115,mungbean
22.874903188381996,35.993612642996354,19.5363814290999,29.834159614756356,85.51858105311878,7.336339920510274,49.77112621371415,mungbean
33.284931546626716,43.76435388260059,21.163638309418474,26.9434076755727,86.87116174360695,7.022422111128638,53.145688242418295,mungbean
38.87707042777619,44.8733536049388,21.297432371955658,29.21709628057348,84.6409661114621,6.549152364885737,44.84031521904898,mungbean
14.165280484992165,47.89963053859434,21.177216290976915,27.875860928162606,89.3321812555134,6.487398886666499,44.53491643704319,mungbean
25.73702105310909,42.515832015769575,23.65579882474469,27.618981852897566,86.34306910213238,7.256538782312652,46.27798628237854,mungbean
4.103954042546882,43.05631753527112,20.763157792255623,27.27494281072542,82.93338970081322,6.738761807189888,50.72826798127491,mungbean
7.4706348843398604,47.00255191359953,21.137324932069458,28.625205099020544,85.28376038314775,7.085888761024708,45.7501868035142,mungbean
33.62549429956383,48.25693020094633,16.03179982363525,29.220281394843795,86.5378231947681,7.265950637698721,49.59796714938064,mungbean
16.304146849917313,48.77582613094228,17.628693240667765,28.637469779844494,79.9036445717459,6.712371659780989,45.870417812564725,mungbean
33.811387154553955,45.387159074709835,21.660389889747588,28.385268003583718,86.5358419692638,6.753403883361559,54.57500067088692,mungbean
36.09535657947316,50.1031052803833,21.535718971389283,28.03144289152585,85.18422761617099,6.50160935032577,52.52381846069723,mungbean
27.754805801705082,37.45656487883093,15.872845180480954,28.066111610781103,81.56532406964529,6.990058833853586,59.94875590649168,mungbean
9.346877691614344,56.9448345878641,24.101597691280347,28.6791211350382,83.81263759368437,6.593005105643788,34.8835868336495,mungbean
29.572544910344078,47.34725072241933,18.419914245798747,30.410265601743394,85.88053832253624,6.274913944168947,56.980488368409404,mungbean
5.318471596832383,46.854520034112205,20.601067721787235,27.887904147531405,87.37976833949233,6.370109474507811,34.97789351090411,mungbean
30.09348076616242,52.00108494734279,18.66883555624089,28.082368021837233,83.03471195754986,7.1106154084282736,48.614481434121544,mungbean
8.110299184816226,49.00741402783671,21.286620650283112,28.672354307689954,86.11652985674749,6.74986184690749,54.34729757696672,mungbean
26.59847276594902,54.82839523911695,19.510185845115224,28.39370603495492,86.07770530795884,6.249375784254882,35.33837434518003,mungbean
9.851935719563539,39.434599368533426,24.881783925734247,29.032342154327544,86.6545043048926,6.248542043462457,38.43597155312387,mungbean
4.62167519452378,36.659795767529715,16.64909491586334,30.651885667630765,88.00073963858968,6.205269211201291,45.33379677343724,mungbean
14.45904228496019,39.21435792387065,23.7469281601885,29.431875621249276,77.61474377332812,6.817506775274611,43.91787532137872,mungbean
24.98388392618192,60.419573831149705,21.69887303266285,29.39593394733859,90.57812701511132,7.062356716551364,48.27144231480463,mungbean
10.5345704740166,37.04126398200005,23.606921231655463,28.763395829114796,86.4369359573538,6.523697298548303,40.264140048349425,mungbean
27.728893822067903,37.79600667674333,18.456432568703534,28.845999662899878,80.33325588441527,6.275956124436881,37.099285959980755,mungbean
33.923816092968224,57.52758556626686,24.829929082278525,27.839040512457984,82.90257898542316,6.333874126544907,48.08963926295937,mungbean
28.84677705867653,60.35859503510806,21.529073934229814,28.657371921485176,81.6552837108395,6.677419273142304,48.90952440145101,mungbean
23.853765975980693,34.763753417515545,15.521100918787695,27.849225829609566,81.64723078738378,6.391328077333476,54.81046915346936,mungbean
18.177320489305227,46.63625857092705,19.63752737342113,27.537604827269146,89.56866062772598,6.533314734838941,46.61259444458304,mungbean
38.75285333896618,44.19828199538685,15.516432388034591,28.658673261493316,83.17524895431784,6.949466269794904,41.42341652993701,mungbean
0.35059802017896013,57.25206179705321,24.216737335983197,28.53097554808357,81.50097116694646,6.382415566632678,58.94940239250648,mungbean
3.423206935131989,39.138195609942,21.83654296102979,28.99703241172062,81.92850016458237,6.490308723891809,49.97773561930039,mungbean
39.20988840867439,44.314318972846046,18.307577788397335,27.621607864202605,79.91903327366171,6.934465941054654,43.95059316039946,mungbean
31.491364560667314,56.82497517205848,18.35391296115342,28.19811966809747,87.82825162776186,7.302830375495673,57.576536896039265,mungbean
13.6560698811488,54.291474100197775,15.396214833087189,26.646034050913876,86.66217665770989,6.923666293603355,50.50291455035089,mungbean
34.7492707860435,52.9250552091202,14.878667628567314,26.650942544801612,91.32403946212146,6.159419912706349,40.545164475235254,mungbean
12.524401955815508,34.955688918646096,15.111815009126394,29.263504766964434,82.74399040355314,6.91822725639198,54.733453567259964,mungbean
4.714299872139078,49.59322387233337,17.668373536258276,28.66296757463165,79.0341241392111,6.669845637760113,47.468126827802756,mungbean
35.29732276145348,37.50003190648858,19.04968208551871,28.04612743156492,79.41774852403172,6.832575139741638,58.96691367089211,mungbean
8.665819752406792,42.95190524401625,24.89747477236113,29.924340652472814,85.48422301772052,7.038879620305979,41.01308791940137,mungbean
6.3961487350473085,61.929249749511364,18.534084231721778,29.02707970729763,83.67353394409415,6.489976615345173,40.39605454892458,mungbean
36.60978650599966,41.85082906487995,16.12505062444148,28.310705149099665,78.52583746714862,6.960845359116291,42.73498726513876,mungbean
7.419240689433797,55.52379659409886,16.842838656696117,28.386849912937922,83.30931556663161,6.270028139506644,52.12349486800062,mungbean
25.659181819032487,41.2775817884343,18.825378338175597,27.69990238799837,78.83722959921013,7.043279762428485,57.712794891141826,mungbean
26.624381545749976,37.557534199090306,22.10019916716904,29.92946019078658,89.89122553057963,6.447958082592483,36.64033027120358,mungbean
33.00793373593613,56.81703660623609,21.1959829208878,29.11647386545847,89.20102342510064,7.146136622575836,50.24251633814014,mungbean
29.108168555993622,44.725271180058044,24.51658209509576,29.960319160106035,86.12141758950142,7.081147105117269,41.05975060786805,mungbean
33.92615550838056,40.81062951807673,18.242328287410405,29.8953650337249,89.36568604311584,6.147425844584831,54.30655929697548,mungbean
18.73226578696265,38.733450803399215,17.757872716012578,27.337281678500904,85.5306125012445,6.283673171266454,46.68239874786249,mungbean
7.357960950288656,59.20428204871674,14.937109742099635,28.854971071628565,82.16246347494295,7.0373564730594875,43.25192660758566,mungbean
36.90923136686065,39.92304467557864,15.576676888927166,30.074117404095563,85.69280162819666,6.398849011077189,50.355728268206306,mungbean
10.2921361727653,35.67530192224061,24.50551913666601,27.8331092612178,89.01615623225437,6.29500669047193,42.57369076652365,mungbean
23.72433176835721,41.15307658918796,24.284151545410086,27.580654355211998,83.54462061519324,6.299172645121774,55.88043644791197,mungbean
5.203720595375717,59.03678327621718,16.515391744378952,28.56740112343409,83.73121870197299,6.510723290985233,47.96440712564003,mungbean
32.26534294351073,45.484103837916784,18.884771437984096,27.83550371175886,78.26162794360378,6.915394521843118,34.49120695960077,mungbean
32.918976406398386,60.3810537361657,22.888532014267316,27.884805527662486,85.61871741283879,6.598533892104705,45.32078434565584,mungbean
37.34923293900217,56.81662393635675,18.46189505467909,28.69823305419509,83.86888582254596,6.124550984946431,35.830725482601636,mungbean
27.692326291015654,57.8341275473199,15.271322626644944,27.106070509457794,83.05380602156276,6.238771426956793,40.18929730415919,mungbean
14.895147142716427,52.92147270781868,19.596113243468555,29.051878449623924,83.47776776051406,6.372735260892321,49.12912069158049,mungbean
30.2573888382334,59.14116589486341,21.31511975240063,29.516469644978695,87.87061036314054,6.438808433340567,47.85257970209302,mungbean
14.494178252472306,51.759949222660445,23.85486211757995,28.32932175397889,84.20725912566816,6.557334294541714,57.22694216527623,mungbean
15.23555553266655,43.607120920551424,15.08314571366666,26.668050724897473,80.90651266713311,7.091846902555799,56.4988306628571,mungbean
0.42649344792978333,41.53609657119434,19.708276966051276,28.824991016410994,87.74833239037,6.5040238361369695,47.24862389598909,mungbean
34.65278134879088,36.59054028423939,17.637792568769857,28.450714501987143,88.50883846829136,6.677130498715279,36.65255266284156,mungbean
17.065599134823984,53.0076891689662,20.16940642211324,28.362148880576363,81.6806268765898,6.312961800289575,36.2796713491299,mungbean
3.1921891956083863,54.18141360790437,19.997529814154362,27.716905679795723,87.73130134016044,6.338923066191752,40.531420997605665,mungbean
25.937086903873553,56.9954788516491,23.266865585850297,28.184447259666815,81.19416792106212,6.253992163956299,41.37568828000046,mungbean
37.85166052697001,58.19864773423613,24.319248622679087,27.248005353054538,87.2470771894489,7.265519606027012,38.98783191658986,mungbean
32.946272726810065,58.4373627506068,24.086750076970635,29.16930935487722,84.09968880743311,6.369309174503993,35.497848536346545,mungbean
5.004636654224811,53.73502071334268,18.585566449376724,28.818663871953635,86.00055188682444,6.3764238669165785,60.35773062871646,mungbean
30.988998559800834,42.48463923542861,21.004590120126778,29.802674412786903,80.51226910584515,6.182592963721977,39.60141613304576,mungbean
9.06269412692081,42.61456324982392,22.249272571996602,28.111302529986016,80.7959609379115,6.356173661403297,58.71174929145629,mungbean
31.18570584067974,43.28103489027913,16.01265247250177,27.287320921862708,87.14364894984719,6.0385668708990705,52.73543901211002,mungbean
19.450937916891725,47.05472394939976,20.507520314571764,26.664867647724634,83.02615527244663,6.248015189890569,35.78472479755195,mungbean
19.678829463162035,53.953993391917315,17.02400969409669,29.414133263712824,85.79051492893502,6.7976750546380424,58.612036130951466,mungbean
14.330730536101699,49.981379705980345,16.081430656253136,28.714386838256456,84.01912747492018,6.8023084846177655,48.14222914167893,mungbean
10.841981463403675,50.27804783942105,20.277226838083884,28.622045795777957,81.63474038791804,6.462030558679762,41.795812249583676,mungbean
11.654997826175459,40.679300800795566,24.956644472822312,28.038155722203257,86.93252372939286,6.847240112592885,45.20918168724358,mungbean
25.817827148727915,55.838666242711405,15.245855629318921,30.38307117193381,86.97462438441822,6.241612210190129,49.67078479305503,mungbean
33.925946473879385,36.36999981856765,17.249353971609672,30.29677427857108,87.50657092174394,6.294483235870026,51.487542306267244,mungbean
19.323522093175583,59.06361932732684,23.133150035935618,28.63192479165727,87.62760753249172,6.399997741031602,41.006107749455104,mungbean
31.983564889565358,55.91875278614833,15.250673030411885,28.301006495805662,83.27737946138022,6.448819920845784,55.52075225670229,mungbean
14.74329662089028,51.00365470891229,20.365800122260765,27.2401367628094,83.41017583155521,7.149375499989732,41.942290546721516,mungbean
18.309763702728702,37.498802792776786,21.667565733711804,28.368079852656848,83.22343975010844,7.007014928430535,37.50359542867371,mungbean
20.632572631895474,55.92274132338828,19.82884713044115,26.558159638160177,85.33641274772182,6.248470151088826,44.20179569858821,mungbean
12.770227272756188,57.36422238092148,24.267200113219168,27.15922075386163,87.40726069378965,6.855144627488988,40.53366690001099,mungbean
17.20346294549559,49.70782549517747,18.31809212514384,29.582448876366993,77.46249812497398,7.106235258358315,55.33066081031,mungbean
4.951263933488767,59.233057781273715,15.590830017849793,27.527270606239693,80.27390907284172,6.02059871316543,45.6010499223456,mungbean
24.74835805021044,43.630775959130894,18.774268941201125,26.89976739169563,84.61166705488777,6.952766101849292,54.93428277092752,mungbean
11.172958434212452,54.27297316938631,15.93127774506918,27.76265305106034,85.31287139443869,6.844660338557425,48.60554992038597,mungbean
21.284094524597034,37.15776827021095,19.2689717818528,26.835920451794223,88.79555844590053,6.77911934150472,38.08418916935263,mungbean
15.462329681014799,37.07339180684555,16.40490916757997,28.888793059828497,83.89984973384368,6.261787914638388,56.16062462299115,mungbean
10.632055932997742,54.94577623869774,16.188439571274436,27.32412108787709,87.66017691722179,6.58056417652232,52.07859795610865,mungbean
32.5218154885061,51.58084340713,17.649065497399754,28.52239756034104,86.54386572696245,6.293222089996646,43.06464758736574,mungbean
25.391292983965553,56.63028052681764,14.84923989328704,27.901631070094876,88.42529776286788,6.537416831556574,50.56625520491603,mungbean
6.718516585867434,52.29454437527388,18.51732167973839,27.71910535702041,85.32714393357017,6.333712244715114,55.480786373804186,mungbean
39.12461198715759,37.46514439321639,23.071970567260927,28.38185538973103,91.52483317661654,6.441203333620409,43.98833061783408,mungbean
29.43637265684795,53.468826448121284,22.200785910506,29.56911945314304,90.5965349308247,6.477236936539623,37.44846023692067,mungbean
32.24152524640611,50.87540682285279,15.243774070045603,28.30987275248482,83.72917251159707,6.504731168791581,39.35982674358028,mungbean
24.681149843394113,50.924086768207715,20.01130155330429,29.418926418308136,80.95802500001334,7.095572225863202,36.32135085517047,mungbean
5.062105749031283,37.66938107200056,14.934177556306306,29.320545964724257,90.07053263879146,6.494711029494435,34.9313792132727,mungbean
0.4662293396543928,45.74046053419371,17.341847949270843,28.448215292925397,84.80405049205643,7.195755322788201,58.58775161309446,mungbean
38.6664020225087,42.51016701497881,17.948263168880374,29.685359541833325,80.9144501724542,7.117228111936868,56.53725172576995,mungbean
29.9735787854754,53.40033329941652,20.737338641023076,30.38654656790508,85.93222442022063,6.903800882133464,40.49692979429555,mungbean
18.560484760284847,56.83476365505881,16.353413726506947,27.801418287504976,89.84811334065346,6.417140009874569,58.8030872934088,mungbean
34.66314391192951,46.556748221534825,25.076310824985388,28.07969438313193,80.4898061727504,6.751393656147054,52.05336630068573,mungbean
23.245499481651045,48.61716164930128,22.112335717281464,30.4267530904798,85.29785542548392,7.038263555575686,55.44616480847979,mungbean
35.105849098476746,57.88898615923067,19.591436095444223,27.626492947510332,89.01461959367843,6.487498885035772,36.71899250437635,mungbean
13.404470931671401,61.33157607070964,24.869134619680835,29.248528599822563,87.42487775871389,6.751193955663457,45.92431481539485,mungbean
17.010532828314687,42.740021812711056,15.870313485378855,27.64937556762633,87.6068318429941,6.348407098911767,51.50785925579514,mungbean
23.20540596955183,53.37538742962527,21.241750118430833,28.696590788575886,79.63685184161545,6.981619488077274,55.27289259639937,mungbean
31.44074726400896,39.58690139277507,16.753902362417005,29.623854747314386,84.85757035338528,6.11840613180263,59.40900473661293,mungbean
30.8389462798314,45.22004466220585,21.510859920863666,28.249790269504498,83.59564746333325,7.315646544948541,48.631105673465456,mungbean
8.398160946060838,57.43940676453604,24.786453486492817,28.418759308908673,90.00518309857678,6.3174858556971625,36.07647997059469,mungbean
16.84215709700476,55.497942506642616,15.691166397645278,27.41687936225931,88.31994913627035,6.643065093311621,35.889107402620795,mungbean
11.271138717960639,41.95441579600069,21.121246396252943,28.306695160257387,83.65113014856252,6.2737168453003225,57.65907743379964,mungbean
21.69815226345147,37.735375301129025,16.93351184789667,29.34040646038774,80.77927132960463,6.326342514818062,39.910733159477275,mungbean
26.04199002790389,49.80958220211552,20.47979389888466,28.03676282478938,87.25333409744444,6.734304808112504,57.81758820453418,mungbean
25.712311579728418,58.761013406790994,20.270742878421252,29.079733016057954,85.06509622727462,7.08030337469794,37.95763096432075,mungbean
3.2441805472826624,46.88314031894311,22.45318434298978,27.08115085746564,85.9241153801185,6.818082889658273,50.972397699401796,mungbean
39.800142566856486,61.40501566064753,17.68968420895586,28.120061682562124,86.38073305897818,6.978256631271656,50.417583788534294,mungbean
20.74348863748496,38.49464478068515,24.77078922616646,27.093088797460926,86.60375549855807,6.6310846197791475,49.14365607421083,mungbean
5.995819417734929,35.472129508103365,21.30727844345191,29.399183085871808,83.28516490273131,6.893125445510662,49.57846337396039,mungbean
34.70958817688095,44.60702622483861,18.161300047104643,29.348661676041175,81.77727787608012,6.7372951131966206,40.62212505000293,mungbean
22.086622643551095,39.923678517564475,16.979995688442678,26.12118764539457,84.93926085005785,7.095054137355112,56.982589539044504,mungbean
103.80947273720626,9.37126242283462,52.88052860117859,27.16529497695065,90.1206665100273,7.0266952954760455,21.217297917192102,muskmelon
93.33969665627465,10.976376121773528,51.48323762789787,28.78034155313934,93.14609505945846,6.126388944812183,22.358951414627104,muskmelon
86.16674049860546,6.166413731565845,53.16403827017795,29.387397276989216,88.64353134668792,6.766003325774635,27.07605585242172,muskmelon
92.3518512387352,26.4817359034478,54.96609161944816,27.41331332757968,101.62477111587631,6.648831167847409,21.785338921372055,muskmelon
106.25767806210668,11.142243446595035,53.34906599067784,29.285622465268833,97.442828417348,6.3157064168329535,30.379365234528194,muskmelon
87.79836618063416,20.32912113974827,49.68474005570523,28.3539513585889,90.86110446333228,6.565127543021768,21.42190694483367,muskmelon
86.78862576779893,19.298563700418818,51.548918460494214,27.90773762459489,101.24014472614955,6.5636645676555805,27.34942767824686,muskmelon
113.38572579558586,11.107899752976646,46.83530790809842,29.259891174781025,98.04620379392962,6.4020060519129,24.563487753728808,muskmelon
113.6605841645887,11.427647020156124,48.84358801931526,29.002914208697547,96.07235246865996,6.787741067570825,26.438280884962055,muskmelon
113.15383840244313,13.640710219714707,44.256362302872795,28.14411108293078,97.48569680527505,5.945201004742104,28.216347434190897,muskmelon
118.41485049829242,25.600956058944607,52.28804738778334,27.341941237700187,89.49131971984123,6.4749802943764205,20.776780879871215,muskmelon
115.42378561098849,22.582268537404047,55.19153262007611,29.75492893330901,101.81810879468392,6.698027684313322,28.881115510529174,muskmelon
83.15558026550765,11.683924809770462,55.120981736336965,30.638123675481168,96.51492733754367,6.002992921870795,20.703568226130713,muskmelon
80.31431153981335,15.247031695790833,51.727113024083444,28.552924226428416,89.79271354176723,6.420394032317003,23.381663512617163,muskmelon
85.05539980384225,8.661373971673596,51.539588700189405,28.500125709328884,95.862592065251,6.22899871234089,23.176254534360623,muskmelon
121.82858170691954,5.454878342845618,55.7853917692604,28.353454444391026,96.02275014319449,6.40053161675126,25.180900000762442,muskmelon
96.40377711024844,13.767832017469752,52.24793169675417,29.629566695741545,93.3741565663459,5.802784563001501,26.67884556726546,muskmelon
84.83195004448149,15.438001989504865,44.94922174606685,28.682294137682813,97.49607031222789,6.694422808896122,23.16119118402086,muskmelon
81.87551282017273,25.58073109308615,45.55405887285322,26.4924054069336,93.43569351409397,6.373262185454262,23.80769228911319,muskmelon
101.50660575617479,25.319923971506594,47.94519397670537,28.891981657095837,98.00171585320925,6.827721110589833,30.74509787028473,muskmelon
104.58671089986515,20.593695180276157,49.98954960828984,27.897502568909264,89.36280242980641,6.756525271526101,28.558588202509956,muskmelon
116.20861130119732,28.98836130081876,47.747988869637155,28.398767982034705,90.80339621157515,6.242095199619745,23.808950485972453,muskmelon
103.69255453612726,21.811393928550853,47.93388395346361,27.234475651304596,89.48729588634379,6.491967330177389,21.35029218032296,muskmelon
91.4253531200882,12.000162633139633,50.98842821367372,29.814255909704993,92.22807481974495,6.478497937905506,28.622343788075693,muskmelon
92.1036848106301,9.550824493886173,53.12561073493733,30.022361449039337,93.46181569430932,6.022070741300694,27.125880752696283,muskmelon
112.02074769822937,27.419005282209735,53.32468817827845,27.93896292582325,98.80319266778908,6.336711709075881,29.513676293582613,muskmelon
119.17424297958625,22.054331657255176,51.0682673382128,28.434462490455065,95.54453171897067,6.533570241785612,21.13553651881765,muskmelon
95.22787889531944,16.725022820712038,48.61634899808562,30.337590685282517,97.97269390761764,6.312710623497841,23.747026248134876,muskmelon
101.26180694968663,6.949332051248914,54.107351122850524,27.371788850586473,91.34341057928759,6.793413659016258,22.831955198516464,muskmelon
116.51566781861423,25.639040890141217,47.87167285969485,28.254788537253003,99.91370825717628,6.301279993994171,25.025856016809456,muskmelon
87.87758093425738,6.135709713693008,52.22760926881536,27.183488742805128,100.38415268786804,6.31761138240771,28.342015621349272,muskmelon
88.31840777132687,6.611845957910755,45.02805361955032,27.507933164513275,90.68003349500978,6.2755302220170215,23.76083998926795,muskmelon
83.29868433996793,24.456148191328857,48.730703581976286,28.84095557095899,93.71521067901016,6.389072257582803,26.279124717967402,muskmelon
96.618358158595,18.456750275691167,45.51718723722778,27.921621065767393,90.71033236759192,6.2702819804901715,29.760208908916656,muskmelon
94.47742029645806,7.793972168260549,51.7071938241546,26.791928687351806,98.5453011279197,6.573518561966104,29.512296363942617,muskmelon
109.62427379192975,20.630036235322493,46.77760359220571,28.93561592345924,92.70303206129407,6.686060849987005,25.21687842669597,muskmelon
109.84065095297564,9.878100445202696,51.71612870740917,27.478735584614245,90.86554483457958,6.6623259787766065,28.819545136258792,muskmelon
88.90681919328668,12.357372176040204,50.24816777552478,26.72816803377736,93.96759040891432,6.131422249360624,28.962303170425596,muskmelon
122.1164359933332,9.362758795556,45.7568214688026,28.252834722097,94.50909338116917,6.673721073895329,25.52954248529865,muskmelon
86.47408182851781,26.926057033655905,50.52869822191313,26.647519658769383,100.33802308161938,6.037221156123884,27.592865234176113,muskmelon
102.46525435499892,12.51235163424427,54.874643360336925,28.320592877466993,90.91646988474201,6.53849353986388,24.020153737904533,muskmelon
100.7360033430658,14.579838438770082,48.78595222893323,28.889714727695484,93.2406449016994,5.934923942454504,24.614545362665698,muskmelon
88.79560286046016,19.349298516287174,52.86616027581651,27.531422222537596,90.06741460817642,6.200833439803762,24.19028003178582,muskmelon
92.1186065606268,23.102479737329343,53.0993991385206,27.836813045125773,93.14823332646871,6.4777627516632865,27.620175266984717,muskmelon
115.17671280887517,17.780730031854528,48.99567015641023,26.8822068823367,95.88460560014676,6.683442881385218,22.82845484163882,muskmelon
98.50165696663318,15.935963624251183,45.96952383866888,27.183134218448416,91.57525058345105,6.064422156289355,24.10791269863717,muskmelon
81.23699749440767,5.376668203374163,46.87371473728156,27.160432032842696,93.50228706333421,6.558866222742104,22.392959186678645,muskmelon
119.48810909458668,6.029061426235555,50.23786615844923,27.97915745207927,94.07743734649414,6.396349930571522,30.3069366687447,muskmelon
111.87566579725781,13.067766294424723,54.29723431937782,27.35209346274712,96.46814011254759,6.731648034450954,28.849278430983933,muskmelon
86.68263414812466,6.614294156134504,48.099205127906984,27.344459857128292,97.02284619807105,6.122398712037876,29.53984032782766,muskmelon
114.36398204230893,26.44411887623337,54.68489217601733,29.292321431585005,100.8882546210974,6.310260497553523,29.24676811200698,muskmelon
113.24879963773732,10.962976028802858,52.559139302683604,27.768338361379236,98.2633168683697,6.359618866171179,19.999412129906034,muskmelon
119.37591277918887,9.335511595333523,49.62195593399634,28.2669757574084,92.48063930011295,6.773932602525749,23.7732285831011,muskmelon
95.015839453035,14.594722588808219,47.483379163154275,28.01985034363423,90.4685342085772,6.260229383516606,21.117912282239224,muskmelon
97.58389932053895,25.30104787520576,53.571776520261515,27.955735096297445,99.72815269199205,6.259231338585877,25.262677169574022,muskmelon
102.5504856010645,21.698352821762995,53.4443325743099,29.89204403009047,91.05575141128145,6.689376102165692,26.787189729210947,muskmelon
84.8230815409025,14.551785556869529,47.09253762419689,27.95160470803884,100.85709813036357,6.11815706130296,23.730199766718307,muskmelon
92.53155556012602,6.065864229435384,51.90787899865102,27.119685281160958,97.77081759327956,6.2708413649219885,20.112311726856344,muskmelon
98.12290304165529,5.970760758266828,53.02713077593096,26.81706086359715,94.39265372218692,6.876660845317221,23.425164130779333,muskmelon
115.4459998888292,14.210605153615484,45.671883182330255,27.208628122075694,93.70540990530301,6.112193718319571,25.4396442154486,muskmelon
105.09745013626042,9.415816743987541,45.750886012408216,27.001011543864944,90.68175254165766,6.976017991360808,21.83099939361077,muskmelon
107.17474634500608,29.563418931068544,49.32841909100833,29.533212388333574,92.82923887750705,6.676024530593719,27.560569998202393,muskmelon
95.54907908428476,21.628149968734476,53.63253209328603,28.166393976981023,89.38853534667231,6.772867485770746,29.385949361610358,muskmelon
87.67098078791888,6.0037902593411125,48.441736525201165,29.490536821652793,96.14281880879136,6.479850416275814,20.328154148459337,muskmelon
102.54237143803068,17.327309731952756,45.87811691718027,29.241941782493534,95.30747586802428,6.544914437667886,26.723154113785743,muskmelon
91.14642748773713,20.154730217561053,46.684441233377164,27.774052819194235,97.24881737088066,6.50326980399918,21.54311140656576,muskmelon
106.76033725814938,11.4257169119277,49.99697150803738,29.14320765515128,102.30193820855122,6.518972161987534,30.78156097472308,muskmelon
95.13561583277739,9.599651815151393,49.0841468196385,29.4012787449782,99.89127866715994,6.88526059279711,21.54007126581032,muskmelon
120.18337250022395,7.448241140943893,52.33393224017034,27.68438283852052,88.65984340187777,6.950624965012729,26.916752389771805,muskmelon
110.90477183315187,24.573978985150443,49.504672205699826,29.460006665716925,97.58661069563807,6.665097596936774,22.545495345106684,muskmelon
88.98539220136759,20.764402918471085,51.245427907065704,27.332327640968455,90.97028697337404,6.320420418466846,30.583867353052533,muskmelon
121.06372193165485,9.344030626809547,48.7583715130134,27.33359811918862,97.11601905001002,6.555179872862195,28.372075883788536,muskmelon
86.58703049621998,5.2217839056264435,48.63909307807855,27.62268316428617,87.6751701623572,6.48192706320858,26.219722489161736,muskmelon
97.21778165788139,14.693139317251637,52.659210545777405,27.524510205848244,94.21998084037436,6.832949887786176,19.910848715052115,muskmelon
112.36573070269822,11.215673327164065,51.267609668416256,27.67269577415813,97.68311611886556,6.307282964670905,24.33094380111621,muskmelon
112.1825674750497,21.868638942246783,51.22711496465453,27.6883544458757,92.17097902184021,6.027943048433076,26.79331694448103,muskmelon
81.30772600049842,12.93339299214944,49.123074814753046,28.71351130374484,97.27330271009468,6.527509324330487,24.708441346545655,muskmelon
89.02812386295888,6.061864084533797,50.640548007059095,28.75233826435237,92.74450360593082,6.6459640296052624,24.4978184267444,muskmelon
119.53245805044877,10.315803839544035,45.69478867072333,28.014463147254897,91.73937970401121,6.2907123000916885,29.885291006391483,muskmelon
83.70440116367608,5.420116338067047,50.36419509822738,28.783368735074014,91.92118282044268,6.4309620358175525,23.952398130150325,muskmelon
81.09364713507263,20.135127098490806,50.215793154748084,27.69215823025477,99.27796755403911,6.486745599612637,26.440403905310433,muskmelon
87.95089575126082,12.214654897527273,47.84461795428593,28.585561392912286,95.45487604156115,6.5896447134447165,22.48724052577143,muskmelon
116.04253772279333,26.09882887608651,51.89146247050442,27.527870957957703,93.94829893375663,6.550060511337804,24.19634156571933,muskmelon
104.30892977747129,11.35392248899743,47.151168607935155,29.378499513263048,96.57565307729153,6.190415366401272,22.507044027007645,muskmelon
93.43502295083091,13.401270358537108,47.5396268313423,28.482101092723337,99.30996274033362,6.606796404079504,21.4770980433412,muskmelon
119.8768044760562,14.38561484904862,53.06836522921091,29.74851877745873,94.00222544167485,6.577763273807368,21.887982253940717,muskmelon
91.35223889425589,10.4578521235869,52.20572622091571,29.229969930751473,96.83364692740166,6.928212958988157,26.473406235393067,muskmelon
119.18534683354177,18.923470894940845,50.94096988023307,28.024878823526926,89.4730663534799,6.785286953488602,20.81626828934097,muskmelon
83.44350857108465,9.954783736300246,49.98407553140463,29.53565896191312,93.9735623549738,6.328035436463813,25.733654688136255,muskmelon
99.56089918336083,19.239051776466933,45.29761455075971,28.896404770396376,93.04998326250448,6.768860599400373,23.998440325481837,muskmelon
113.76915765951524,11.483740157255793,49.08730442173096,28.390235922294494,92.57973619969252,6.352597823144559,21.967677668891156,muskmelon
111.61143860019615,16.723657153616955,53.34905979537214,28.145836720396073,86.26162344868087,7.008725255692428,27.00501780507326,muskmelon
115.00334438926147,27.86196047232941,50.43531747472694,27.902323764977417,98.71365939542518,6.706784739358574,28.05969540074939,muskmelon
86.21061771156488,8.896437713924424,48.3856339432574,27.560391234085813,91.41091653203387,6.062105087911172,19.410747369556503,muskmelon
93.86331495733734,8.502772329329062,50.15148327974506,29.700405244959544,99.71332776987798,6.837389924891818,28.939327243417598,muskmelon
112.67895674513179,21.157250221002393,54.929603236872126,29.45532134901282,94.82498000243308,5.928366079340848,24.086750563586584,muskmelon
89.80017337392276,11.185665131193257,51.15329396957937,27.58087083355732,95.69426556300509,6.288792543545069,27.229371538386527,muskmelon
100.28791082032689,12.028522293013214,50.30651592119632,27.6228932682264,92.63298730775801,6.2889101445882645,27.07499614249305,muskmelon
101.97137561154264,9.467795938098089,49.39888768979904,30.247978775575245,98.96273667998291,6.3322627947034125,23.523997201624944,muskmelon
123.45214045930572,19.427915390136018,50.383634843574015,30.867461799763404,90.80069353226021,6.643371092093945,21.786273668707345,muskmelon
115.76342551474737,16.261555956480365,53.52904239281246,27.201500877710874,94.12516182483101,5.782944862261147,23.30235252173199,muskmelon
102.08854641581324,25.97171218072565,50.22533638324833,28.227066636449578,96.78878637749546,6.106000760067828,24.643815410366514,muskmelon
95.81990557125329,20.5055271733658,55.7271399188985,27.618926979442577,93.6936893660744,6.307196315017372,24.633134092397402,muskmelon
91.89433495144746,25.01874779000812,52.46626897389217,27.738010972748654,90.11154597579373,6.940668488118377,23.596588660639135,muskmelon
119.77667941093809,10.065354991855765,46.80866597928167,28.44060674077617,94.8219623937083,6.547390669705412,23.269321608297755,muskmelon
108.34642707664155,10.403347594178745,52.69182733915723,30.13022982051745,92.76331296308584,6.4264310442263035,26.108175481290935,muskmelon
115.7911693062875,23.077672640149867,51.57895063786301,29.294539720230436,95.29180701119088,6.9982015043192565,21.575653817304637,muskmelon
114.492124085809,15.988851113277939,45.47216836311531,28.621489358610393,91.91696899308938,6.319841423321336,24.23973328765544,muskmelon
110.43584656316087,16.780363653473756,53.01258031088214,28.99794116624768,94.7702995132391,6.752665178707927,21.49253981538487,muskmelon
104.2807966452975,15.256356702593806,44.71717135689857,28.62881140792161,93.91608980421647,6.567623185408815,26.952144987660507,muskmelon
117.83517347795845,29.885323294904918,46.04604423504975,29.12051913254327,94.94447585874782,6.5092079841678485,23.41240943740052,muskmelon
113.70310309122948,17.620171150945865,52.15634821674896,28.867994654592895,98.88598017132863,6.102207655119835,26.920056974309617,muskmelon
93.61520581040018,9.622460223921662,48.701458029624774,27.926228485600028,90.4516891333879,6.384884057480732,24.581938550501388,muskmelon
90.76250395768416,25.675387179313248,50.527020739965764,28.621774290320577,94.78435392562015,6.6328951764455235,22.98043514896019,muskmelon
94.33468395317236,27.504111617393207,54.62917069699765,29.85508461594769,96.74941147996984,5.915305254595238,27.302968511451123,muskmelon
84.95280317321716,15.921188431641234,53.987673146783706,29.92340764012308,96.96445007213849,6.308489635085818,21.04261567716422,muskmelon
83.55782609553259,20.400438235196294,52.666719277000205,27.943172309347656,90.997902202059,6.189753363814962,27.37428934464118,muskmelon
91.72010790537131,28.83980173152515,52.548542011270044,28.297326077454517,96.10254746605635,6.784907040457092,28.487173593775847,muskmelon
93.76784895012491,29.06336527696586,50.42602530751704,29.973097901680653,94.02178232949896,6.629894144885354,23.54904144932934,muskmelon
110.8616653625345,14.630321833878186,50.646935603696214,29.171852680591865,88.2955100611183,6.868075186718913,21.650169385397295,muskmelon
91.75320158807108,18.321977936106293,52.01913755046839,27.98803486273202,92.70162714433859,6.072078343980461,20.008544762663906,muskmelon
90.01398176263146,14.904403730413849,48.273049763870794,26.502635110336886,95.79693245159923,6.017553973485336,29.23306531911691,muskmelon
115.50608532455249,7.947547393557252,50.7638078496402,28.75844086360246,97.88679387586012,6.7506672227967135,26.079152309598268,muskmelon
110.33239016563194,17.27169443160283,51.04923119651108,27.820865681059608,87.53622409977544,6.835614298718494,28.97033774914901,muskmelon
93.43775714061724,15.136733821092248,48.80263533537142,27.058301607470675,90.68658833154554,7.033358597728223,22.828121683676574,muskmelon
85.12245561487657,19.896627878516348,53.42214775054666,29.906680903480044,93.08964111929156,6.219061617515234,25.103500314910576,muskmelon
92.71256931070474,29.180938364116976,50.29404438987413,29.171369465505897,100.96580903189525,6.39789193026412,21.37210293559231,muskmelon
112.87282754905783,25.286947757074635,48.39543262358097,29.39201454264531,94.20437582050532,6.217385584040101,21.795957827272495,muskmelon
83.24718733357643,30.681287263808823,45.43543630669993,28.046954626488493,96.98256124342595,6.616317117182181,24.25070575209672,muskmelon
92.59261792678126,14.588324660812933,49.24394405365262,27.769277315928473,100.915587011605,6.721782596333031,22.820570802132774,muskmelon
106.02139362811333,12.791961942778114,46.53372198782459,27.61871041961343,98.51515282797531,6.904137264588049,26.230451678649374,muskmelon
80.76967456154433,15.956067539573928,53.0856543296709,29.095391685676667,88.72841926123185,6.938839401269531,26.90545999646171,muskmelon
84.54080097893242,14.16145207780793,54.09803634725031,27.187439125285437,97.45787171685485,5.946635209434941,19.44184416140232,muskmelon
88.53557593920674,15.03633573913033,50.63170185421494,27.854539079172447,95.6830395857521,6.265257199496847,24.233401778689622,muskmelon
118.01394478190649,29.280449787652557,51.40994049299309,27.600402476601133,102.51247644433938,6.3737782599862225,27.247615858289716,muskmelon
107.30581814349685,15.362221916389856,51.971879617607776,30.237389478893647,91.76593004596585,6.314602033553218,28.77621795495491,muskmelon
104.49521793831184,15.025953570819892,50.47085069257908,29.975092033723946,94.7738101158806,6.310049746150416,25.31700168883156,muskmelon
104.7454104701535,9.557224860375365,50.914502040660636,28.17915583352618,94.23146360398582,6.224450848972021,20.115989396481783,muskmelon
99.7983349340537,27.95284001049617,48.54108626521309,28.708341068895233,101.09107443531671,6.643779270733367,29.87472652311313,muskmelon
89.3260744753345,30.096557613791923,48.96618493500212,27.33967987928284,96.18090317043414,6.98768778432289,25.500182896349788,muskmelon
87.10957418291402,12.878350168721266,51.474718034635195,29.701780369961885,97.21484705718846,6.39391016601434,20.86991546260384,muskmelon
103.78704263753619,11.065313637707007,51.30494512893655,28.290476800690154,90.62230102594799,6.614542655369789,22.212553647683592,muskmelon
83.74055910500823,15.989370889562183,46.674872988092865,29.435649201056226,94.28816564176074,7.003993388944967,24.716824690404334,muskmelon
108.49154175289203,5.250476987877584,48.46939759807266,28.994563850065006,94.2900511197652,6.806974231707163,24.81427450224376,muskmelon
98.25506825752414,8.045104544735887,45.51511978026156,27.77151710465066,92.4555538864619,6.199119423615966,24.89777216002955,muskmelon
104.28964927022754,20.70400465660921,51.88883278476893,30.057282019118837,94.6189100144124,6.537159578335672,27.974498751303933,muskmelon
89.31527535170353,12.569313372808242,47.458840459134116,28.47609296221921,92.86966287739612,6.870395821003853,27.336502901244767,muskmelon
87.58510198049254,14.022174632969875,49.332460106974395,28.056941708501185,100.0445901901197,6.667482287774951,20.927686001732813,muskmelon
86.52203684339514,7.656309259403074,51.255075374645514,30.589649633190568,98.22916504087739,6.175575381338324,25.564045521109854,muskmelon
101.71156893351825,10.788087151721264,51.645189085065944,29.583940318924643,95.58789303548639,6.884991842450082,24.53464043797406,muskmelon
93.38916577740869,13.66097531281733,55.299190925876886,29.01438918257733,94.68820702784402,6.4453667108773,21.196804611964122,muskmelon
110.34102022253468,8.723450734163137,53.78228563122011,28.151946602491048,97.74681680014235,6.080645516243423,23.6715591337897,muskmelon
81.29782950972199,20.013707342579956,46.655233071393056,28.630082077566065,100.0517715623332,6.616258744369847,20.05578196344068,muskmelon
110.50474623885607,11.004927016738216,52.07969776061497,28.1935819779984,96.49880071818166,6.443125722307835,22.364467590896584,muskmelon
113.71279012251114,9.404929520370398,55.83000311786384,29.986830375078195,95.71027928513949,6.935109230907778,28.843068874543516,muskmelon
114.80975123188901,26.560609352297533,50.95500825142421,30.414927230727578,97.23634325520814,6.199770908537481,25.443848631497847,muskmelon
109.16288933713663,27.776785999412766,46.63308414452961,26.86877769636644,95.3922554861793,6.3661441497860745,23.596564168370993,muskmelon
93.557669381833,13.917814482819692,55.167468609286836,29.53322376836756,94.59606971686355,6.656033446106115,20.79120872184121,muskmelon
106.98707754486027,17.443573782753738,49.13645178208829,27.157738999942993,95.76666101035295,6.354234610825032,22.153784706919314,muskmelon
117.55480904134487,13.152801755047657,46.02764593212653,29.27565966225712,92.17429411003624,6.369720477430928,21.31857786956247,muskmelon
88.10250260904834,10.40370444653606,51.724316182191075,27.815662411398257,98.49183010760173,6.479202841122337,27.750477196398638,muskmelon
89.53076472399576,10.845331644167276,53.91716593552712,27.287419198978526,98.17626437383262,6.774635806922502,20.165446908045496,muskmelon
93.72914806071627,8.241436564487593,51.979045972400144,27.732344107382794,96.0889466434522,6.638496790026134,29.300223295010266,muskmelon
96.07579018025025,24.33123197514535,48.92229261565984,27.485130341964624,96.39459033039515,6.255291624420037,29.02030704790073,muskmelon
88.24227506774103,16.869589526007438,55.08403011670646,27.19009325717361,95.65659786581736,7.05494421792019,25.625794763657048,muskmelon
104.82500631837938,14.037243864084418,48.66394748666068,30.26537630777402,87.4849133382795,6.880645739007207,21.071191558171837,muskmelon
84.13038821999172,20.437127560379526,52.15384718019877,30.7113299926179,92.83394733365617,7.146010575202537,25.118651142247913,muskmelon
115.45764120748687,17.31372543798555,56.00379451992788,28.47915772451765,96.19281567168262,6.775972376651229,21.866652245443827,muskmelon
94.23044820301013,17.390072106979346,45.88433600461546,30.49143682889928,90.61519523902447,6.2793223092346375,21.295775511618302,muskmelon
93.71381593924252,7.82809089627656,54.37902196856938,27.449419329032764,93.36134686262616,6.393181418765275,20.473971073346146,muskmelon
79.27674232397767,15.574741595184667,48.186835083401725,29.726300898756254,90.9660675430527,6.807420807120366,21.930157976208754,muskmelon
81.97067222565559,16.364757955179766,45.517645019805016,27.943889321639524,87.268295890788,7.064430757840502,22.925369856008267,muskmelon
92.02675274488274,24.56698988956034,50.74479319683891,28.44905453510924,91.74595110734113,6.868335488000788,23.787295712359363,muskmelon
110.21616050709413,9.779098722507566,45.37398205880752,27.34517560716982,91.48409354833838,6.127184957400841,29.177300606220577,muskmelon
113.4374184761148,13.504998390245404,47.64406815821943,27.90385735627868,96.1936615270184,6.41905976737338,26.914904290995306,muskmelon
105.09646896601602,18.00512535113968,48.56724533875403,27.37216289556838,88.41779364256271,6.756427611286483,23.979173728868826,muskmelon
102.58161280440727,27.352280910660546,52.446960546772814,27.105018878941234,95.71905221682607,6.431422933439081,23.333387328353034,muskmelon
104.66685121228981,9.1428513444054,50.0401951552159,27.52099691224307,95.33879196321591,5.99306594436973,21.215616794148424,muskmelon
106.40490171466593,21.825614475716126,53.115976128897415,28.184943048626323,93.60853899045473,6.761647194713376,24.547889051769392,muskmelon
107.67749939613215,24.86443020050257,49.682973423273545,28.544787201242116,98.33924274051911,5.9209698868743015,21.570217663395567,muskmelon
79.72953814914736,25.37800356800577,46.63144495771554,27.64550104868455,89.72045866416939,6.730794111627357,27.188256503602148,muskmelon
105.87521840357667,23.073797834124086,51.53456144269275,26.96761624309611,90.08785386088535,6.979003944178306,25.69844110773462,muskmelon
106.6188510063139,17.120721740525262,54.12286423868348,29.725808728143203,96.54996394874343,6.923938446791804,26.40946402601442,muskmelon
97.22817255720544,13.01812662447579,50.67378085752793,30.20410439222135,98.86857987676436,6.676257987426321,29.089982018888488,muskmelon
111.16655509460197,19.8576694599764,47.442437375184525,28.308081870409843,98.17796454085531,6.2711417761405714,27.775568090076927,muskmelon
107.0501337702222,16.84142872939491,45.15921952600534,27.26761869663668,94.53738648357138,6.893293118070341,20.40146374688594,muskmelon
104.71280174314575,26.998600004727574,50.73704084390232,28.2917071299415,94.06536545707571,6.857687573663376,26.605978108955153,muskmelon
81.0704757821373,13.70411980703499,46.66697920948613,28.348236251250565,94.56214993246955,6.923209100404102,25.023979830926137,muskmelon
86.4861484602378,28.542683449248557,44.882357789207475,29.117700015014364,98.94498344931128,6.679759761940848,25.86555525547441,muskmelon
91.78064134015362,6.79702881942085,53.23135994563349,30.19524997906075,97.41837489101188,6.503486375671105,23.474964437673915,muskmelon
109.50913483362663,10.319755602572476,50.782396300007214,27.212011582891506,98.91563333192944,6.1547026407371055,28.09508626567467,muskmelon
110.5545563410887,24.184127333028155,43.772838281362226,28.773990057055276,96.67035952861306,6.492038805347765,20.813820746739292,muskmelon
106.04893049573647,24.745450289868558,48.368663021466986,28.020079126215535,96.85807015007593,6.031339924429794,28.334403659228826,muskmelon
103.2843692657499,22.355274574266797,52.531024666266596,27.118183352263653,97.39128662619513,6.849462791103663,26.467906880618656,muskmelon
114.15611164207405,21.760396312809412,47.82088748485667,28.34772244002821,90.0545323419728,6.418497157451344,25.272323566292737,muskmelon
83.86794435118937,6.394474850438334,47.67947199745771,28.247695031249005,96.06086013112139,6.554180731053145,28.13274207665875,muskmelon
112.81310687928527,16.080516292802503,50.74241095814215,29.632558867260975,92.3225463433395,6.6645113156057825,20.93122043028301,muskmelon
116.51832007965629,14.813286821903759,53.65028657278737,27.465380541396406,100.0218872220734,6.358632420352328,22.831957137053507,muskmelon
118.35790009002801,10.53526759928173,46.766411337931565,27.632016624620547,98.57622031419922,6.232010407859779,23.58648859276032,muskmelon
85.39536808537954,10.060659431541001,56.40145110326819,29.12293355988861,98.02748409436451,6.7387699303293,26.23709111869812,muskmelon
3.8321254184609543,26.232217377703265,9.728369356461782,32.902647678602065,92.5296365651073,6.692173423335934,111.10762009704486,orange
35.918166430208096,17.626372311131156,5.099178942492039,33.564870381503674,89.65120444411303,7.146907025287249,103.03705590236842,orange
15.23343177946222,6.081798114640243,12.555836611013357,31.768836079863537,92.40903579775059,6.836568653932264,114.00204136695949,orange
2.8707940846861106,16.156140494444,11.893792674268347,30.872570015806662,93.3803800233454,7.602924809956053,101.34006368498359,orange
31.30062531510843,8.54427656359243,7.864089625541208,25.316125121564486,94.48482247675777,6.277773527236661,100.085031705002,orange
30.736669544606357,17.61929447050827,10.898630511039222,30.12811839430391,94.39329812486416,6.221263198153352,113.12969388835414,orange
33.34096376457872,13.47620407424059,11.749353078881631,22.889379459422777,95.70247043415101,8.071232118053356,106.20759356935383,orange
37.46049435375983,28.91962809152194,12.220531999379727,25.818409744793676,90.73404479767589,7.813220046578382,110.65027619699194,orange
6.901006332199507,27.705830861369712,10.453550659465002,24.488619958328453,89.48806363610248,7.408271984011962,107.40588239930982,orange
1.7352811027110333,8.804463454347811,9.126224934625029,25.82150805263054,91.26394212390679,7.647356729568079,105.5017614231899,orange
27.57902789938748,26.941784806462927,14.19948856631884,24.694332085538214,94.64631584467946,6.078126960313181,112.21312521164816,orange
31.374800744282094,16.916697705623253,11.477848060525885,28.90391041953902,93.22021709459196,7.958589353119118,106.53926837119029,orange
35.58831413593478,5.3610738428652835,12.833785461171649,30.425156150285414,93.4224133126824,7.259743510399458,123.62883333479698,orange
34.60901121946202,12.930564535243443,10.501470092949374,31.2235165966175,89.12607368605002,7.813698949066555,111.88741821381983,orange
36.07925894913226,25.54066738104883,12.959579531934397,27.338112624024376,93.38872380470272,6.7538863425674425,101.01870859476715,orange
11.815208183258695,22.518539002126214,8.003399327436192,24.036527169102374,92.21454333298854,6.645565733683454,112.55787810138288,orange
27.932978250347812,25.810716674409782,13.351554167628331,27.477175624008023,96.16923955719017,5.908608893246757,118.1791510254552,orange
10.230862783670958,18.73492513297294,6.477178554205376,26.888854032955518,95.35751858356598,7.7882598988911385,111.78004344896351,orange
25.29009817950746,25.118695098334133,11.89058735696724,25.465830643640057,91.44906290313186,7.1370277683607535,113.36634165807584,orange
18.500572755701103,16.797965632689703,7.869642711934783,22.778776660306356,98.93753678132249,5.9816235457410905,105.1806824839605,orange
5.636993853748304,17.539137262422827,13.625426674425178,24.366383987489005,90.7060352956468,7.498013782098973,104.02889760787542,orange
13.375947924783373,26.634821965984923,10.334646748593753,28.53559423118951,91.96465891323356,6.52489102650328,106.0345742908713,orange
20.66745432213264,21.08496891468949,5.276113557793892,31.34031132992571,94.71277915595715,7.409332686201496,115.771272777916,orange
38.10984182375136,28.995079032793065,10.986089477333428,25.258778256548815,94.8361636275552,7.940046730756813,97.24363539796937,orange
16.714542012159335,29.046347951683163,10.379827223781705,24.003504122312094,94.80620100500151,6.846525892442235,116.3345726089654,orange
10.861595470908842,6.5021342642385545,9.42939884951665,29.443949213988127,92.21803964278661,7.072376454241546,105.61449933518954,orange
5.740240149068849,27.085991211450388,14.21033741331798,30.57788488021747,92.98340595057547,7.29813158385618,109.95140665383065,orange
0.5093595775434263,15.225752955103122,7.403645357075974,27.14198256081571,89.98189628047173,7.36320000838878,109.84884006417106,orange
3.0787365490567606,5.924573835057116,9.509766782106572,24.56781135235107,92.40275731678648,6.73595237045112,115.32204238201555,orange
14.900619864149366,21.935012978086665,5.671045612398011,23.201702729338038,95.46497707503147,7.411991213830389,101.34636998812204,orange
8.51180363710666,9.1591277829267,9.722796764602279,34.75695960194842,93.50639493593974,7.725969412338507,120.45509645387138,orange
30.519020313648248,18.96496271860189,9.733972244871383,32.33942117780247,92.29893856153348,6.687178917308486,111.66348802852579,orange
22.032564577243708,26.088377679093654,7.519851558715898,24.859827223780357,98.24425281472101,7.336642181385851,102.15385547730286,orange
5.439398515968048,19.778490845159517,9.063644992035647,23.076615563377793,93.4326522628768,6.705575473888909,107.3848177277482,orange
12.365396347170014,6.91658152774771,13.301139861579218,27.25347108630022,88.0303473729632,7.475455350831686,106.7521349235671,orange
3.3063167068716868,28.116887597618053,9.621994996277868,26.013896778298644,93.63285156727065,7.8543813966623395,105.12718141936807,orange
15.529399826862976,27.94379815086024,6.3279618155242074,26.381062165967275,90.63694760102817,6.613874758590098,100.84002180932401,orange
26.937432771442772,7.7387721549041,10.386681923763389,26.995070449314213,92.80680804376877,7.567984983607644,120.47651599941054,orange
9.596986600095132,23.102067555949244,11.766935423741131,27.093236572166514,95.4023236992847,7.865628990151588,109.05162417783741,orange
1.4305248827179309,19.102048934113405,13.692944990205808,34.16058039866301,92.15549160402509,6.61529506325528,112.79198276423261,orange
26.91086985661069,20.204308250830266,6.727160772240221,33.99562566359196,89.86027077149922,7.537709086064664,103.40416864070907,orange
11.378910427323904,25.472417132584155,12.607646554294865,30.736982861501886,94.37592008037933,7.603787407246815,106.87633912667317,orange
26.108222356823106,18.383958782127102,6.1331060869919,32.6325739801278,96.82183074019025,7.689417769807162,111.79826736550065,orange
26.99950664750033,25.746879268287174,12.55323326175602,33.89306920905783,93.63270395173438,6.558712500909944,114.28866304232751,orange
37.34270553589773,11.178662501566386,12.969090647733344,28.44059179342337,91.76935860660632,7.783646882757728,113.75639657458127,orange
28.49911707451701,9.14040914394012,11.03380414304245,31.0636999968191,95.86265964239597,6.251928174371225,106.71904467691087,orange
17.439548851711667,18.07947573579172,5.13888779831609,33.533560820718655,93.93969716289595,6.699033127480202,98.10721458396638,orange
34.850017392353706,24.800192356828337,14.835053739329139,23.417633733638954,93.43257419783365,8.04361395384574,114.87247767101395,orange
32.47924992198396,6.187233856622164,7.9169668624877,27.143008946760663,92.36380977366468,7.681992120820356,115.90036304096068,orange
20.34395900936361,9.530554233595694,14.757357261579648,26.1429207717803,97.16613940495093,7.985512120664995,109.47963473281489,orange
21.605237927047824,9.902725018414058,14.86416830093327,33.84260261949338,91.50486741169406,6.054534948707428,115.55529877201207,orange
18.257845549407637,18.039038293047675,7.545885477662333,31.699361355699065,92.44733235800734,6.4755668074291775,98.95085822626038,orange
39.36060183809046,6.6365129676468255,11.901623895851618,26.54537782055245,93.84252633035752,6.691871953878962,102.19767424587859,orange
37.02282605751696,27.68442426217975,6.46851625914476,34.54792938113169,94.45124407129089,7.1719945579129885,117.59833170369296,orange
11.635824045940444,27.47010301269648,7.240722326052834,29.28205566001487,90.10919220685372,6.403753847688501,104.3927616721885,orange
3.6864297056881234,16.904332310076207,13.259912638682186,31.16875720136823,94.50559252129436,6.539680314540608,120.25045218041168,orange
37.66407228185492,20.101252309904343,10.425022662687814,35.719607371328074,92.71777255479425,7.942642518817084,120.03104806641099,orange
34.97811998934145,19.122283048955538,9.963162175594462,30.817657357581624,92.09000980207705,7.192287489481409,96.71964700443982,orange
30.707876830722164,5.593970569336334,8.71292541190135,29.270327652887975,91.93173722955008,6.099699045009252,110.30929086230772,orange
13.077820169882552,9.6664002993244,5.957882890710922,34.45175879125594,91.07609948459981,7.585189243757388,109.58255654263012,orange
16.556221154893972,13.747179562585915,13.11444572678071,31.606930711402885,95.24207143982204,6.786149192736598,117.73256749323286,orange
27.10229369433467,7.391436108678811,9.96480300444165,24.185836967731092,93.37690128189492,7.710408264844453,103.88286862327064,orange
8.88034770336068,28.118481096129614,7.95208681550117,25.204833390204126,91.90708274157615,6.287444476826125,117.25220381067422,orange
37.07891628458274,15.458286344573217,6.0052643320131125,25.223460148026245,90.69194720454317,7.538876434191567,111.749159856392,orange
17.58874068287298,27.18886119404258,7.761970618221031,31.084669509432477,94.25810232714338,6.511082880959056,105.00567835335413,orange
12.706417287274409,18.34796248620158,14.601162326796805,23.426579317763633,92.50228785155302,7.468075887232996,114.84232363734601,orange
28.83251165782181,15.262420388347252,11.669812535585212,26.791538618662504,89.86951512729554,6.244809659366846,101.53837547138619,orange
29.94336582204934,17.083632065127905,8.902858173902581,30.642674903388578,92.53046905567516,6.150170205431138,106.35134061178665,orange
4.133075062465115,16.47252467614839,9.11610429784606,35.63174616928919,88.45691573743085,7.318256563488958,105.40261781202629,orange
14.67121399810165,24.945858126959543,9.712732238120855,34.099712939568136,90.55303688273466,6.21176844283366,113.69710736534672,orange
32.06150366556811,8.297604670315902,13.982870731818979,28.50809617024012,91.81910160388233,7.561688074945645,108.18550350581825,orange
34.18082820831563,25.30470888572405,14.681375397807878,27.552840365852184,92.29140569816366,7.789473278358216,110.22539414631419,orange
39.22866865203842,9.615019545519193,5.0831759942216,30.244214092950628,95.43369637940243,7.479520385861768,100.7045107808093,orange
21.684367541163404,22.759221638545927,8.409909042113922,26.024225448137962,89.10403876726934,5.84439829814016,117.05561880516977,orange
24.7032381569887,7.500482798033037,10.124546153159693,31.785784642068045,93.65688089421168,7.6216696517258065,101.8759146180752,orange
17.02116419934292,11.952892655792631,11.188990386346406,32.58801371663469,94.93412908019148,5.943052341624811,120.63642548029573,orange
21.234182420419074,20.778735222841224,7.009719733435609,24.95678517468958,91.13147769457565,6.096978419037574,101.55946791494416,orange
18.413701120187806,29.667469780795507,12.425110850906126,26.806906866577084,94.00252718567278,7.681880001828848,117.23975347927619,orange
8.935437433049572,6.8842780510241175,14.229304794108357,32.28494912441549,90.73424343930148,7.255523002627268,110.03847371984635,orange
29.898636594340044,13.867792253920316,12.241792245060916,34.51808026684796,95.00884630745455,7.632008526358267,101.01933081391682,orange
10.430105194921543,13.72066190723242,10.387350932882507,28.839663905702217,95.26651355475849,7.656736822923398,111.34713159836562,orange
22.803358286250297,19.248915730433165,7.853134858713179,35.11634808603867,94.78228280047543,6.75553431291849,106.32955913710668,orange
34.79640386547561,18.812150591644638,6.569079065970331,32.29009445889457,93.9817971445463,7.138957280582097,101.710274161058,orange
17.941999115595753,18.899448972638282,8.541164683689924,25.96967544345549,88.4864922535444,7.715599431636378,114.7959480961262,orange
6.518441092423921,13.929277672278124,14.895393070797672,34.36392904530353,92.93521118653159,7.841656679542342,101.53127586194088,orange
24.007943704234172,5.0696754443914545,9.594207926806869,26.118043922426125,91.04874991436138,7.241162236211025,114.5596824494082,orange
6.385423864310832,17.27368514352066,9.270493678220987,23.98739443164606,93.32573946644006,7.496735392842827,103.8958483391197,orange
4.952740723578843,13.201296231176068,13.813789881967201,25.468840508969922,94.03789974638183,6.4476104366208045,102.94835147717609,orange
28.148327282583388,18.15726936471478,13.489698976516186,33.412177155848084,90.0596899473967,7.963838605315412,110.04386559317695,orange
11.08299567247563,9.520909965611972,12.474346567687961,27.98798468526451,92.37612197661947,8.03289038645862,112.6275844611522,orange
29.17329494037596,18.76211474148654,11.6748251164515,25.017008035303853,92.10370691441726,6.92881957707858,108.76117882110724,orange
33.44955427472064,6.122551309356985,9.922820424212665,32.41528282773866,90.06809603803683,6.552029369359454,116.98725436667488,orange
30.66828552807225,9.077204437777334,11.370158132647441,29.013678342248195,93.27647299883337,7.512126973533697,105.51900543283921,orange
39.96881187063523,19.13093086721018,8.723870770148924,31.103032670182586,91.62408213258603,7.099937454801948,112.04961249390107,orange
30.090882163199453,8.552912753193347,8.82590887866396,29.202929875227817,93.00823295233033,6.757226912190517,103.28618214922676,orange
35.07600224705214,23.33992194447077,9.964674879663995,24.811708539799177,92.42739313639149,6.250524266919649,106.3123604549078,orange
34.00129308280995,17.453279840833485,5.947735829070642,29.832705956513013,94.45650315573697,6.5275760699762495,114.78218121073533,orange
22.117377698418522,10.320285218800985,8.015270914723844,33.49024983525183,93.03363359147909,7.677122666339757,111.8591350463032,orange
29.724121849945867,10.338929438780259,10.983417541784997,31.512484706206195,96.1620275682237,7.91667174945528,102.97071205482558,orange
17.70954804616466,9.269839148000878,6.694500470346744,28.505733100561244,95.10525808701188,7.130261007007088,114.55637839552695,orange
22.377480119934823,26.472389286806944,14.238468371137264,32.7643275058356,88.82017802385032,7.403976634722779,110.0269060834977,orange
15.376465186261816,16.256011914484684,9.622099029637289,34.5797743824161,92.73316827148227,6.47533940298623,111.64629394339401,orange
28.91073653513434,13.399165712530271,12.178551241770204,25.035944519023356,95.3973602687718,7.460984166128159,106.22198185887444,orange
11.029246804752356,12.685057497691925,8.315608669632406,25.64294488650974,94.86897359954878,7.557415828950191,119.71676951395186,orange
31.844680258202303,8.44655088342034,14.38907839366714,35.15434573183802,92.53282957756892,6.153384574232725,112.35940451148532,orange
0.8837149491726614,20.568537149576272,6.926113897064712,30.93815542350649,91.57115943675797,7.907256655670508,105.31582831874294,orange
28.602152314377346,6.942752389038435,12.439114078907727,25.521028579680248,89.81256097936135,6.939896791316689,102.11431972604187,orange
17.23269637243467,10.217110831740396,5.932561552690082,28.479654551037328,93.32068314779494,7.256327933293904,114.07614018764207,orange
12.985995785403425,7.452886507255744,9.498981878327783,30.432027092810767,92.38631924380672,6.008813599857484,115.16265687418928,orange
30.66230281502802,23.66182134887292,12.936687536349055,24.671832827752926,99.32437523084852,6.648624206844402,99.29621777208718,orange
38.55883754043414,23.357276456856304,10.487031505994521,30.342811944851828,97.98996423453069,7.242554292712492,103.29533921413599,orange
32.32482868206949,8.891448105011547,12.030897535090912,23.504710204797448,91.39334780829353,5.942858172963188,109.70479985067507,orange
30.596441205628434,11.437311719290907,7.790730396871027,28.75069539694188,92.6554919838436,7.887181451706114,107.61245855985794,orange
37.41362241147756,27.831862048006414,10.225916224400917,35.1681515658176,95.59731156773725,6.114420705504335,115.78680347910228,orange
29.483637324931355,18.779175432535503,5.654723153390121,24.896099358113617,91.25949816030011,7.261667199739634,103.18694090066846,orange
9.93726126831648,19.823938212816955,8.972681238370654,31.642817367898008,94.9045440367361,6.547851142383973,115.1606242903434,orange
7.8350928461694025,27.242041712294792,13.497009164417639,33.55527408857768,91.54148694050234,7.66007662363067,116.1525982394914,orange
11.380462017444788,6.946676168910959,10.184349809690948,27.072300323398423,90.57293115718582,6.876986707975073,113.11330164589894,orange
20.016430283617463,27.022180304270474,14.321604677635744,30.401246454579663,91.47413732438781,7.872103529812196,117.09687809086309,orange
37.0647308277922,27.72029602034615,9.827699630247782,23.657467155209954,87.3049508761498,7.767702715942494,108.49790121407167,orange
30.11277868837803,21.89676816702463,10.62439008708371,26.94011719873294,91.56205845257774,6.7746076623741445,107.58474778182371,orange
5.20385384811659,25.78014727921646,15.160024214503027,29.67517130742606,89.74717045499469,6.9281993217499656,113.73580879132113,orange
37.03644548903611,24.10445806158123,7.944050557709326,32.04985153829528,94.2892646334588,7.679504193188591,116.62510004473239,orange
22.626219993974956,6.857751057554478,12.067822202465937,30.211134718820123,94.57007112556823,7.321661703412873,111.86705316087965,orange
33.020951842681846,14.53777986314132,10.704802710842932,30.105481132973022,91.60958505364741,6.25445498930572,105.52556998212867,orange
14.519361067431472,22.219908163339756,10.142179715082996,26.811677003892218,87.0707161202706,6.250924487018428,116.8662805388704,orange
29.87843901981077,20.545991146387447,8.369047402714173,31.66846371104046,90.00992954919957,6.532152937230566,103.14356336720239,orange
7.249900984535051,14.763919614720486,14.154567350670916,32.75658557214036,96.46715332587479,7.107441702848138,111.75041480143483,orange
36.23771728911436,28.999328572917147,12.786487032176263,25.41589584799012,94.79529191812922,6.096947382258724,109.68072742710918,orange
16.338514809190695,19.84653494711852,7.0208951393660355,34.386305443603774,91.6650826784893,6.9156913254288055,109.87056692423332,orange
5.007280274382281,27.77083774007148,11.84142342630041,25.078818257510903,94.80489181057207,6.374841369043522,106.91605512973278,orange
19.319880452187302,21.61880204781378,12.480162095176437,28.831734499348308,91.53081019719905,6.181727467247169,111.24082970100456,orange
9.509815279729422,14.94700177422803,9.094060762788917,30.08484080569364,90.5433711205982,7.086659192868561,103.16908945610936,orange
11.120581689322622,23.613264794536008,10.892381444270232,33.16829921023168,92.58597054404267,7.811495558584725,110.5937430009259,orange
9.365149781972397,6.150925927575165,7.76692814877627,30.995142071478448,91.98723559607835,6.219021710436201,110.68901603440807,orange
24.367996756071033,26.379905001625353,6.895231015804046,30.832538274000257,89.80600459730607,6.766832398183822,112.12250732598086,orange
1.0097840887812919,18.74413015434029,13.683977228182039,33.32735507627235,91.476239414633,6.25866566994348,112.97849837440508,orange
16.109706876104145,22.873031552166793,6.611843805073129,32.738651155149206,96.10396730798206,6.186394843787013,107.47959946448935,orange
22.16047047727559,5.198409082010096,6.636432594446697,28.968281836254235,92.38225130648215,7.643034169090503,115.39673278823446,orange
0.5232185463175536,19.581022265787734,11.306517303916998,32.681381241444754,88.06289729118113,5.97881976693647,113.25255975433416,orange
34.31114323216918,19.81814564343415,11.482118006381812,24.885755155576472,94.05306324340324,7.219450141307155,102.58173127373347,orange
15.588801170830342,28.328634379197187,9.462894407013406,29.874220483770436,91.33155986552065,7.198917645382743,104.41414516156861,orange
33.01755073537076,15.43007931935634,7.44603293265666,30.37043823568883,96.73281592550802,7.489630646093588,104.74537810595218,orange
14.298024735073264,21.05924624087002,11.404642896958974,26.012179841087725,95.17878338229926,6.983157165766629,120.11228566036361,orange
11.994125338801599,7.3573017106656,6.997855690835783,31.527009020334752,91.25448146426827,7.7087782456795795,107.10121734835111,orange
34.180544996918684,19.479126137755273,6.164401101544538,32.78712734404065,91.7822680127643,7.803967931654263,103.69726692850544,orange
11.479675372163015,29.563722392918027,5.609101252551449,29.20997936693233,89.8294372554229,7.296014697577534,112.68255494384536,orange
13.244212591547603,18.63749893140385,7.425189892566022,28.73345535082815,91.71769558736472,6.75433366217497,102.98522692628464,orange
37.68754971659994,16.013557209811992,14.563697039816672,24.383472370994014,93.52177859813855,6.362597630537122,102.29400096106637,orange
0.5565811876828061,19.228059028776823,13.40060929409766,29.01668862792422,94.21781416062582,6.804588128104871,111.48310242575764,orange
20.472459278872105,19.71876898340207,8.549664182600544,33.45309031747199,95.96152533346519,6.926286130881397,121.71237397346539,orange
4.939963108672835,20.552339376867312,5.466259421693262,33.49331182150377,93.67410269228135,6.579552360404332,112.80648821885465,orange
11.36290114845677,10.732832324180817,13.113616931674738,32.47808026141229,89.01009505411587,7.686129258139287,104.19649220169859,orange
40.75137741388617,24.13601205596712,5.82742136314459,31.59375616887945,90.16282026694505,7.449884282900428,100.07264267929222,orange
18.08558661951249,26.273157055101027,10.070794524549814,34.927108742810184,92.80300899884186,6.471330186505938,113.37999061487913,orange
3.9274510648498735,9.396526577574184,5.353387647006414,34.91458995988512,89.65320223497879,6.996364551303894,105.61701807635782,orange
0.972778078422993,26.709214208771634,14.327645818115212,28.860356025387574,93.12774717936172,6.285187769689146,111.45667613652093,orange
1.7239172018219286,8.196380559019072,14.69905504439358,24.499935219386558,93.98683748940297,6.750360089545863,110.92621750273094,orange
28.679251111107412,8.894018766223782,9.533630076988958,24.807458033995378,90.7209154406914,7.408313511742283,105.31997753013844,orange
26.02145437028889,12.061642026943055,9.226047488191512,34.203826827855124,93.96479300206951,7.264175754492106,100.81387813109531,orange
10.785785547199797,30.481214245937043,13.894794052589553,28.28012171156183,88.95683030393887,6.374859691767256,117.45816254307879,orange
21.306435884524245,23.26284969510471,14.763241328338427,25.051281432712468,88.04993032679721,6.5585337930803185,115.69940557707162,orange
10.539213743535393,18.362072213611597,12.425344338663672,34.75839005694092,89.02644559373697,7.540958492124178,120.08437789940064,orange
15.604186058851452,6.706320040403538,8.699054008878166,35.065947161575984,92.07869874875556,6.303856625420519,100.46634701603861,orange
0.9625963623866256,5.208826810751293,13.118038707261835,29.585628574691082,89.12897902039903,6.464733983074334,106.02974699981492,orange
16.208359923194237,26.748409518926493,11.380480039581057,26.630576111856453,94.2297466145775,7.668852554256685,106.83405692224369,orange
10.567702422865084,20.709747291336,8.541605067461363,32.055888225082825,89.93035528695358,8.132273968714486,105.54546817124955,orange
20.877675967946022,29.616615398703004,13.030674962736374,32.23031881688859,95.97779411177765,7.076313592586064,104.42583440496965,orange
12.374867905143875,27.271695811127376,14.332484488616405,29.566345442664527,93.08073269700711,6.2748433464122115,100.58766065328724,orange
13.38345281859463,10.82093860046097,8.213349509603814,33.59421677647899,91.39203343690853,6.400039767830391,109.15625959712017,orange
16.237988563871955,21.886299729251427,8.858362420667373,34.25278321814526,93.3170981676203,7.1345090305056065,110.53416907336158,orange
37.327799415699445,29.503512724741316,12.248754209829134,30.59837955073739,89.77405317333876,7.9205159407376255,113.5615230652682,orange
26.41000389809889,13.238004401014882,14.812490531166956,32.34170768903354,94.19777518741735,8.184677671612056,116.90037205784574,orange
36.77273934122559,22.717153777413536,11.332995129536451,30.57285034634831,91.20444266131696,7.004232748837894,109.64524797920065,orange
36.99680573591409,15.610040349253769,5.920107564246476,25.45421310840741,95.35957450747544,6.262229708519024,100.55721114289675,orange
16.083992176033306,6.303172805377436,5.823335047498987,24.600433632828114,92.25547399530492,7.743269513028194,108.64838385741783,orange
4.934683724406403,14.876048591709576,7.841194733810145,25.246561288708445,94.84975871359784,7.369684788230838,104.3060894099888,orange
14.603328793266058,5.386311527101465,7.492658412220062,26.11056767132546,87.59508946165256,5.96180893043353,103.66235492603933,orange
38.62515709911856,17.45393608725464,12.278755926098485,32.089609167964966,89.21651948899577,7.040889560654894,112.46692731368583,orange
20.957696360665928,5.150269921921159,5.8506660093095615,33.102850646100876,91.5463252745286,6.245849569729601,119.9386925687588,orange
30.582581683224404,15.911082714623602,7.486044790153226,26.639939207940937,90.44172617085235,7.280556932925961,117.48184829472552,orange
3.2556764958272075,8.566149067500128,11.54145259701356,27.839950142997505,92.9892278591963,8.00606940849739,109.36309109488126,orange
26.273942064961354,14.631395024921384,9.338079841825364,28.95998594986793,95.76027094569851,6.118277088589059,110.9082679625213,orange
5.896290894104976,16.20345565808694,10.372934987419393,33.352768259124105,93.79952879639654,5.834824052958933,120.01523633113031,orange
22.516788502641955,13.526205154094772,5.781897613825184,33.9371026995115,89.06314596387351,7.530936618757784,117.22347792217026,orange
26.669167693337233,5.23055326071373,12.833251548987382,30.76258741792691,92.56964837529226,7.1925677308409615,109.33264356060293,orange
32.961744563763006,11.87819485746347,10.792346310081962,28.25056423984946,88.06299078392603,7.593826214417935,119.55414103651007,orange
22.080248962621308,17.83484892544687,12.104554070737706,25.43981717921552,90.83456913517144,7.01414234160562,109.2775629641707,orange
40.095065501555716,20.671152359176727,13.893455977564166,34.94166450091775,92.03180435848822,6.1325334439372305,106.71968530840005,orange
24.601574307806125,21.940344058307915,10.825014892915185,25.519861627659004,93.45671861898853,7.455645719266945,121.6652908002514,orange
9.564550919417334,13.447134986617524,7.035722122608102,27.96860831815813,96.02972867107455,7.072173958302805,117.35079864275909,orange
38.44871831375676,16.88970313325098,14.291427653420689,24.305751823481593,90.30962596542774,7.870041589757887,118.84267154864023,orange
23.7839894006886,17.68949517301871,9.363246220151634,25.52244978048156,93.01845463150292,6.373410504182152,99.03058296372357,orange
22.639578930047513,11.22769232929847,7.07802901827213,34.5047241736431,88.48253244534897,6.763190491770977,106.90329243244872,orange
24.894933447345057,25.42584664751606,15.547373509739982,28.20356922260495,96.85593015622449,6.965619323503856,113.70596717155334,orange
5.634037534239518,28.491716730357936,10.141614944478006,27.558522237624082,92.82573587190917,7.237540178720851,104.89916552793414,orange
1.4648553904656645,26.096663755324073,11.056005711356534,23.965673124807996,91.30332928604483,6.768431477437014,114.12969919588733,orange
18.91535035506519,25.698363817578297,12.617343615472452,33.51725894548269,91.15665087072065,7.346241168214816,118.36865712810243,orange
1.8880613815210725,15.017938710056473,9.353367747828033,29.204920321053596,94.79947655230602,8.039841261354452,100.80350247845627,orange
13.464325244482863,19.093725190062976,5.733067756503155,33.110055941004426,90.60505124088364,7.805572678754246,100.75433319254098,orange
50.25235629857671,56.27451350590472,50.56645492452253,37.4487515163248,93.30993531893957,6.744126813974273,243.53601998127044,papaya
60.7148985435609,62.81177871943699,48.067715554170135,43.40608543648913,91.74056567781088,7.003712013791796,247.3381833248951,papaya
65.33361370003878,59.5287150100099,54.01676109941326,27.705745506880028,89.26269943362551,7.2074951307893915,239.83835119050485,papaya
56.87607194879381,44.326820749357424,49.904298464913076,41.44600070450959,89.42954230343985,6.728808773128079,246.77584940681356,papaya
53.261917447679544,45.39172974410233,48.14676424314024,44.53300068808045,92.78484907717157,6.500224670664501,255.90840894637412,papaya
62.20409099863393,52.65623466256284,49.67766187718999,32.65036334627317,93.48982609662386,7.20818259112723,244.35850608499433,papaya
58.9089818936534,57.75416387693119,55.90268042312439,28.278752573844585,96.19936448541964,6.63644363867947,249.2029725448795,papaya
44.99134012246122,64.55920689263213,45.963894608352156,35.29718395683304,90.9406056812622,6.574154244385911,234.1246362313066,papaya
53.90621561368868,69.09738543811149,45.93933791615051,35.3549430627756,92.50733295818253,6.7381936704250105,246.37421959375175,papaya
70.07713014638668,63.830407415683936,51.77375751993863,39.61422982297509,93.76475860248618,7.031640403417777,250.8099209843032,papaya
35.99636133247456,64.18353785028462,53.12694704821943,39.45898151582265,89.97936427558969,6.941865965782595,234.22083513340374,papaya
65.24049617677792,57.633709528597606,50.740015789727245,39.860378484093545,93.06785155894539,6.786149290830227,244.6373903031947,papaya
41.91609851760481,63.05300385769355,45.22362817634787,40.39284231836791,93.51920220220094,6.50877852541261,232.79228760930266,papaya
66.71589107676698,62.75855633255637,47.62389887502352,42.278224742807275,88.88477253043163,6.97675659740127,255.19913064825124,papaya
53.398159964343,59.69122904002765,48.31933209712748,33.81596515655505,90.8559516986366,6.515327918048154,241.9544657090496,papaya
56.66154191901367,46.50834311902298,44.48434476687504,32.80546745027781,90.65191255319083,6.416506989944848,227.0642539125453,papaya
50.12355233444055,58.8401515733493,52.179525146580616,32.620634783406004,94.76210984298079,6.61092624728164,250.37640259792587,papaya
46.62505188213514,66.1677268606038,53.562566282848856,44.177357348870295,92.66764740632016,6.510196424921293,234.43676350837586,papaya
31.129098757531068,67.18264092721401,55.01639542763606,38.024267723865044,92.78760235173083,7.143437944622654,245.6154481888763,papaya
50.621276667871896,68.08958273903002,55.39360750733096,36.79493094969792,91.84673931297567,6.802859220485317,237.43074225463835,papaya
43.16437574207385,47.78357744106988,47.82796835135744,23.16161288306186,96.71423977432426,6.7777712740887575,241.2179116847442,papaya
48.72333999380151,64.71144085431537,52.377346407809554,23.278045199448414,88.69443093517452,6.633611823396206,234.478865868652,papaya
52.45657279077132,59.21242056807797,52.79913045551922,31.087562091386463,89.59222580653248,6.77515437460828,254.9407420208834,papaya
34.856385508273604,71.76547261911374,51.85895512031961,26.341655230507605,87.13034450200036,6.503856725638323,241.72505418647194,papaya
43.31792824344089,55.16616138944397,49.42599716618828,23.99332330654429,90.5245274411542,6.710275315062404,234.2631053563232,papaya
68.07615159662946,53.52063095131797,44.52489670419772,25.723492848208274,89.79880547883626,6.689533379503007,245.56358140994345,papaya
38.5013741568235,65.9588948831727,46.31727375405478,39.09029721447896,94.34024929452333,6.8095754539249285,239.583739657757,papaya
49.4012965518936,65.55107239245845,51.42318806051506,32.10416361378029,92.36113529659788,6.684237598077481,252.3290197844071,papaya
67.42045250095856,53.07865692342293,51.114507492517326,39.75906700038873,94.31413717414017,6.692985623176971,240.81655278988023,papaya
67.38471650592598,58.659035331790484,47.68147738324841,40.71472896954764,95.9782535673971,6.672857083820703,242.92990377895538,papaya
58.74296401414431,49.85080600068433,46.1701828991021,43.814059168241194,94.74793476051424,6.761841129954574,242.03336420287852,papaya
61.67862756830263,59.48591991810548,52.888126425119445,41.93392762003347,91.5794399143056,6.879846884568209,253.9599189916901,papaya
60.34983253975666,62.910434550854305,48.52373439852631,29.26760016742452,89.67992721257566,7.0576855619156635,240.38878539154834,papaya
61.86055556541769,64.40391589867531,45.22683274744176,27.66135734547812,90.22697731406441,6.691068211213656,248.93975535432992,papaya
51.31924515542745,59.836948428942996,48.54894456911641,30.42208885090742,96.3686749766878,6.861209397498428,228.74428157908642,papaya
54.15517701006012,49.998948044773535,53.19086426277751,38.25600190075775,88.9748792748546,6.979574540104883,244.26215592628574,papaya
36.403253653315154,59.83149199442073,45.848152534244086,40.24174057559997,90.48615436459345,6.80369513103441,242.6251577173399,papaya
54.901407343099436,67.06328588341731,52.81197614058769,24.591473136139058,92.94246689358364,6.633104522932038,246.20988639760762,papaya
42.10524903134437,54.0889993220914,46.75106461815987,41.9818869143257,95.01564000079227,6.942838225544037,239.78562920340798,papaya
41.62974412488151,64.36851533122453,43.68495403273751,29.839338545699324,91.37656774181593,6.728832199594089,245.0683838918151,papaya
44.03582188865434,55.62770634831029,45.33713037995284,27.22605017753254,95.8465636701336,6.725016178325357,238.5051685001011,papaya
52.205729146758344,47.86814997971568,56.13225470590401,31.967055781862612,96.32621018381684,6.416104450333249,245.95076582689578,papaya
45.224375273540645,61.85907238906048,49.85723600121573,35.91277282756795,92.30793901641833,6.589822306886273,237.55574472600964,papaya
56.46153198249984,62.62933855702902,50.23493237857353,23.44659439541088,96.12885645609192,7.079519614538822,239.17018595476316,papaya
54.07908413800025,59.171942418789435,46.732347568929406,29.451230910566945,96.3810626104052,6.93025881872671,230.93461076182197,papaya
45.17203040638657,71.68404683229733,53.96644335265504,41.146331938623334,91.8683029997623,6.7542873242962855,254.19094109833185,papaya
55.858845114505854,65.83404691413482,49.65934966818486,25.73748960638699,87.55322351325316,6.778388215382411,250.89901353628775,papaya
37.804329359198114,54.405966699108085,47.981046626568734,26.02912624430457,94.506466118126,6.697755624971388,233.4365427541694,papaya
46.90807042228398,69.4528472064168,51.52330000121371,29.567176543880493,92.15497208222291,6.769771799373663,257.27134344467737,papaya
35.80856757578631,51.24215636922995,48.05601535957086,28.045561943643133,90.66185114490486,6.71390951650145,234.41149794620293,papaya
56.46233478466687,47.68949147558623,51.718813638884065,39.6297329826707,95.17072535964193,6.6691330996414715,249.31865755523873,papaya
36.778384264353114,57.87355513733425,50.92945307431283,30.62601382885618,92.51830977823748,6.965540786916746,250.4062339061079,papaya
65.64468780874593,48.47326890283667,50.37984239181521,30.863857945372196,92.06176679667738,6.757935664128289,254.29167042458238,papaya
35.637898933666094,69.03547622396057,45.27853784829208,25.30308543377062,91.61383882780963,6.742844950922596,259.3120645883386,papaya
51.00706019909623,66.08178650245706,54.422742022822746,32.201930998345226,92.83759294768939,6.757191925410181,249.81246578436208,papaya
65.94519357098069,56.826254863346875,49.13172885452352,30.526210319084043,88.8686260918831,6.526012666725364,237.44959937592867,papaya
58.66710800079328,57.1223132244583,48.72617294915795,36.18171842129335,88.13523341606285,6.728999914389167,244.19738758216636,papaya
32.27913691962192,60.14968882439311,54.93268817059412,39.485335867291425,89.66762541725015,6.833043654809898,231.5057816093915,papaya
46.25474650434989,44.31004327043899,45.52465944212825,35.107435902966316,97.09201311377052,6.723284479952493,263.7769379117811,papaya
42.23047793692682,61.714031748439986,54.25352410096518,26.424508378481853,93.72848904777342,6.609878613269447,244.86490242176944,papaya
30.540231003052554,63.20453860465729,55.6333082392389,29.314617836144837,95.18968539483625,6.763571316351563,235.28981647311036,papaya
48.67843972869503,57.0925784564903,48.130999104160075,28.58615922797447,91.77694455262429,6.432379687193244,248.8091382484193,papaya
45.72855922780874,52.70422224254595,51.535932900971076,39.82070406252153,93.64309379843667,6.8115270649016955,244.12985691751652,papaya
33.12281702859273,65.25067580889778,49.03370980777952,37.70732784751149,92.41019123022588,6.967314517109861,241.56154795326077,papaya
33.06430554254174,49.06653299627576,53.150219988460485,38.679554004255024,95.49119169217005,7.000225839492739,239.4846748008234,papaya
56.26545490395142,56.58754292237463,53.55299072160774,26.211451919647683,91.0556897074119,6.770140042838437,243.52601601770374,papaya
55.12807700630472,57.03091210798043,47.0284266851242,35.76213406445537,95.06899034234831,7.027937032575486,251.36999090559604,papaya
51.74876239279356,70.77942681522634,54.575777145589115,30.0907022553855,96.40003695147227,6.915069627726367,240.5964259160822,papaya
41.89941019052538,68.84488992488909,49.66729096473114,35.43280674974156,90.89178263793559,6.764737913051403,250.35448966434615,papaya
52.596570515049656,55.345502686365485,52.53930295651457,27.542885201746724,92.00627201092644,6.561882680477852,242.09055380767657,papaya
67.42441040481029,53.81644180436661,49.4209962049797,28.03925754582009,90.9002856935774,6.9524348121787884,225.88810394838112,papaya
42.258033361029014,66.53014505636811,50.12503191597166,31.13864847589148,90.56410200727647,6.508326620616964,242.2171453756035,papaya
55.14338226593028,65.62742969503562,47.09377714404486,40.38834448814125,93.89043466168366,6.938991318098892,238.26776557747692,papaya
61.01191298181141,64.16867742448463,52.2314743458459,40.25745327611411,89.50765421004087,6.606535642245255,240.24906432493742,papaya
56.19159191997097,52.795324428975604,46.65781235357619,37.82407098739256,90.78954077775401,6.852583108431927,227.35206147303543,papaya
41.161136031122005,70.60918699861851,46.71397889478201,32.49015739149907,96.38572758104758,6.466821107382319,240.29286959997557,papaya
65.76265538842515,52.76310777824659,53.77215774285506,38.15189282896772,95.27492615349276,6.900690571347312,234.80028664076514,papaya
46.68147015011794,49.39661407996279,44.318140953478284,32.88117230662758,95.05763908666795,6.936128600037516,253.60422275381146,papaya
52.139594858602464,63.69128291297456,55.66732934181848,34.960821342908204,89.57334390738737,6.683918791701955,252.46933293289052,papaya
71.55191415107367,67.97807441170407,45.76999333035058,28.966033672623848,89.21062830550109,6.98110198805723,247.17993271754708,papaya
43.274675024686005,47.544132285157026,54.333746326452875,39.681931071805614,91.45220720618137,6.720594955243099,222.19110087944924,papaya
37.06227279186674,63.02852226532288,46.53719744916389,23.966149021041957,89.79673465483515,6.6443158679961645,240.86316105369335,papaya
63.61006372077573,61.50297354781781,53.06827053727627,32.80598840451359,94.82869972090687,7.072783541089724,246.05699372203298,papaya
38.59651692218593,71.26297771622335,53.985936494783864,34.65050552311675,97.08635634359106,6.343872125514237,255.74508654633956,papaya
49.40340720541052,55.73158236245752,49.750625399463,38.03854023680084,90.48488639090124,6.984951036866104,230.73425804895757,papaya
53.035263741634736,61.19431269395215,50.554133856555836,28.98427616965537,91.35109721274318,6.6978745907905095,232.9916732263282,papaya
36.11013007517214,67.91384528255332,54.10676052144952,41.917838861570424,95.79042639179949,6.807839074241927,247.11082984710575,papaya
46.652373033526956,46.88953986132079,53.03431899583029,34.42724107409695,92.48610477630749,6.723150097658829,246.99671482030476,papaya
61.69698932281005,64.51264150708622,53.64365207696882,25.839226349595076,93.74275124374905,6.521982223330408,242.98983436981723,papaya
54.5581808251902,65.43882003444408,48.90023424214061,24.56152892159936,90.96074957150499,6.893773744431481,235.31268156519786,papaya
36.716009594358255,49.91901594979334,52.19218291069214,25.500627976809348,93.88735784138505,6.933174439525233,242.51981551280858,papaya
40.990534161281516,53.78547121598198,51.96942984299138,28.344228437344118,92.31154114557475,7.193961421599333,246.69552244011936,papaya
64.91285280412926,61.635304531210956,52.346988771024655,29.365461791180966,92.89728179969786,6.808191799066836,232.58989238695952,papaya
48.04858529080821,65.23962023074019,49.12982849840706,34.1459249663989,96.16952531441511,6.667098793078153,224.04913429727335,papaya
55.449722077261804,67.55614874132812,55.01514211907934,35.69473712316502,92.38264886093376,6.757138636912388,253.5228444351571,papaya
37.236556986181945,56.822104930627106,52.3322887860806,35.19661596016551,93.51802944483879,6.653821418420609,249.41900431154724,papaya
47.17168023695345,55.58718558808962,52.09905637367047,27.329062117186545,93.68553866325357,6.700566795028688,269.6966108886179,papaya
67.13142034409832,46.922780269805465,47.64991957602476,40.572217201016144,92.47922174533602,6.758631631628049,236.17073926089466,papaya
68.30655233318284,47.246970839047414,45.408860292827114,45.25173693396623,94.31180976771171,6.838040009337614,235.33466695903311,papaya
56.17347605474347,48.4769267566835,54.12122001716381,34.10044156749102,91.44583946684634,7.198514208184092,231.19033015476592,papaya
44.66882973604211,52.924204519512415,46.80884205416977,26.2956027488529,95.77043636140424,6.855582715576213,244.75516447919256,papaya
62.71858572634379,53.032483522139295,49.47363495077088,35.21744135072524,96.06787613128478,6.757741936988246,234.89993833486906,papaya
30.510414714094004,61.387206778585615,44.342463883414446,36.37964236661993,91.5834776648097,6.752234273300413,236.613946974009,papaya
70.82404132149215,51.09596265291313,46.48356577597265,38.11409027270669,93.49968791422145,6.70807297838665,253.79759755318133,papaya
67.95150669588459,55.775098208656686,49.631560337199346,43.9444211752089,96.21097031527997,6.774079970162008,237.71611800561413,papaya
61.24969369653321,64.69547942569754,54.28238564685947,38.97905774204538,94.29261034585836,6.501336889578814,229.71548837220502,papaya
36.88135322716295,47.38036333945993,52.79412374457193,40.454474654539816,95.89962751867985,6.758920489946085,233.2542532568432,papaya
54.4743532119365,48.241528694758955,46.415651942274714,42.47632075464608,94.30661845952278,6.869016239652886,251.31823290555468,papaya
39.390937762572484,63.711523950547324,52.742382050780435,41.37389697578575,88.64629293664684,6.47722428413996,237.3662716548528,papaya
47.634755845428586,59.62411242467393,44.15990040069724,36.18815145517115,89.36922113727749,6.854890980691102,246.8968759978508,papaya
49.38439023506872,60.87804514825511,47.94687526008235,29.502960563546665,89.03701948882794,6.760752342125684,254.72594861939263,papaya
42.87560870263939,47.55519259599667,56.04687143723865,26.143809256558182,91.92259714074164,7.102824870893009,243.48208738758467,papaya
49.83797557729131,51.302954805679875,47.09662635993347,25.12603318041019,93.39282864945436,7.076386179707101,233.175389454453,papaya
68.18543569268553,59.23464076980375,46.13130929733366,30.902341513789924,95.04249463212857,6.741858376776677,240.52667589466722,papaya
59.292914212682646,57.10126131204479,52.26127336856143,35.67431386579394,91.08390807425418,6.775389436249743,233.5070777232817,papaya
59.94148323414472,66.12432535524903,48.299822215581365,34.37365772321118,91.92593189939339,6.459132394787011,243.76532185887564,papaya
48.59710988232305,55.833376481458465,50.057840943421155,30.77701305445322,93.21654263090396,6.616713451372794,254.8478445484341,papaya
39.93003544926931,56.68902312973845,46.95421088593176,33.41177985234731,92.76918526004891,6.747671204576713,241.20146576316228,papaya
38.26271536993592,55.84104896819637,51.37307043756824,33.598481086966714,92.71484533896354,6.692212087237938,251.49256472562442,papaya
35.473627811818794,63.30825855884287,45.58041392784754,26.556009243654174,94.06938579291658,6.195143050157076,231.42271917101752,papaya
54.090360084420915,65.24604238150754,48.53849633668206,34.958206809356454,89.82491756287762,6.476409891515499,256.5807607643247,papaya
47.66858272648342,48.17250021651646,46.22590501256824,30.939053321516884,87.99759688589727,6.768174920493152,234.91429593908856,papaya
69.65882007432192,57.768851796117865,44.61994495046774,30.140285473956453,89.73336340580835,6.632901472279517,231.90398148480344,papaya
62.51561029400857,45.31400046483539,48.38126285978684,41.991627347729,93.58065430554971,6.446928756893655,240.59113269853012,papaya
56.10016653116151,53.473602605050374,49.1070848904227,37.94357235851185,94.33457745306589,6.958678569609604,233.72294362377343,papaya
51.29001507905261,65.43480100446003,50.414977554457856,34.06685687952967,93.02144279795563,6.5189998977760135,255.33153668266908,papaya
66.75269055712191,53.296355066955115,48.21339856515526,41.7392452987911,96.80578897263628,6.930498159471229,230.99650108388406,papaya
43.92938337713022,53.611324899044284,50.79449384685699,34.52660674685273,93.58423363700417,6.945582760853054,249.493654644046,papaya
38.04640798441192,59.03999735238155,45.00088345393464,43.30101731872222,92.89437961406036,6.543095551021423,247.3873584037671,papaya
40.81119478931024,56.722009739319766,47.41349826788155,29.66962103309568,91.40996160523463,6.694522315951683,246.86446930198545,papaya
58.90273193137513,53.46265666305311,45.891093151537525,27.48610590468436,93.33034272396876,6.768088845967492,249.02317378946438,papaya
69.12245537869737,61.95160438882078,52.58669521694844,39.57920648056934,92.81924449866646,6.857934948680109,258.9840125691015,papaya
34.4792336728146,60.11748221852205,44.88904928438379,37.420670083222745,94.58076947125345,6.715527115989913,238.86407923447882,papaya
62.817058978220714,65.87546921928325,52.45450972053279,26.794979980923003,94.67733036347165,7.202174894751864,244.73303665579948,papaya
52.479586201270266,56.582054820692164,51.17482709111928,42.855779333387204,93.50445330809785,6.633426197818334,239.33607939258428,papaya
45.992514816894825,58.38775820004538,56.24629770840879,33.81834265628175,94.27734371843657,6.938447763366525,229.1960522044709,papaya
45.08092025436834,66.1878977289867,49.43294592096285,23.368162933130368,94.62699498197834,6.797217486550792,244.12505591283525,papaya
38.60782029445502,48.115224591409635,48.26903843053334,38.153294576259455,92.70856776099716,6.835412999786943,243.80977080423543,papaya
36.68382715101573,69.02439580209351,50.066144273112066,26.01528071668008,89.6740559244397,6.730333500402918,235.4549156970903,papaya
60.7658359465878,65.11654799764305,51.6913540354637,33.7467108894147,93.06017745566494,6.773448539990634,235.11817963786237,papaya
66.8625292268328,59.60017116633689,53.38902170231212,27.700602702507062,92.18897630040205,6.979281436065299,234.59358505612516,papaya
48.570943725601715,57.630969496807964,44.94236998492772,42.02705867273433,91.96051488423046,6.588571198984466,251.78309583826686,papaya
67.75423135000155,52.137789630785605,53.67074046085226,25.108802246563744,93.0786853247451,6.666487560134726,244.16074857276837,papaya
62.30452694003502,46.70104866301432,52.59283472792852,35.523064829762134,90.55270596179867,6.961481090955357,242.82185496202874,papaya
36.048135674227346,65.69518256128868,51.899184182330735,41.7070865424846,89.83125142532353,6.976052018823324,263.6976333253464,papaya
62.14279800039795,51.407964649152454,51.129666188564954,25.428371751994657,90.94273997304786,6.9373726354667244,224.49159291568375,papaya
51.066827387792145,63.06175141872028,53.803768886814794,33.83478593006909,89.92578428718805,6.7642997940494105,236.45992784391694,papaya
33.30739953074505,64.36131985052661,54.1237059220106,27.82724231990276,90.92156837986307,6.672629925588675,247.73844861983687,papaya
64.66154554142237,47.1623831616762,49.42454002734291,33.99099241612317,93.22679752257798,6.594793439445429,250.50407157960043,papaya
49.53730653831846,45.746486919303386,45.983249087960985,35.7444959834515,96.82057718262196,6.8603453944901265,257.80806486065563,papaya
55.518730866349394,67.6893195586575,47.93020092855323,39.638343903702804,92.30699480845932,6.785917962061814,239.50912206954027,papaya
61.20643193422926,62.373656023363935,52.44226415477046,41.805088618467735,87.36969595807463,6.697537698345633,240.62315240913483,papaya
68.47236793319297,66.59793140388621,45.7302899434674,29.922114584932576,93.72556081956816,6.521851025907513,247.0086569437775,papaya
40.39412911092822,50.207873851388825,48.725143303023856,39.58411952730916,91.4001020605582,7.021163780377851,248.46158381153862,papaya
40.2818839766473,67.27888541243178,49.15420311257211,27.5523597720041,92.99102649314965,6.76728053604624,247.7626499990695,papaya
29.844356946139264,51.44405111791314,52.325614971096634,38.79517309490562,94.77869019360887,6.838181717248326,238.48218601792038,papaya
69.2768422258644,56.72232136464004,49.82588483968656,31.46824584249398,92.4689469339268,6.7884831373488534,252.29111480138747,papaya
33.529457698286386,62.36396550405891,54.645636240863865,25.25862815828759,92.65738028277181,6.781023507506936,245.1250158629808,papaya
42.85267357976419,57.62008824038103,48.345272570073924,42.09374390708558,92.16327576403941,6.684961895567379,241.71531564550736,papaya
68.02229521530246,45.78563387813128,50.62671393540668,39.72449933636281,97.48592516638594,6.496864110077325,230.72685571836695,papaya
65.26467560193058,48.75557305394987,51.27562426293353,33.59798797714465,95.59264886459374,6.510557931055148,243.65086403860755,papaya
62.07342258153906,50.48387910356081,47.21595108802588,34.05827856000823,93.20676349880443,6.973345721102803,247.37479242414403,papaya
54.731270607416455,70.28197286330843,53.4393877751584,26.209564517119663,93.57382083298117,6.747304533985344,245.56953797380518,papaya
32.703054505474924,56.03095266820112,51.74112617154358,24.380136182635425,97.13097044517203,6.628591062267322,254.30973359451002,papaya
49.80973282413569,53.15659011522876,54.07492530614765,40.28984198895761,93.3915281581707,6.759714847550007,243.4346015382616,papaya
59.56887474428235,58.21461019818074,47.70518716411335,40.407864559392735,93.04594209977762,6.881819091619431,225.16192396028435,papaya
61.7941528508238,52.63380320904097,46.35389309746212,41.924563569047706,90.37386714911071,6.970723862333056,246.81484887562203,papaya
59.81008974954972,63.615921665612284,54.674339631490426,30.804209986112348,92.92040573845084,7.031911435901651,251.55150682835276,papaya
56.86690147623954,52.756485445718674,51.80372962856009,25.476228964501427,89.89889904524797,6.586538616896756,247.54971483598462,papaya
49.59843570606152,48.93608073183884,47.228771845152885,26.69409597838469,93.76303490401426,6.336686897296308,230.0727162156846,papaya
55.493343409411686,44.573966836567166,52.09457382366385,31.685520674610178,90.8617939279053,6.812919303066066,226.89919978742273,papaya
58.06376051133169,46.499593360301425,53.87753106540928,34.58155649761833,93.23787292275787,6.877917082877235,248.31754985684773,papaya
43.69677742703146,52.71763638855779,49.90804612911583,28.39728578585528,90.47246256770376,6.737296265965662,231.27171487328877,papaya
48.981494682800395,63.167279318363384,46.112312750476235,35.98562171473771,92.34463934820594,6.471778469993878,240.16588411677697,papaya
47.59366545450366,60.255308383120266,47.92870074510775,37.174055137383164,93.6205364800256,6.7218305829811875,255.3331866203646,papaya
66.20662987661774,63.8168453836122,55.13494458949104,29.748955780736754,89.5097072239647,6.551600930755538,230.63922511533104,papaya
64.59257505925787,65.6746186547755,49.882059836466254,38.47059759565309,91.73692015861329,6.706447141268125,239.5509768696901,papaya
56.95359394360036,62.48063367343354,50.92738098471155,35.3852739054422,92.39230902535772,6.5102437635985275,249.47825829613936,papaya
44.109311364052616,51.63807450685861,52.92708101767739,33.361705047117724,93.30692426628246,6.906396084136086,252.80605619208865,papaya
58.12115169789654,60.239077160531494,55.4520194458008,33.02239511701002,94.88940629257503,6.443302894735523,242.02881798180272,papaya
33.566638931632475,57.55734758841013,48.68305564071603,40.996344077355076,94.58456010369889,6.887353783425678,223.2938770221645,papaya
48.926138607649584,69.01827539761905,54.63002071581912,22.77948537883848,92.22503642827107,6.699168242019006,241.8375912149377,papaya
61.839088374782804,65.29353468962053,47.9364094554972,39.40316316263498,86.97781964975395,6.519294189155052,246.38458078192122,papaya
42.42402646576568,71.20484657506523,45.25126286177619,25.52413012111711,94.97777976144275,6.941462798739239,243.1054344272103,papaya
70.90764590039456,67.60840743971018,53.221051372668654,31.642864774099067,92.21133062721009,7.066287270376428,247.34027690721086,papaya
70.83886153330921,47.5678625517704,51.9913872475274,35.7115283552556,94.0661645651204,6.915323493137554,229.39009051585688,papaya
61.330024681262955,68.46227263994491,50.68636252112979,40.194587520459926,90.3417070660028,6.558746333930271,230.5251318979361,papaya
52.12677108102377,63.23960852709676,46.28970620959171,24.77225002592964,94.88905457361604,6.956875664752727,242.89584525708315,papaya
32.46034747757507,50.418091001615984,46.12680127474143,40.592781621901686,93.29467455324767,6.912754154658313,251.00207741745226,papaya
62.08212528892878,52.74963649176802,52.73102965441678,24.169335861594973,91.80278099831061,6.580429715785211,257.9055497684829,papaya
50.44024474838301,57.514736460080265,50.8456732641162,22.935189644103684,92.4115224327028,6.839396138853883,256.0168945523904,papaya
68.79993218603894,50.675244734823664,47.6355098326552,27.11617468966526,93.61823621348196,7.0415910567265545,247.0315146846518,papaya
60.79317597965416,59.364327048431186,47.534108145024064,30.378646152429877,91.10503903350282,6.616860256781465,249.84648013503642,papaya
66.67654170641693,57.18337037801486,52.0074948659921,41.64301440381177,90.37627013510716,6.776291853846163,249.5347606514248,papaya
42.50830237575532,48.18785295516211,46.04178774915182,40.457573945225676,97.90812967889883,6.562844499004595,239.37991722130087,papaya
60.62538792290949,51.128375698285566,46.75988151696643,29.267340878757263,93.5461795712744,6.864299934692199,251.6014358680682,papaya
42.42157975855517,63.804182053095865,49.003456822774375,34.920772219457994,92.60354835219631,6.340440822321958,233.96347935843923,papaya
31.534155253195586,55.01034180699755,54.92547884176647,30.588700994031612,89.84358871966748,6.9312105708663,227.15634321551656,papaya
34.485952620097336,49.128386137875104,51.126320150644894,33.149856898734704,92.91899969711818,6.741253886091971,242.2595365185495,papaya
56.84854949305591,50.32195200030188,54.73127151962514,31.087313398365144,94.02208817337888,6.930739148095602,231.39860950137418,papaya
10.82474781786383,59.530626264623535,17.117156763856233,35.617875775345595,40.2480680733355,6.623897637319423,132.85574820698284,pigeonpeas
20.73786805510491,58.6305893899494,23.38551233173752,30.233824960493315,61.37033856209865,5.151721363847689,143.2526966860652,pigeonpeas
31.908824571527326,76.53549132279996,18.29411962109607,25.609935205326998,69.04793320691897,6.626382148597747,174.72772292335912,pigeonpeas
1.498583590501803,60.633063260436714,17.300026508203036,30.315152247592923,37.731419468773666,5.754575417470272,167.99732512622603,pigeonpeas
32.14455497942418,72.114234783255,20.10520217013425,18.3242436416345,40.340093935214014,4.948167392890408,96.95031159933829,pigeonpeas
11.297759681052993,76.5405361772541,18.17724868972149,30.976553058564978,35.23410734086602,5.6864080802302315,143.08203831818724,pigeonpeas
18.654811574618513,68.95265807461783,15.170564050623678,18.830883654716423,63.46760454494609,5.434348302642987,124.24672889953013,pigeonpeas
3.88075150537898,64.75552825136201,15.73893170552584,31.418526053460962,41.68921506539827,6.027295822158248,90.03881559223375,pigeonpeas
1.8298280559735631,70.33189442234871,16.5638211869582,26.875511775276518,42.158548902894935,6.626252491468576,136.35700652757654,pigeonpeas
34.68064231106862,66.42432853335795,21.431083679286253,35.12662034483017,59.20281783481926,7.025642007798707,97.74867441104395,pigeonpeas
2.7224605402654514,65.29647814972918,21.308973579534015,35.49873800180698,57.567120471547256,6.17580375314279,112.80091352536736,pigeonpeas
13.94704678044787,59.3114058635145,24.085697639333787,32.837988918680914,62.63678503365332,5.106378851950309,131.31047503140115,pigeonpeas
10.003314556385373,77.56155995234603,21.301992301109195,26.214278974594894,61.41594106866779,5.201944369469059,115.01649851544738,pigeonpeas
21.135443930440232,76.45453206057168,23.12642724914329,20.695395618637612,47.955239709938944,5.50615381423036,168.32414509233436,pigeonpeas
4.604463940183645,76.11274739397318,22.626506026799202,30.593954750420185,63.73699141369389,5.907450446361674,178.54810922937364,pigeonpeas
37.99492722156754,57.70138864852414,21.848081001862383,26.97699271989192,62.70360105253352,6.911727087738249,103.15876645232348,pigeonpeas
2.12662557321806,55.88571384973468,15.50486403672667,23.376547425001853,48.087554367215084,4.870362280670123,187.2130503338671,pigeonpeas
17.452684193148972,71.1683814629912,22.30279147408073,20.772558465435665,34.23589156698777,7.079963190695968,166.837219671276,pigeonpeas
38.26198514189214,75.23716745426164,20.021589017197464,21.57130094074337,67.88277208502006,6.4931147905450555,136.2000422884955,pigeonpeas
3.3029910404663654,70.83593271312796,17.03719629884295,24.687389907994962,49.72343692296087,6.779635832305652,160.45087384465242,pigeonpeas
7.691735204885062,66.97318179131167,23.88982721959375,30.992414799041995,58.9713296574904,6.720846936064017,131.67949227631178,pigeonpeas
30.71320134480082,67.58421314459018,18.077531736375335,27.621408234939473,32.82435170446738,6.634454661165888,137.25168128149434,pigeonpeas
31.646237577570908,65.87998199374427,18.992183168064024,34.78197285477868,58.802568668002586,7.205058151634151,146.40728889386344,pigeonpeas
15.053121198449412,68.13622673058194,17.05289217441412,26.842713658514107,34.67357375463536,6.338776560546081,121.12569008674727,pigeonpeas
30.954641833238068,65.48715308686485,17.03330237992107,18.79508603342077,49.10749352586591,6.512677398914885,128.16655546385383,pigeonpeas
8.661243837196537,77.96689088970697,21.334173574302557,27.823760899675236,68.2487078281633,4.909536124283503,160.19071683928195,pigeonpeas
29.710246125671734,68.08830303546857,22.14809970390966,19.78937246716421,33.38916204459776,6.9284511604944266,99.22761379469608,pigeonpeas
38.531717023156745,67.7632863858795,15.639896577784414,25.011008188345237,40.117715495817144,5.169223638641429,137.8715135526797,pigeonpeas
31.52464321453291,75.76425413194681,21.066169493470134,26.44719398779248,56.67989583662847,7.165538602296341,106.64558909150757,pigeonpeas
29.07269083098637,61.24639628817855,18.509467560828,20.63300001987342,44.93856250373544,7.033906088802728,113.9515818315747,pigeonpeas
13.37039451368989,60.58707870859395,17.112716159223368,24.93776882909201,49.67173781913362,4.782650151251337,95.62115454945268,pigeonpeas
32.5373756939699,76.24994761314166,21.621900597899916,23.672267136135694,55.33883016596206,6.224713298743706,121.18020478068811,pigeonpeas
37.075162770054504,74.15686289499534,20.125060984180166,32.519277195947474,60.69302592287256,5.371009476418301,107.12009290271166,pigeonpeas
12.952750472433427,78.20096881066948,15.377013417722315,27.333986859218616,69.09580165901835,6.079970162862998,103.23723107511309,pigeonpeas
23.048180069623374,69.66108890158722,23.737371473898357,35.222155454600916,31.573811980142214,5.425286431771642,112.28041863417498,pigeonpeas
29.096749637358815,68.72065704109389,22.714631000406207,28.34508361966058,65.525926748764,6.201888649136092,148.61858414263557,pigeonpeas
28.446667312233316,74.66565167285081,20.577511225837707,27.838785401273224,43.764436353922065,7.251676934383814,167.3650408695147,pigeonpeas
3.26056635452718,73.61217838994642,15.754895006753175,29.46693050282021,46.99170291318123,5.171347130525283,143.27978514497775,pigeonpeas
22.127456934986697,57.85022941298203,21.573616558753486,19.148561681629346,62.27089149002112,7.201019494167621,146.13845547476566,pigeonpeas
5.0826658180692,59.89052038837878,19.168992250008625,26.247901677972393,50.184294971069,6.897005426035681,180.52952147597577,pigeonpeas
14.623398329741942,65.48650486286566,22.161006609461435,23.043497362046704,45.53421191155851,4.519549293198881,148.12444680101646,pigeonpeas
13.177598342941916,76.43469507515917,22.062364501105485,27.14269736673521,51.16282023853705,5.0571250889202375,102.27181354438778,pigeonpeas
35.66002555143519,59.12092022985262,21.187338770971586,32.753630200648374,37.11748337639774,7.3172450071029544,92.27030875289975,pigeonpeas
4.150524991781136,65.6524674838691,22.585011084520357,28.663802988459018,56.68082607971703,5.406064467676651,121.4103994184901,pigeonpeas
37.26739538034144,76.19854176400997,24.16860529123568,30.22466053294993,30.97897446638057,5.792767374050472,141.56090002092103,pigeonpeas
4.378299910917289,59.155446190532494,20.405317556037414,33.267893410371364,43.958135469961945,6.958117996786171,128.83963779247284,pigeonpeas
12.937028573406813,77.16175568134994,22.853561970886265,25.844861983090137,71.23322676659217,7.702337314604332,183.3056538411007,pigeonpeas
14.193555658903213,67.53639031992441,18.796664519443944,17.763007263456927,63.3971386066033,4.930856535602466,145.7478269955142,pigeonpeas
19.004253613829867,56.86436153277388,19.588207168399116,19.457437129336803,64.70240708019399,6.4733121537752725,95.95213003253198,pigeonpeas
38.83664841704024,66.44935831368099,19.192593922335906,36.70869682832745,40.065819771400314,5.142687487348603,175.24431902261514,pigeonpeas
8.240386777116647,72.28474324609218,22.028036615559376,19.242251425604035,56.54132674321117,6.449876263774494,95.37543101289785,pigeonpeas
40.84893554147739,60.42041716518251,18.525324743065735,26.59571811055405,62.86154622538885,5.789959339279275,167.57537843822695,pigeonpeas
1.6370373036910582,61.238743693713126,19.847195639891595,30.00222877600867,42.93078018181652,6.826567127928852,105.45619974906563,pigeonpeas
19.937960289909547,63.24952066230466,18.901427978995752,33.36089386573456,38.478355635408114,4.993471151790775,145.41839464166512,pigeonpeas
32.609197364874774,72.56008483607944,23.143912012862465,34.13108689394667,49.80927189303856,5.503457230471307,163.6736126037837,pigeonpeas
27.926957350691154,71.73517781872246,17.02580123987611,34.798321429012745,33.27955375492421,5.590724145525575,97.48174568429182,pigeonpeas
16.57746429758422,73.69938526426118,16.87946505895599,30.657322558844935,68.14416698961746,6.932523066314916,161.67179580534363,pigeonpeas
17.206145037098747,65.92985537615326,22.337821809043422,18.283765275287976,68.95873498881772,6.728615462777902,155.74490962548205,pigeonpeas
21.543720252557684,65.6417067327534,20.327714420813997,37.599991218706634,71.39315854121713,7.666511875983521,144.25148696039236,pigeonpeas
28.087121085819412,65.3862010168329,16.283419646533428,23.323947724729177,32.62310169999835,5.486439423432082,94.45590683627607,pigeonpeas
14.298611387293302,73.52964967173146,21.222761092687495,34.97132697249468,31.536748650829956,5.263767408256946,146.205081238664,pigeonpeas
16.167357082457503,77.0659991865908,23.602941759805244,19.216350005996194,70.67222678391565,5.1934291907571986,111.61783981519004,pigeonpeas
21.437922818194334,71.58607262755264,23.854914698709972,26.34027444001608,50.729853156936684,6.639181596940633,123.5232164763059,pigeonpeas
27.16565929166502,68.19794677930605,20.439719680635218,25.831111963546853,32.43809575184099,6.23633550645049,131.8409825433311,pigeonpeas
1.8763475574857604,61.40556380214301,19.656285653494077,29.1441094027736,37.15512067445453,5.720303439897058,101.90663379971906,pigeonpeas
6.481020937727428,67.18027548583784,22.748345721350052,27.62468844206403,38.2834780577127,5.7546399533549994,164.05277231027938,pigeonpeas
1.89537052805513,60.64692429609407,15.254172449381935,21.20419915986085,63.217577658336424,6.894207432622469,121.49646804597602,pigeonpeas
0.3021514010956682,72.48104436236157,16.530473276384917,27.596281653657044,30.448284003893907,6.282271671631082,127.70154428584138,pigeonpeas
24.49270169383038,59.9601242500856,24.5809854769516,26.037777759311776,35.8167340735252,4.499602261470525,128.05355071230645,pigeonpeas
37.34980968506237,76.28081399214227,18.74424614496727,29.709494595455837,31.757328571708953,5.789297798759347,151.5229359275029,pigeonpeas
15.19031403875974,68.40584498812915,18.55792142701832,19.9044298092044,53.024671108731894,4.916723578762829,182.19408640028175,pigeonpeas
22.31914426335158,61.69307143532748,16.511649793439343,32.07283355873652,41.20626947249505,7.850765074847796,179.02593190401547,pigeonpeas
6.1986165880189175,56.78885869643349,20.3364220781158,28.28388632755929,44.575847706942724,7.169693851103419,115.95060840812224,pigeonpeas
23.97575722201322,65.32790832659232,17.58571066052613,35.64147387677608,54.01855762169822,5.17553714590799,160.13186156093641,pigeonpeas
22.391800402614805,70.90903631868697,17.13281234986298,18.06856711299679,68.7119926161072,7.217118484092079,172.5084533373231,pigeonpeas
38.29847350777865,76.5850758346818,22.357338433384342,21.50343131963382,70.43437790425588,5.227094291216895,127.56243106530931,pigeonpeas
31.527000440659787,64.51492560398978,15.933342731201602,35.426417474615185,53.82995686314909,5.100888849217193,159.01288770510124,pigeonpeas
27.56182467321114,73.3149390993137,17.656967652132938,20.56019534334602,57.193956593556365,4.771669632537256,137.6108050146729,pigeonpeas
34.97108921327123,70.36766241932538,16.788621324961046,27.497020794764264,37.63308252571306,5.8727226360473885,171.41668932348034,pigeonpeas
32.01411933601963,72.72920069252277,21.809294019182424,30.90036502828863,47.711085459390034,7.141155440695789,179.29985067432557,pigeonpeas
34.28059302994115,69.6239739626295,22.901733758629423,32.2270521538339,44.47610940973439,4.88756826985775,149.8193074151557,pigeonpeas
14.7231219306222,58.54671933426874,22.94676211730169,30.733091000061414,40.54460501939413,7.565446442229951,131.2578457726714,pigeonpeas
30.751856590112848,73.57127192323732,16.65444907322207,21.310856883778015,52.23302103894302,6.204535101080054,188.1433291558513,pigeonpeas
17.19118303436312,71.06261599245094,19.892045149105613,36.96204344866604,64.65404623476508,6.349936626990877,148.18243879060498,pigeonpeas
5.53911372476271,69.43753457359118,23.29665332831252,18.954458403304024,31.65759353205638,7.431965549456119,164.67441145879422,pigeonpeas
1.1242824499006172,63.084667137367624,18.70426635473139,18.392469577373443,43.68749463311557,7.022980034665255,116.83423676862772,pigeonpeas
24.651355031991056,78.6830558579899,16.333632241161894,31.58957866167914,30.319747560953633,4.3694088573605105,101.56690494651069,pigeonpeas
32.28005632436369,62.32024786693095,23.10954075333044,22.110878556776324,45.345737830503275,4.8975041213440225,141.18896058746097,pigeonpeas
2.0453519676612064,63.32900976630874,15.003217835951105,18.55599258938496,32.38664561861838,6.051180282927806,138.10730769513955,pigeonpeas
16.504399586077064,70.33917135256182,16.32702801831651,22.65334041707468,58.30071890265511,7.652814139946908,161.4389300384787,pigeonpeas
21.769882925142635,70.50790799329057,17.361189974949703,32.05015907507751,63.649776929630924,7.0329235096267935,97.18663569628016,pigeonpeas
35.67728153045455,70.27568727735267,23.646241381448956,25.39423805704851,40.95143480097672,6.486617224235029,159.7903213625606,pigeonpeas
6.655087488785867,71.01751495787639,24.173390699494195,22.972939493302338,44.15728361620329,5.490891526844681,127.82190254476696,pigeonpeas
4.899788171449783,74.51511863196644,17.580249007594784,30.863158209469837,65.65473881214679,6.289165922426956,179.70930235162223,pigeonpeas
32.43873724631328,75.44149398515147,21.167636801110266,22.08489766547115,56.495943362288884,4.639071275762196,109.14141891731008,pigeonpeas
2.0395371028670586,68.22784076916427,22.299114336928145,27.988354508591026,68.47895226741511,5.768167743396543,93.22562758578614,pigeonpeas
30.899864853955975,67.0248027037497,22.690795281430557,29.205419773029522,33.02370064310293,5.6790214523749984,123.79505738333677,pigeonpeas
16.853513610621704,76.67964046533115,19.93831262419154,29.747887246784405,65.4828803304892,6.126768339951881,172.92570013490788,pigeonpeas
1.0093615000080745,65.64615035295249,16.694100984360634,34.63235704960317,30.89652859902872,7.258380109444827,187.9737354909875,pigeonpeas
4.032362210846081,80.20295796253713,22.33567335176394,25.053236924599084,44.94344169623567,4.85468784559636,98.4327681677152,pigeonpeas
38.42080889645856,56.61039109895828,18.058986416071495,32.72416487269137,52.07022630808447,5.427232718912986,189.15037679318186,pigeonpeas
5.53930109113339,68.78064108936779,24.86860463468748,30.57335001053732,52.33469581035925,5.367954468522757,143.78781296317308,pigeonpeas
3.8925555117192343,61.99950228926445,23.474156802467515,25.499815196481176,69.42021385452132,6.448795488724634,125.72162679347142,pigeonpeas
23.554376357642845,59.39763029177619,21.36440344419652,18.547624763006898,54.69562050833047,6.089701037001273,97.64866291189212,pigeonpeas
37.19802111722885,78.70470745618074,22.8851500429384,35.730082112131164,67.19584228404926,5.303049548674794,187.78251137050108,pigeonpeas
27.95037699403436,73.18684389302143,18.06366261642559,23.85412547025114,43.28625078034522,7.2542190782937945,180.66925271111919,pigeonpeas
3.744170695851149,76.1861905411628,17.292202373014312,27.381435832409103,60.70032351384918,6.503132063583081,163.3618941357905,pigeonpeas
19.99810015409723,70.11980878728613,23.334223315963435,24.415315150996737,43.10652972956559,6.726157302060353,156.21752900256362,pigeonpeas
8.546413960923504,73.32053250702236,21.965870608618047,31.57990375911528,66.52193086261384,5.1118923470770055,116.0017135259449,pigeonpeas
18.927358425385208,79.65697764700829,16.734833970838633,26.821354333513355,56.175855455624216,7.212305140397893,173.99267360486346,pigeonpeas
28.286630804726997,63.20733803314378,18.773512326071085,24.936469745479904,68.61174393591217,5.8710666477448585,105.50751405042354,pigeonpeas
26.450217403045084,73.35387786914168,19.486908051331945,17.341445223238175,35.63776958451369,7.318206451785695,92.32188076769101,pigeonpeas
4.410755966910209,62.65542329282825,21.165905597037092,21.167975223632737,67.9611370324562,5.915550428566413,186.29960711083652,pigeonpeas
16.177122323051112,71.89094437919454,15.123968957156983,28.13162823091314,50.610803757423405,7.229783974503815,160.63192798122495,pigeonpeas
14.918246414657238,54.54103359418066,22.519706301976427,30.30440265851226,40.27252189271583,6.547535207989604,121.28107815624975,pigeonpeas
10.097904568439725,74.16526143661574,18.438158910546704,30.583754166844457,53.15604956941407,6.764931309918875,173.4499462845788,pigeonpeas
22.084116817914257,61.212555835751594,22.81503170055303,21.63518899108714,43.869885479535775,4.878086924656009,152.1812656962246,pigeonpeas
38.92198555261644,67.11408970394372,23.782471032325887,35.28171069070778,29.86081449792201,5.572786787266122,100.307174761404,pigeonpeas
31.191568240530856,56.27562814139358,20.073720268122372,21.39503322363352,59.72827815317294,6.526265386322018,160.74194118032176,pigeonpeas
20.201069719358053,60.41598085506876,19.852661361784627,31.909167833573996,56.03533900595769,4.976360824898407,186.1500467695932,pigeonpeas
36.09945263473701,62.81619684570498,17.196417704986665,25.473904056163654,47.21863457911283,4.970583776439135,110.55118232513023,pigeonpeas
8.57639065492949,60.66032303561829,16.436173571759124,27.072026358659198,45.51117774107386,4.468084428969557,177.12988590789232,pigeonpeas
5.07191178260843,60.19965621266591,17.38734705136081,35.66833941443287,62.535007339161105,4.603544611271051,171.4303447519675,pigeonpeas
3.5940556047435295,70.29535977322924,23.31162976377185,19.08683515453331,53.98467911665154,6.055083382897343,123.39591568287392,pigeonpeas
13.087503050738395,71.85348592648306,25.069423514250275,20.122229979870397,52.87542589586719,4.442092718146869,173.55149156817654,pigeonpeas
35.13290117235632,75.498128393374,24.329949928026867,33.48576586480977,50.72204803517374,6.034151573604684,89.53567682568061,pigeonpeas
3.9705621348041324,73.32662843463467,19.4820944518718,31.817317401222216,45.03019241545188,4.836193278584667,114.83268871202478,pigeonpeas
16.984724178533394,70.85373883496358,16.773847875974457,34.3414521171635,37.73786147814841,7.353776541439808,95.41587668054288,pigeonpeas
24.031334067915562,62.2303536229319,21.18553093094372,31.168083522323354,57.964326918416525,6.700539702136354,188.26166927889938,pigeonpeas
1.4677798376055102,76.39235580769827,18.307478019600886,37.00532266300558,36.48629896818725,5.3874384342171515,135.27011140690058,pigeonpeas
29.023686994935613,71.05706753901563,16.061403822927883,28.380443087512614,59.71331726481374,5.234305809298317,124.64427060950518,pigeonpeas
19.62904064386289,76.98453542904595,22.114123499415587,22.649877838783272,34.09103117627965,7.599787282847146,105.36220835553401,pigeonpeas
17.734794023594745,66.4168370292886,17.604837184855512,27.902888517037603,37.34457177156139,6.776942963118661,145.63593200813662,pigeonpeas
20.86876068743769,68.98188406291789,20.1250783416826,19.15648552097321,69.02340969910614,7.062098640430228,140.53567695647257,pigeonpeas
21.655613937645587,77.24808510293572,15.754934821474288,27.864653378628496,58.79913919257554,7.57350713152209,158.21990898249328,pigeonpeas
24.668956898703538,65.12575922345484,19.81727711411478,33.92113730065967,42.55205981320946,6.369448765274221,185.18898959452812,pigeonpeas
9.332537229406318,72.00830326870066,17.135949616509212,34.11701045965024,42.84610705907126,5.859568188786659,113.40295555484758,pigeonpeas
0.4734139995290437,73.8124268804934,19.12943059758945,31.99922406413019,48.56074562392749,4.556364358197627,189.18110810815767,pigeonpeas
27.848373073706387,67.50283432974723,21.06579014383323,22.39232265354459,66.5531667859338,4.946927329496788,157.29207693760904,pigeonpeas
8.93286329499332,63.32388420160558,16.75912730874755,20.40351051525948,44.90910556341413,4.899058126982068,138.05095954503352,pigeonpeas
31.34099069269172,62.15077022652099,19.329730864533467,32.88862775026012,39.40814436860051,5.753585646119763,94.27893886362668,pigeonpeas
15.76160761669773,74.73877620454854,15.530746094074637,29.65157752319943,64.89597038103119,5.920879327153477,155.61793443350714,pigeonpeas
10.939167107670624,76.48388008342135,17.561750054402744,20.21665646416522,51.240423133223715,6.935658456555345,129.8238078702828,pigeonpeas
23.05562123847747,72.00314411354866,18.742083919703227,27.22842181163806,60.591014205015114,5.796793822741419,120.02687704715493,pigeonpeas
33.42728490739512,67.11209730217232,17.626288766682226,35.90546148288774,39.326821982503134,6.464337361661451,134.53344598883146,pigeonpeas
5.248089106310283,78.8962844319338,17.155971123764623,25.09306796680344,58.74906883285701,4.956675667404071,105.8469252911659,pigeonpeas
7.233736017400429,70.42399622467217,20.47510239914465,28.68260290951076,55.11647038411201,7.164657152092299,114.86242327308356,pigeonpeas
30.782190025743358,77.99862572789867,18.37594057580372,17.268574623574892,41.48946354091034,5.075643293973026,148.30990933938511,pigeonpeas
13.40666577120575,81.45384209751283,15.507715971402227,22.105039186529282,33.85505434185602,7.177203400293842,136.46463409096881,pigeonpeas
38.55174487526117,78.71595355760942,15.372120001696203,26.03238075113092,49.08844537317524,5.397434391344829,92.70893573126206,pigeonpeas
34.4501755454504,81.5010945367892,18.783062624868712,29.928308075396927,51.98691775073513,4.833227089914773,93.03923748105176,pigeonpeas
36.89024701496342,58.10818362280012,16.7670938569011,21.85188091267476,49.94902358981385,7.0358233141452775,118.47567697357984,pigeonpeas
2.9856134276854447,66.94416457688499,16.13178153080016,30.240924844381723,33.71052398366471,4.612539935022895,121.29678207340213,pigeonpeas
39.51017077445353,79.68860116415652,24.45843190866131,22.32559275789259,38.14918591415598,7.485715669479199,129.52140094460754,pigeonpeas
30.744613959765854,58.19501611122103,16.893228988170943,30.867905229609317,31.792016997483227,5.488888961283736,183.30834008639772,pigeonpeas
31.848269926348554,80.22406251641677,15.458747094787379,19.535038685960792,48.20071517642811,6.2647967863363405,94.07775762412915,pigeonpeas
36.262167927279755,81.16799662895272,19.158686957856908,25.296475650289093,40.84407584668043,6.999138204155154,111.33534417616205,pigeonpeas
6.290391745043557,72.66047085265328,16.396433086565477,36.94687705708073,64.86767972436895,6.837681712643516,126.3820927272685,pigeonpeas
24.154901458656024,76.1394503889032,18.647046509686188,35.119614550862615,40.582119495014645,6.8367574865639416,116.31125402152296,pigeonpeas
25.704050964056293,72.75568519766307,22.53660997831397,27.44792916454818,51.27318378118116,4.461814348142482,182.4836041636814,pigeonpeas
16.11527840730148,72.90567419352371,18.25604893430441,28.32239822657125,40.58453403677686,4.7157585530184,129.2452173416532,pigeonpeas
22.75332501993304,61.01318589855792,23.91337168285347,35.7723478444967,61.089629305416864,5.194581493781965,161.72976564358393,pigeonpeas
11.28612049474724,58.80475419459757,22.451219744059685,27.54505641857988,41.50374322110189,6.3523934442202625,108.61364900008269,pigeonpeas
2.9361572432061114,76.76085384508552,14.747432434990401,32.83203621251671,64.23585231728903,5.4746592811319745,98.09698401187015,pigeonpeas
18.470505826217146,74.7349825650423,16.01904759278561,23.803530375851985,34.40882329573915,6.544921327552486,179.5626710249241,pigeonpeas
0.32397014162116916,54.994034427487925,22.3213385622277,30.20836589176975,69.15244525159865,5.80088487091629,137.35613618608878,pigeonpeas
29.030463421589637,68.2494243265338,21.132960334539096,27.63637163018282,39.97601429574028,5.293739770332764,132.43467932071627,pigeonpeas
28.60467494969923,53.933800642788746,15.74070087867769,36.060954036134724,40.87543000661472,5.521521721606656,161.77629317190375,pigeonpeas
37.84032169028082,76.43246742426103,24.086094309567287,24.700208353399248,67.9476253886146,6.72506113893583,182.84663512183613,pigeonpeas
32.83260935305047,60.73953873386196,23.132528627230368,24.53249326957029,53.67990289989849,4.952147460006506,116.51485718894085,pigeonpeas
6.951905273748088,54.98690471420397,15.412883980039737,25.59898002734189,35.830538016343176,7.157620408875505,109.69973373566216,pigeonpeas
14.430349169086202,74.89483735074856,22.84337242359121,34.899590246878105,35.265295172431834,6.219206519290639,90.59444412846476,pigeonpeas
5.029915730175895,68.76307538471303,23.197642967150372,32.65776289551449,64.14479217103182,4.566854492872199,124.64145950820469,pigeonpeas
13.514015918917213,77.8208798187112,15.569042818113104,32.862466704406366,60.85148304557303,7.21505472150766,97.1129428322678,pigeonpeas
12.818078251554299,61.7015273903985,21.244800376550792,33.84375695011419,47.73355215504924,5.815878100415345,155.94074143923095,pigeonpeas
12.35035644817327,63.09402774124611,24.29465186628647,25.680368878548727,62.21212361244546,6.515820275218182,119.75265035168766,pigeonpeas
39.347469450147074,75.0994354581722,22.162679959564084,35.232161688703634,40.154252194193894,4.469351300489181,116.6048084906466,pigeonpeas
14.706978765088499,72.77020351889846,21.859206624766713,19.842590790737905,54.5094105390562,6.756742935419279,93.17548875791111,pigeonpeas
10.868694201853579,62.68169003329627,20.314472402347974,20.369764402143787,44.265510520811446,5.358334795151462,114.18877198818345,pigeonpeas
4.228344342967995,72.01558264153881,16.803610295679768,34.53371868903892,39.71234969085407,6.745409449623127,110.36561737829709,pigeonpeas
28.676346561167293,70.96350356207937,18.262440575901554,31.23541336190996,37.83648307768099,7.016128494618741,126.57929254044917,pigeonpeas
17.65928834463842,62.786669930130266,16.91938776573844,29.8257921201934,41.65609215681112,6.73522789762295,183.2897416530633,pigeonpeas
16.492441031536455,70.48145369283162,21.770224105027573,34.69548829587102,48.82157319020902,5.411038890581323,121.01341224241474,pigeonpeas
21.26522836567492,66.26312318730133,18.65539101172428,31.319390214114318,31.712562185636834,5.969150602850193,116.2341363092467,pigeonpeas
28.48177419032186,62.30366709124674,18.94734252492589,25.74851065002372,35.06343244997895,4.964297589373655,104.73777022091082,pigeonpeas
14.084232262610817,59.55171153842626,17.481560342384963,35.54000930369485,41.74808360235938,7.278552705801266,124.96113767094673,pigeonpeas
34.37516298711681,75.40119085070152,17.499303941862532,31.512854808069584,63.87058536469736,6.129086067266443,125.9839765253527,pigeonpeas
14.762208862229627,62.26296165390879,15.877844858337907,27.30146866520033,64.70962122773781,5.419936992931866,114.76726872008815,pigeonpeas
2.4492755761401,58.283490086834526,16.509700937640506,29.452110185050792,49.543294732526824,6.6806802805843315,136.28507362399117,pigeonpeas
1.76615870841638,77.31104498877822,22.850280561353948,33.79036335403495,34.71837095206479,7.25358598159422,92.94387317479301,pigeonpeas
19.068151256526928,73.24327726165991,15.315949679264847,25.763929384526815,30.55128611313029,7.225976499587393,186.9763260386098,pigeonpeas
0.7313316702477807,67.26010907149636,17.85506767224642,32.82654386443577,54.189130279108696,6.466690661269048,100.38273245196987,pigeonpeas
1.443222095740296,65.53170549032167,23.120566022811268,35.69672179580238,55.55669734068157,5.666568318536605,165.812132566656,pigeonpeas
30.420015258581753,67.58827493329204,16.10940921141224,28.16300622869715,66.37684179749465,6.894605355457895,154.1318673898282,pigeonpeas
17.59917138689478,75.47191550061429,18.89771674363394,33.792667328305924,62.938580185787025,6.898405207711274,93.74560195359842,pigeonpeas
37.82416247599534,66.63567241069082,18.22065140113739,24.762964407656696,63.83145878640721,5.515137079753568,153.76800522659198,pigeonpeas
16.50898537140351,55.49362770477732,23.517437560329817,24.76252273702306,49.546283648462,5.814485858571032,137.73952964852276,pigeonpeas
39.43753288569343,61.38862823165619,20.47973371417847,27.015821587812017,32.953880534542215,6.045913446034465,153.283823876443,pigeonpeas
5.8895373762334735,56.576058619312185,22.687476207145508,27.370008951254096,54.028589215942326,6.719991206589202,116.17210427289494,pigeonpeas
2.3830671067527547,71.5267187316107,17.6168150190233,20.437795835742172,58.41603447106628,5.418640526840252,148.83000337210916,pigeonpeas
7.062698967167329,23.68809025997292,37.40406752379208,19.411232161919212,87.80485130668204,5.720106456051793,102.17971594698098,pomegranate
17.42644365826753,19.58512510545151,40.70364615670657,22.058377445230267,91.88403427641734,6.390892590028162,103.5861791420572,pomegranate
10.325524044764448,28.62036037065698,40.147838851741675,20.043670740283368,87.95895363799923,7.195898870481485,104.30586538601796,pomegranate
28.57858466428634,11.862405377132449,36.94992751296468,21.049396367715,82.172740100604,6.35518147811643,97.91870437373964,pomegranate
23.205559014419446,9.281415658801032,37.088036737484266,21.07291309178993,89.28676538336258,7.056357142095582,113.19921783866772,pomegranate
29.52959127198122,25.234640172011524,38.20330783682478,20.087108432429293,93.67751049537596,6.115668153473725,111.42431304922049,pomegranate
23.86999427105661,25.534961442243564,36.868671188611124,18.79922403405626,87.34299664269109,5.853856739008623,102.26699688495613,pomegranate
19.207483539214948,9.380148858678107,41.585934575277385,19.85877532887602,93.71723509184172,7.006877067714829,108.90664386510181,pomegranate
33.12467009548984,11.838939304412381,38.05388249682939,23.710991305866035,84.80083894486093,5.8614859008070175,105.28943516488965,pomegranate
4.274489676626459,17.909704918443463,39.840705911154075,19.602309713008395,91.01832963085597,6.873443840407763,107.47710821365463,pomegranate
0.8690342177981304,12.260887297352344,40.27619115976627,25.455512093518184,93.78915078347208,5.84995940276094,108.18161037983974,pomegranate
17.158195866007006,18.6459957955541,38.01163631393012,21.764523102502768,87.78276967255569,5.655739769796804,102.37948617698227,pomegranate
29.96471604084479,4.999757383279943,38.78883669641469,19.218196745446228,90.76365802532978,6.937355080724671,109.88087237792038,pomegranate
19.281890796672094,5.847144705983846,41.85633088891975,18.194665589712564,84.83023582781912,7.07461473376056,110.84201972362642,pomegranate
37.07737306253364,12.087542802590583,39.42570650452178,20.504062617933112,88.18404384985845,6.88498991828855,114.6101492541952,pomegranate
27.342242602175848,9.495863157034801,42.213623257030044,23.122100809158372,85.69285223212464,6.367260872922622,112.02396561715425,pomegranate
38.71494611416344,8.500866251066933,39.327991322015215,24.996512220476646,91.6213995491635,7.343305868494732,115.5221310423795,pomegranate
23.890998019921003,17.206684040273934,45.51491450422395,21.592686233666477,92.02719198390042,6.4535978091844735,105.07393709447713,pomegranate
8.170012800519366,15.82192635196441,43.190936223537804,24.49896051925426,88.0582750207518,5.776096431814009,107.56806963393275,pomegranate
30.935384832642452,6.191607688618486,37.70032801657997,22.100740107247915,84.9235707886849,6.958622492020719,109.39911495822345,pomegranate
10.561646930183636,21.79158878282998,43.91336984443361,18.357461646144458,89.14702159264328,5.780886624541889,111.98464013695784,pomegranate
30.563827033055368,28.148402504589736,42.155437497155226,19.06210172976926,84.82479435393456,6.77206442949762,113.9802840565737,pomegranate
0.18707217801243783,9.796104916358656,43.55747735882168,20.555558162657483,89.84397036621814,6.014716582954605,105.66161900662348,pomegranate
8.313347795790142,24.395016219901635,41.15260904065465,24.443245237990826,88.43853369671677,6.076178224371657,115.70849647097698,pomegranate
18.303041570175022,30.489060540897125,35.10729824764169,20.19314013524941,93.70079762871137,6.501448149274149,109.17062887254235,pomegranate
7.462456898945105,9.65015806019502,38.34241232287178,21.934488736608326,88.43466259683807,6.704497517854579,106.08895606314111,pomegranate
4.010867773986472,5.140568566966792,37.118543906994844,19.063646207142583,90.44448928695616,6.493395792728106,110.78747619829105,pomegranate
26.944366868191228,21.040621477808823,35.26524207524997,23.847327408466917,91.32568044690399,5.864518997112867,113.12877836797729,pomegranate
3.965655187087551,19.9147923299199,38.55898261867363,21.698531384420924,90.39397888672148,6.568835327074906,110.47504442110593,pomegranate
35.723545697459215,12.373199551854498,41.71662981612915,19.09629544414011,91.16593120773013,6.134897983361026,106.95944866469337,pomegranate
32.56689404444632,7.648717945868709,38.04265255481054,18.993425609961015,91.76693676105202,5.557600377902709,114.88899397219024,pomegranate
9.689607887635313,22.458502716951145,42.47322461686245,23.44261048463039,88.84052249582919,6.047478113106154,109.6503071000458,pomegranate
6.445673847561528,5.104936837664257,44.10960246005917,24.871081854917847,88.33666700686035,6.437133613982089,113.04126831735095,pomegranate
24.079391013962503,8.682918328705547,37.83138951403093,20.523254094846116,90.77113676172213,7.394031376922718,98.82307207543843,pomegranate
15.2635942692601,12.248321171752366,43.86836274439825,23.096967068407324,89.3294007116936,6.877931087931426,98.5833886801985,pomegranate
37.47897958360701,8.580389457366628,43.5845152185075,23.32004031332632,93.05287474390072,5.9950422747076875,101.35592279401924,pomegranate
18.736929437072913,26.141616453813015,40.15739862150659,20.18341968938321,94.45156847789501,6.728036939451709,114.97141720904389,pomegranate
29.52994007363325,29.78825460233299,39.2941932120689,21.36589787719295,96.62288814881784,6.90861916303872,112.78777307102334,pomegranate
22.46369070579953,9.78601443373571,38.66873445117895,22.212482331549964,91.53496814812597,6.897373041094901,105.20379939529387,pomegranate
7.022981929622548,17.27944515827701,39.077599941329176,20.310267765343596,93.03003894320985,7.372900349815395,103.56748733246646,pomegranate
0.05183877420250645,29.16794506989647,38.89269573188712,18.937822176023687,87.89250508243893,5.87092198221699,104.68844197545266,pomegranate
39.62498579040693,26.175110081225647,36.38708712950759,23.743854741874053,90.23139967221076,5.349947819448372,103.39489797884798,pomegranate
16.165576574143326,9.289149973596988,41.621561146631194,18.368137981337256,87.46696252432248,7.063720124353428,104.51568725735238,pomegranate
38.14923622340825,16.252912994676002,35.320828849540035,20.788516228651677,87.50416934498674,6.019194873028056,108.54330491308946,pomegranate
34.655904884984395,16.628921409340894,37.29181765438346,25.407883434018977,84.86453288738255,6.847241826874631,108.33573161388304,pomegranate
4.645250628946478,6.562023228197672,38.8809066921863,21.437195695708475,85.46960720116111,5.682807579658805,101.6998667518708,pomegranate
39.49271747811245,16.320350200657156,36.784095648595155,24.589856747957576,88.02344283639071,7.297211523049599,104.78821686087416,pomegranate
25.380632769886294,23.165654446239287,38.79004424867935,24.036986378976874,92.32870185840675,5.694896912314331,98.02534776988944,pomegranate
8.042696297618916,14.672307413008857,41.4388100795486,20.35393489023339,90.25642820785087,6.212905544246707,104.02378836643466,pomegranate
2.9005757655420226,15.888240163082287,42.02262261653442,24.958476649120335,92.26987961234369,7.071984403455712,116.17811650590497,pomegranate
2.492712081943855,8.840273191677376,37.31403752482661,19.09947968903788,87.07012795530613,6.702878860580345,98.5816862169963,pomegranate
11.60356129735039,5.221576737808099,36.63578008596787,18.657904654713338,94.30296765948471,5.781192944066915,102.18773371146371,pomegranate
12.968944735453913,8.145234636419854,42.547725735747065,20.63569417221138,97.51413896379239,6.450765135708827,114.1721496634221,pomegranate
38.90827074354478,22.97089822304284,42.725758906021156,23.431315036044445,90.24628145128416,6.904288148558349,111.02131895593631,pomegranate
26.41569940201419,19.71683310836648,38.269121405437915,24.005406964903372,86.0081252886428,7.323645433626968,108.70491618179851,pomegranate
22.402593029497588,17.00999960328879,42.05008557499902,22.526357562571935,89.7912066958724,5.53806207635738,106.45385174716212,pomegranate
23.750637124729167,21.740113944595347,41.09038519536149,23.470435067404182,93.62592706333838,7.379132393771239,99.83256226713753,pomegranate
39.85068372494797,4.939412812221951,39.696442484529015,24.894293820781733,92.69512177202563,6.955925684711388,112.4252156301374,pomegranate
29.000361778742217,18.222922110431092,35.45388477831757,23.87793174858311,92.54713425146474,6.103211120989828,110.79074379271945,pomegranate
8.951541478963868,22.014718103683315,40.82090022995902,19.4615898977174,89.70173179838137,6.124684845541145,106.65785256467488,pomegranate
27.701791141185076,18.769670207779424,40.63038763418581,20.37819228094425,92.2164031694169,5.861999942060418,111.39627613976953,pomegranate
20.51522167905242,27.96269954262682,42.111596361869644,18.489100674420232,89.1985218124208,6.913052602065163,107.24969127862697,pomegranate
18.92765401590699,17.298630711533143,43.0109396860569,18.977340919272752,85.96285752459903,5.779086542907129,113.10633227800366,pomegranate
1.5502564120221205,19.82144960702689,37.11409958349733,24.651443364838943,87.59854146590013,6.814634947817834,102.13367673718244,pomegranate
31.74841708152606,16.282765200030873,37.95775677616933,22.756026616685773,91.57496843351343,6.890655304784036,100.05416230219083,pomegranate
21.84865258753211,23.272944217511085,41.84078366677729,22.11524376436372,88.71191588063255,6.671976830036424,115.5275359281868,pomegranate
20.310378703574703,28.738683548175807,42.82593102018749,22.77478290861544,84.1957245553447,6.023785873744363,101.1627022822697,pomegranate
12.074382772825784,19.49822306271824,35.67999491536214,22.099048053152885,84.82676856942757,6.014218105371773,101.84918301735249,pomegranate
7.376893435861222,8.605395011586287,43.05911225640752,18.2830433026633,90.07441289593852,5.848132791889007,100.27915015765039,pomegranate
39.13489511477346,14.15405728073282,39.05522131952875,19.954900844695004,94.39946789929716,5.599185749272098,107.26802685768432,pomegranate
16.957421809778896,12.181562756905926,40.75469315222975,24.795763115335447,90.14449723534888,6.089702904703657,110.91043630519309,pomegranate
6.531110400254287,26.035470848543177,35.62809697150864,23.77518719464745,90.24848246437763,6.514521058329731,103.53179673188231,pomegranate
1.1960737271632524,11.036183751410508,37.52851612122246,20.186801406436896,85.73206762817925,5.5129222185478035,108.08731211140963,pomegranate
5.10291209537907,20.62230997296418,38.5604046783901,18.76992962557228,88.45650816914637,6.130718032998231,103.81671114591407,pomegranate
32.84717174186444,29.37441537829396,37.123114923797566,23.386298006663964,89.95822006609131,7.047295731444239,104.76168316631697,pomegranate
10.417083694018139,28.783269173117183,38.0418541409496,18.854601266294818,85.72959166081857,6.6037458368426085,104.9401980281749,pomegranate
8.569100176147172,26.31827795943712,41.84986933895595,19.804389239098374,86.06459445900957,6.005127401981815,110.39303013481418,pomegranate
29.426978812996403,9.12780873909755,39.74987536326203,24.604287730193917,88.19733285025163,6.929350107757212,104.80212218886297,pomegranate
18.038016617957073,16.016614338268187,35.22696346982198,20.962871932928046,84.08829589830631,5.882496509295383,114.55132664429972,pomegranate
14.059924117450866,6.077080783675719,39.5095700760754,23.86151300914717,90.13645564594609,5.459044237641603,99.01231142303023,pomegranate
38.77045443561617,27.544839119363605,40.72502382530809,21.767936307159314,87.60777648397108,7.616104358352743,115.94203050033394,pomegranate
5.190241532137666,13.63627276152678,39.45437384417201,19.496873369625167,90.97502003279695,6.608650891149637,116.86457021710302,pomegranate
37.903847304225934,9.036357486753108,41.551178268580585,22.937384994071287,92.56005728351857,5.900694636642208,103.26033708720878,pomegranate
3.855502383832404,16.402503541060625,41.042698360507316,21.43400731315556,91.20672243838636,6.089397986050113,114.41228851661629,pomegranate
30.52317415439232,5.943646956374721,38.04715551760151,18.68188364258958,86.01843400950435,7.012398142145218,108.37320661754013,pomegranate
20.240977104554595,18.611037388674355,37.794932063682865,23.989492021317577,92.31319648442359,5.95523561868553,101.22938568379136,pomegranate
25.608038174048048,11.998326108668394,45.25876661128668,19.745835298749423,90.01869366104587,6.0300954991299776,111.05334335574666,pomegranate
12.70051202578442,9.003403100954557,37.52225456697258,25.240950994369705,87.53194857916351,6.032424434302418,100.89557424979411,pomegranate
16.13777275964651,16.470939496393015,38.44667587768321,25.022843518377865,91.79883640746667,6.753149225467124,106.3878229654443,pomegranate
38.25853922680733,27.828442259209538,36.04830232811581,23.464044384436892,93.71045429973012,6.189793744924842,104.65595049650089,pomegranate
28.320735152648606,20.166766934489317,42.00139321228657,24.30428874990806,93.8286261366096,7.379801129653701,105.09479968009904,pomegranate
21.77380918954001,10.794178125053582,42.1964165514409,23.282141602604927,93.72952480411136,7.366661953079539,111.81070976138594,pomegranate
31.61242474270596,19.52643111814681,36.77290552297775,23.33617936191268,86.43466364876024,6.840379418823772,113.15429643783595,pomegranate
9.785579066540926,10.789853196492455,42.07905749342214,19.060158945164357,92.54343433673705,7.225590786626498,101.43815046504362,pomegranate
0.24822364130560992,5.9670079395400375,40.518234043954024,23.179431105426072,88.86214524512155,5.566049730111633,113.92048647807187,pomegranate
7.643567933473133,12.462978014510373,38.82179509903586,23.41957764000604,91.30276056286472,6.126312756487532,108.73276321788005,pomegranate
17.37410223372531,7.14052814046511,37.504949606244445,18.219355034219937,91.18951864453926,6.665686195541639,111.61266498245065,pomegranate
32.16222556008356,24.945850425247155,42.29243914564117,23.751580962693005,93.18803049001876,6.9371907732567815,104.7249125996316,pomegranate
4.082164193978746,15.974983477260897,36.26064530091571,18.173396472663775,86.49632706799638,6.591880761442442,111.95117830632506,pomegranate
14.849587351004422,18.87632137849407,39.0295452086363,22.585935374437902,85.49420453691265,5.689878741884945,106.71980314210026,pomegranate
0.1531752975201891,19.234850913493304,41.06652489245946,21.243177779564306,86.13488904148825,6.3656477108711105,103.648232431591,pomegranate
20.83640674064888,29.550891514751974,36.28722530808775,20.68476402855249,85.2541176079087,5.792857722403514,102.93571598041696,pomegranate
26.689622723019966,8.85097634725946,42.9031545414245,21.56714336218915,91.42231726100894,5.7869290640142355,104.81761169834662,pomegranate
4.99092317184212,23.535540734110278,42.865124895557024,20.283450388644823,97.64683160163784,6.867760128935303,110.06968587318305,pomegranate
0.6981020692059609,11.478387622690796,44.561414371536415,21.172081387959903,93.24296896345766,7.055499363835755,101.73909507700826,pomegranate
9.244920944125075,14.670766636914534,43.09708430724793,25.423241430701893,92.83287156055229,5.853317201281541,101.6833451799303,pomegranate
17.829649137862766,27.65140036620507,40.4236992544936,18.265035927094047,85.79925627224928,5.97980929036713,114.54675308194177,pomegranate
19.769496398411686,7.639978283266661,35.05927265965444,21.168092664636944,88.46827248143656,6.611044943034284,110.29321505405886,pomegranate
38.87398569291201,12.681249611649081,37.656372392349844,24.342274911037634,92.70499105066159,7.534658810290371,110.02621384798822,pomegranate
11.107727808863245,5.508297256918562,34.5333319169797,25.03508865646503,93.93141634789646,5.669294638510474,106.0724583616416,pomegranate
24.560424696581784,26.351617764444775,40.523331024460624,21.773907699201057,95.18702517870852,7.035380826133087,107.30651712604019,pomegranate
35.327989089441886,11.672342624376693,35.66899338315564,19.025402813818275,93.06345862658739,7.065968819521011,111.23061924545344,pomegranate
10.435105986405832,28.771345140459438,36.74769365570268,24.47342437044155,92.91684218043342,6.797897686275011,104.46165318897211,pomegranate
37.398943408216994,17.994865963531147,37.954026868206725,22.351663783485765,91.36719407617974,5.573240163931624,105.52524739429349,pomegranate
3.968678638684687,7.284895647655511,39.757030427462574,18.1085834919412,92.37429010504749,6.287450524602461,110.46782281162886,pomegranate
7.850570566815174,27.033814555602152,38.546179103461306,23.576754841143742,86.9893919750916,6.121743774690573,112.04022891536552,pomegranate
11.444495230972018,18.33536268155411,43.34490497423197,20.854720682141664,87.42353396212383,6.628440779599173,115.99538262446941,pomegranate
2.50849003854361,12.562430679079782,36.50140955841115,19.923661750244456,94.55125581324795,6.072556372346638,109.31656029518841,pomegranate
19.783231377328104,7.702214887379819,43.51811604252426,20.395159598354233,95.12273701084894,6.946271575560363,113.11181863672616,pomegranate
12.860608369688176,11.931205204061168,38.00898839146403,19.346501821794373,88.78063357902359,6.231981457849055,108.13303741091474,pomegranate
12.463140251794652,22.827142344507124,39.166674160269814,19.110411377005374,88.78943894704146,6.573367830327135,99.62963409231115,pomegranate
14.195741575629672,11.385822749264708,44.55323333043333,21.64118789450907,91.4376793321973,6.839627114654579,105.27555733071425,pomegranate
17.795416146691192,11.78225256368845,44.779053390320904,17.520848416729404,93.97911099394145,6.787255173752547,114.74852550423594,pomegranate
31.280413898981305,8.184758748379648,44.204310535773274,21.299625626661232,92.80716601031948,6.1382128744359,112.85386923950807,pomegranate
28.058079885562595,13.444384880059898,42.56579735489547,22.50542650634,85.43573094745238,7.2631243809328865,112.61786294524563,pomegranate
9.436084596650035,26.15479688787424,43.18021761788856,22.359842122637172,89.16026364337347,5.574210435161448,99.73727097243693,pomegranate
37.57974637269256,7.397445655936094,40.3762874360331,22.319002037928833,97.27804052192579,7.023022284189734,114.37677626020276,pomegranate
24.257109422400212,23.805151192829896,40.645022906599586,19.251726943850027,91.21676498428597,6.279131571107232,101.74370163472844,pomegranate
3.0407786349049806,8.439611849537433,39.1236958578948,22.027365108631468,94.95284707668674,6.438192857782545,108.08907524525317,pomegranate
2.912199684185134,18.577904583169474,42.878275768637934,20.40176545805229,93.55990561642952,6.889355059119842,99.8211005837141,pomegranate
6.222224625007444,25.021482780180673,44.91920696518208,24.228863300655455,89.30086449108124,5.551061424617241,97.74715715030615,pomegranate
13.726763687815525,21.297705637588237,41.678193637041886,21.077626191530893,82.83942172892425,6.4026950999054675,103.91883703716641,pomegranate
19.581683132274748,17.808604501162765,42.917695318212786,21.77223264167887,88.5878732961458,7.377587185940946,103.51338819437731,pomegranate
3.116743598955638,23.028945588826563,35.419005635480204,19.113314557707408,92.58585543993246,6.437454187867988,112.7723755903145,pomegranate
40.052281940376254,5.143156666353104,44.18837846284797,19.431112814791295,88.96051637413845,6.349842738719678,113.00403338575545,pomegranate
17.67322511584936,14.83009630035431,42.575390476663344,19.267633545207683,83.15032098792682,6.166881539511165,111.45807844026419,pomegranate
5.827310771714298,26.617166102741322,38.7400903857603,22.316221653373667,89.8141981093647,5.616889859043981,115.09963327949163,pomegranate
21.152233597630282,24.70108472018138,37.71262243973952,19.260475384309505,92.43184627359854,5.8061602360867965,108.80574748329691,pomegranate
33.55170960061374,24.74272652465864,42.74970649388411,22.30351946164833,93.66164587200018,5.923321877810265,103.87662421840777,pomegranate
31.09245053708444,10.540442663335918,42.8134529515008,21.487107374858233,89.50680085047077,7.400185960127069,104.30556897798606,pomegranate
30.42720981322936,11.970354311592182,40.94706210945702,18.921773080268174,88.35691912254954,7.675922895294575,108.30012575331237,pomegranate
34.046606913322776,10.961050402696884,35.04248517315257,20.159155684081078,93.21105023820498,7.473677071941614,114.29806654540172,pomegranate
34.03689666150009,26.063262478141205,35.01595620357723,22.430075392261728,92.2645381580236,5.959921075795591,102.65508886686605,pomegranate
16.337656840016678,5.217930495380521,43.972134436375406,24.378751579619177,96.1646697003595,7.015361406628779,112.70681963517679,pomegranate
38.368738670647744,5.576686191548895,41.07198909470739,18.258835220715063,95.31079642539486,7.220970388516795,104.86039571526459,pomegranate
3.5706257051639794,10.99069563741321,37.93520394285772,19.72892014510881,88.81752498676228,6.217153281340452,113.26503194902233,pomegranate
16.44133036599012,16.197806756735964,45.556331645405436,20.738114132003403,93.0327348677486,7.345499648369409,107.15013428199153,pomegranate
4.21682263140629,9.987558197901478,38.79478050516361,19.67009875469808,91.0018806987953,6.3924185010697245,113.67081246863283,pomegranate
38.77587365994092,6.9481910993673575,43.27548895078905,20.139918014791064,92.8684913611324,6.299256931442446,102.40450653833994,pomegranate
22.503580374894533,6.387004865092531,42.32744782407204,22.693102910190593,94.24053496400471,6.80863609543199,104.00975035967332,pomegranate
36.69742789987316,20.641454496703908,34.434501575745166,19.68954235803284,92.13476807709515,5.855298672674785,103.90707907573066,pomegranate
23.396241289278965,17.576164613209386,36.70789723180893,19.215968259814485,87.2307482283456,6.9066369929696165,113.43269508531056,pomegranate
1.6818335468373862,19.172019887629226,45.2913032478846,23.459067303185112,91.29952946955909,6.558159016756552,111.2297769379071,pomegranate
11.958027779599686,21.53651954639778,35.58555010556091,20.850897267613398,91.643511014717,6.225338172641778,102.99563041541839,pomegranate
4.439374109560356,24.14393262488441,35.02880336318827,20.879479385217216,98.61332581014153,5.844332178632265,98.90334047636637,pomegranate
20.15492832905256,20.093928602802546,37.36502033604121,21.876379519516206,92.45686049795381,7.379158422309387,106.82500890505875,pomegranate
30.750476254522443,18.100464070929874,36.3446131970933,22.254194596858284,93.07377314094964,6.341750442017344,111.79009002784828,pomegranate
23.379779265887564,20.193511028298754,42.39212383340715,23.08084532300291,86.84857280870114,6.297496347978315,109.66610075167256,pomegranate
12.193328735782616,11.758895881466511,36.873962034594065,21.58141709202083,91.01136260083436,6.354899720496295,103.84793503846244,pomegranate
35.95790203365308,14.955586130202457,38.60755826967926,22.716866911945967,93.68881737181265,5.690488311774893,109.4438838794731,pomegranate
14.313484316023027,18.154248608143607,38.32918078279723,24.847378012074252,86.50792028131028,5.900415790051978,105.85984976129663,pomegranate
12.811180882208534,15.38947927474139,41.61172949558472,21.967812917769535,87.63144633800066,5.621196191724542,117.47817630733738,pomegranate
16.018987265019877,7.503307693640992,39.28216726595949,21.416756409328656,85.1170352461828,5.724951613327862,109.62472188644116,pomegranate
38.59661312933448,12.878906960201647,42.62288628243423,21.451588812813785,86.63669318385534,6.924101159010751,104.76340534486314,pomegranate
36.23835493253949,11.692066310892416,38.48832353598484,23.296069123246205,90.80385392617211,6.408073938096225,112.07020137179897,pomegranate
0.45843001988690407,23.67853961731994,35.40399539880379,23.0768092847052,88.46015099214317,7.3918848328542905,110.03090304854247,pomegranate
28.869155450156626,7.251858386197472,44.21256921427752,19.206625597589852,88.24907410419989,7.41352216959538,103.4643445384917,pomegranate
23.28748825642705,20.607742355046934,41.74552359250064,18.996281115884422,86.74881322928164,6.020480986887449,103.21436775221252,pomegranate
11.613795406477333,5.8342881040236865,33.43467673857282,18.876033768990396,89.52196418467385,6.605793190569655,104.38241266246648,pomegranate
23.809018435973357,6.375070917443247,35.941116268752985,21.099241929226736,91.24789069317431,6.067597675334461,102.3988096254746,pomegranate
34.63359825220514,17.03653920465595,45.680090797458845,23.822859992385183,88.46912557691958,6.773748119224664,101.03913924108741,pomegranate
25.462828313941323,15.311054230415289,37.91617548020295,20.67292244162236,91.67691313358816,7.103859397990431,102.51984877085363,pomegranate
30.072731233050778,24.1134424044003,35.166010762555956,24.248642733083894,94.74925598399571,6.606102319893435,105.40187069632499,pomegranate
39.14826238061295,15.396479778877218,43.54478541934759,20.95820506380614,87.70660941805393,6.895269139652354,111.25762886858053,pomegranate
6.48735598196351,22.751176680361084,38.02907393595075,20.10950776004352,86.40485474352394,6.449314368760326,108.66401333872966,pomegranate
32.97536202564651,22.6663935084573,39.91073680178225,21.16841015648624,89.09223530385056,6.043994754065888,105.34165048364575,pomegranate
30.752839880997325,25.521583215878913,37.06239482754469,21.891122463541475,83.30420377020081,6.8059154502222485,104.80870955989595,pomegranate
34.68539785605894,23.39736950532984,44.634561251057164,25.277668523504023,90.37468146848441,6.78420047089441,108.54515590399753,pomegranate
16.502990243623145,18.736066215721824,37.338551225962796,18.487757338359433,94.4039866081003,6.454753420242871,104.52066087326091,pomegranate
23.770428204915085,7.825960138095697,39.431548618600914,21.833040179070952,85.21294945092377,5.584746451767224,114.5277391677317,pomegranate
31.17602242746303,10.391809233232058,38.593731910993974,21.248958797508738,87.16286297813494,7.21372296606815,101.98863344309099,pomegranate
14.997475119965545,12.990834241626656,42.12837623260795,21.836529245836573,90.31034696577413,5.679969105067036,107.28073808745152,pomegranate
35.145122779926325,17.138432094760855,42.99940487729824,19.482530254550877,85.69819748247058,5.436731568152869,113.94402144084758,pomegranate
40.61193642994553,6.376657091447679,40.220911995947624,19.882780672382967,86.58735392448892,5.568374284872471,104.69899729372528,pomegranate
18.552005420547232,30.442854214690744,35.952318932351325,20.296793828432502,86.49819408693217,6.535914665217837,98.89893142740017,pomegranate
31.249414288068664,24.79162476918324,40.89080627825454,25.03208746154783,90.94056635573197,6.368464050591595,107.37558911831607,pomegranate
24.232876516691803,25.144360588052514,44.04455105503193,18.76599250249848,91.96854321934619,6.794359443798882,98.18269849510816,pomegranate
2.0429657981471085,6.515214194819321,41.191215536449455,20.238294129149487,90.19087801583298,6.837082619996556,114.95366451520147,pomegranate
17.34672514260874,28.02552858891636,44.66711405953567,18.680599297494908,88.04205042148268,7.476507085300417,106.8396514468039,pomegranate
11.464417295324102,14.516347186532913,39.38442889836709,23.409865636661632,84.17599393291005,5.753841383119951,106.910186869254,pomegranate
37.52188825803809,24.033815675543288,38.6293618402772,18.8683826835266,89.17666442335184,6.379432218775878,106.51580065265853,pomegranate
27.310457536829034,23.419831441292047,41.24865734693896,19.93343666906589,97.03903287380098,5.590340884218896,111.1197355678568,pomegranate
35.29696104957743,11.462675774181678,39.73549764260469,20.33790570070031,91.49417657590413,6.153463822588933,105.32169090098587,pomegranate
12.762757085986312,21.564668819915394,43.37578340333812,24.785681179051863,86.09315416830603,6.374468534719249,105.96184571270084,pomegranate
3.4923311634550815,10.467390662497941,39.592405181615575,18.611394236685683,90.19116812923716,7.851237508729766,101.6081008777132,pomegranate
17.27175647054614,6.217043107968069,41.34000092800507,19.135233824060936,89.56359056072736,6.465548678228897,105.54739449390246,pomegranate
33.78889410375275,23.580747290424775,41.76872095512089,23.94204295319668,85.75687679822713,6.122570080701292,101.79308712005532,pomegranate
26.84022528565714,11.085353814620765,46.214630745994526,24.549815225436884,89.42462895680745,6.879854505987997,104.5482635427824,pomegranate
24.325981852689896,23.430162163211463,45.64565679472502,19.30419956131464,90.69430966309818,7.127893464313231,106.92935227808591,pomegranate
17.786093247626575,13.193138396993573,44.211333512787505,21.643545742713282,89.04865620050477,7.181421110790459,106.359780191698,pomegranate
86.6332135983689,40.932884251524214,37.465404895681225,20.477969072220215,83.0714736776471,6.4281456664451655,215.32072130781685,rice
60.19583994704428,58.673057365828285,38.81235097091315,24.830617229157095,80.92552434980638,6.500563178603139,286.3250274353268,rice
91.00633022350615,57.467968822994905,41.88480448037683,26.76801967814788,78.01713792050768,6.534500154400441,236.9503422639447,rice
60.5453069521326,42.00153125981743,45.151881649646064,27.059337006512827,82.69118103735589,6.841934151546681,293.51218374169275,rice
61.94418032309014,50.22325863224194,42.62452928500975,23.077889824671686,83.74155751504723,6.366300762656781,295.44768340508745,rice
96.00718501209022,53.75712830306557,41.60249531621709,25.369198931531383,83.5207600553748,6.885857754808575,212.03645965258482,rice
85.76266849976767,38.04260459547255,34.003787784089745,22.80423131683216,80.76032869502676,6.695094559266178,214.94605019566453,rice
79.68128770892667,45.801874964184776,35.57179092924812,22.142815032198367,85.34171784994402,6.176038243779246,299.2325023615791,rice
79.58498718554353,47.17230080894221,40.23766155202801,21.942825182269438,80.5416548046779,6.319356081170835,203.63375416918038,rice
67.7998831319496,43.98820852432432,36.974947381944,21.34645995733421,81.35807227319059,5.90949379826125,281.4495424556661,rice
95.56465456749153,59.32692150107876,42.81514749025837,25.29110481375193,81.25823808316149,6.659454516657874,204.59685193902624,rice
87.56353591131797,46.12752000448839,38.721916909324044,25.92174364288833,84.30355177357913,6.104963436369318,234.14037259289805,rice
61.45832939247208,39.75657310133075,40.16337203426926,26.900141675678125,84.60530726782912,6.253006381104063,278.19973683384853,rice
74.91111078644909,38.42666969137846,37.749611998814146,23.73522678841736,84.71108142352473,6.071752888593209,282.8612969518042,rice
70.90356087358751,53.23255975523507,39.49793572747078,26.33122922598118,83.61974290630936,6.163087410893416,290.1922218877358,rice
87.89093487052459,53.25683317252077,38.81254353857999,26.372835455706646,82.71867159986692,6.121854108443938,237.82518406133326,rice
80.15623562602926,58.14075124014813,41.64563507941112,25.5838885954131,81.81427630164535,6.20549614210158,210.53648212708927,rice
78.946061584292,42.44487426617034,38.36822369765515,23.75695097769662,80.93643473879608,5.9595207914943735,275.9364481729117,rice
90.04948953215518,40.26902336333326,41.210752195346096,22.393343757291206,82.62869492689367,7.033024136375889,294.33940891282464,rice
88.48367765816056,47.886121278024994,35.969077292787844,26.22119693617517,78.68673679264238,6.285592694730643,218.6658854952431,rice
88.72795378545094,37.79775775020844,41.64227445310694,20.68441159290876,82.14897737449246,6.906370272814777,275.3991952666817,rice
80.30246260134945,49.127371322213094,42.7446613477486,23.204084245832863,83.4844191185539,6.358041097019512,272.70967238352995,rice
99.5052478983874,57.836361040927166,35.60182482876605,23.142976172242943,81.13051486021885,6.355697713545059,218.445192759328,rice
75.96143894831026,53.745091669403344,43.62979748085213,21.95784628504074,82.91120601295185,6.735518423418584,243.24638505190916,rice
83.46950106989705,47.53519384294053,40.781206647330734,25.495512221262896,83.32751621575012,6.78853076961544,228.40566427928758,rice
69.27897605805217,59.67770893151593,36.50771673637939,22.112620045329756,84.12819243813746,6.165280455625645,247.1249959196865,rice
93.19123849027868,42.37045689002051,37.11150720000767,25.375860347692214,82.87773665058326,6.386997790642202,275.3383962942223,rice
89.6544640799903,57.629385754068494,37.464468836973694,25.349750583751106,79.97943835368626,6.310231655671278,293.6242828204138,rice
74.20288867951032,35.84832103041274,38.12108183738189,26.411219321142177,85.19131628185134,5.966414779972093,267.4738359873535,rice
80.0436516260194,56.29748752607741,40.342264924110076,24.20092785221336,83.85713503387161,6.739108651568107,265.5103909339794,rice
69.21294776275553,47.8871500874322,41.78232049935313,21.37612360745554,82.06894529560802,6.10273801075353,282.95580261752,rice
78.58256692881282,38.463198963576,35.88091930757979,22.216820688637355,85.1266839493563,5.936776311990402,214.3339676919585,rice
59.271397872580074,55.31719423875411,42.7455736048477,25.107490415851306,82.02745071056582,6.132531958403424,269.3556266478445,rice
87.31037508248943,39.42397492052569,36.591141618895264,20.300333418068046,83.60872422260847,6.114540837420006,222.79410787788458,rice
68.58099251691364,55.71601690267208,39.701524463480624,23.83424734452408,84.3045083856349,6.476532683805605,289.7204835991179,rice
84.86469524121752,44.181395422194015,43.608296412031216,21.133017917284917,79.61930538981943,5.95968006641558,215.85876335637997,rice
85.82801072919762,47.22396599086629,39.06928180110576,20.724919640310198,81.42227306003782,6.9924472960370725,222.96575441160599,rice
73.14073928489286,35.1660017862572,37.43568675511932,24.357960826239804,85.4082915177856,6.846580210367091,291.91165957103976,rice
89.70148446663814,44.06326464461546,40.276754749592044,19.85352921453453,79.56050381902512,6.363131665096427,245.40887202596355,rice
86.4805647034109,38.96977065548284,38.42002950573605,20.37377430869353,81.85449424602515,6.431753633866476,292.9524443803244,rice
97.64234729620142,54.32396983307313,35.96082243433563,25.61391951043532,80.7379122100531,6.195687740600524,199.51693025617067,rice
65.44627518497929,47.42925725887528,38.47138651945187,24.129055064490807,80.45909791424609,6.480265357710688,264.6965848287882,rice
67.05520612340287,48.79862051052338,45.84787614282647,25.462394713523402,82.28135747261963,6.847807390567388,298.37320049250764,rice
92.57610408071302,57.64155641686851,37.54676493503817,24.14608438327921,82.24709413047636,6.6840677546668905,278.0607293724977,rice
62.77491432889753,36.6124078883341,40.929833317129955,20.82772561804754,81.5985911951719,6.345457881992805,251.92523310128718,rice
76.84664011330888,38.97897007593651,44.119230140254395,24.62204155942605,78.29321149478072,6.287292347587708,270.976587619332,rice
75.53689130760357,57.52158564637667,37.719867020996745,24.861122789639722,87.59088315213985,6.304485795128509,200.0062751197992,rice
77.31162037688954,49.776776414719734,43.342109489607196,25.166880296338505,83.8360190443379,6.73639248937179,215.44117397522686,rice
73.85344379492929,54.974267409339376,39.62982212003283,24.89647757516182,81.20496313492261,6.469528653914316,280.8587821793855,rice
63.30390528472268,39.32979089576115,40.40296099701328,24.976629315056837,84.80931402831797,6.359763947633882,294.3019301024523,rice
90.92863398997648,38.0560714741457,43.615544458753256,21.22373903165723,80.06239422623646,6.143686176853629,258.89975007218027,rice
63.35977223552969,38.92562806645602,42.27745388316609,23.93055599539246,81.73905493666102,7.022163185885327,270.79620058573204,rice
83.94804742887446,56.779608932329126,37.49272180365607,24.36259701050632,78.87550755326221,6.728936658893104,250.5259025000614,rice
79.76147817209649,46.52951248158206,39.06442805763086,21.483605089309744,83.6350025050434,6.551835936074325,259.4493342019059,rice
61.09882309328897,55.71738784049391,38.69021646003639,25.332311033676756,85.62422943173597,6.455668219760054,219.74610238826267,rice
72.592178619899,52.067021864398,35.5627372982584,23.23178477517623,83.67699732737913,6.482581987170695,202.41847877385973,rice
71.7925789280572,39.36668786428059,39.40177918373149,22.068568337655364,79.67349726197716,6.677392955089772,262.84399164480715,rice
78.4277323170567,50.29705973876418,36.91493376576299,20.17428368134101,82.14861500080214,6.308373626653053,218.48576645030977,rice
66.36285021959986,46.47063333318682,34.66522340779887,26.652102879130876,81.10865851101518,6.9679410083010955,260.8804422966201,rice
72.76649620029934,53.91259526706439,36.011494248336184,21.78665160583548,83.01387304615994,6.4034292842924785,267.9794389861365,rice
68.20240326763265,50.29516748461106,40.51242461561025,23.85292849682037,80.79886537084822,6.711976812208482,260.71884361246407,rice
71.03133080114029,54.54076603094794,38.74026441181883,25.68264336340791,82.94225844767674,6.493708288183666,222.9686101355704,rice
94.9912221039305,55.16330657754307,40.14766515360906,26.384437693928515,85.97684530585778,6.467411394968731,234.93116997926862,rice
94.82833344197562,36.33833216264476,42.91512478847526,23.939884495075333,85.90489971408961,6.837463867000024,220.82249630142027,rice
91.19228970020104,35.69417903278818,37.721242366761665,25.632595931305136,83.17941149859409,6.50688871687964,218.84383737098125,rice
77.6128213605228,49.83678379385152,37.76711001039303,22.04484888449967,83.64888316506809,6.7715964581383075,270.7662009132727,rice
101.1856170793376,35.885999012518376,36.054259396872176,25.767790779073522,82.62036166249551,6.960399610148235,283.89904046891246,rice
60.564007668674414,55.06123888740048,39.57892887203562,26.628436709866172,83.92507732685306,6.921114314670669,293.4615187372747,rice
84.1487096586847,35.81009759369239,44.0396075042962,27.401153313962393,77.08742125693756,6.461040525996751,273.09594077843224,rice
82.71588307104379,45.36912140116576,43.34198376558274,22.30872044347285,85.05783828440597,6.212041145849815,262.95959150837905,rice
86.43435869658813,60.006859989967296,43.1177288140149,26.584091119865537,81.30413093167223,6.942269696716827,271.82336289602483,rice
93.30428247567208,39.26676034104095,43.36052729928851,23.87816317153448,83.62810356406187,6.11072411298707,207.73667305404533,rice
84.62133249656719,58.94991691872065,43.5394281920466,20.660720673535025,80.33499680715491,6.790769201881517,219.77505134220283,rice
95.23117020381424,44.590147203787254,35.64838290336721,24.887809186459595,81.1584658480113,6.480162676146795,214.0791126310249,rice
92.05407104055404,57.9796277170625,39.732819181459625,25.17525969026986,84.86614104539223,6.912758165587169,277.9373264123852,rice
100.51798628928825,37.6558276312028,41.65646699348449,23.7618705062932,79.38714494787511,6.602005643172302,281.9522377551921,rice
81.83946356919076,44.871623102665474,42.52484649007796,23.123571372064294,82.71076128755746,6.511119902901333,298.0729328036312,rice
94.34840661711655,50.474790463788864,35.66382145691055,24.637648989849698,82.48250826524594,6.354565545150844,257.1558763785631,rice
89.05165123986275,59.225858072158,43.69940225754698,22.630052225208956,81.00739328803122,6.556875770227527,262.8245643941544,rice
91.85399946602192,42.19836584836263,38.21033799983504,26.02562682856425,83.64570941350371,6.068917927279691,270.54689601081714,rice
87.22328929706316,48.486729810181686,45.7652969568572,22.65465382893044,78.17903720138237,7.0383581198874925,201.2121803897513,rice
85.049877708641,43.817800257111564,38.521261720610696,27.563803132842093,79.65112510912677,6.738910221888132,288.8568230418182,rice
84.07513868905988,57.88913023759008,37.84880601553597,21.26207896354468,79.19580997716223,6.167794376658436,224.72994523737566,rice
94.93212467906112,42.10527242065509,41.38874902380881,23.64675771221385,84.42050506298014,6.376972524746338,257.92429915129975,rice
62.63947082347384,52.65804886564378,44.81696585959578,24.991891075034378,81.94225996217342,6.842497929434529,272.6250290098162,rice
95.04043155715684,36.82184819897512,37.14044476759107,22.303551994738335,83.47089167715626,6.580568157112712,221.2499423025977,rice
88.84371469143983,54.959252096714756,39.720760547274956,21.942531007269647,84.85803410984755,6.133967118945096,268.17013426769404,rice
93.444712851315,38.319040693838474,43.50078864658511,21.213769273987044,82.70695429233639,6.4211475011926815,226.98776047676319,rice
93.88294783208629,54.4906887339263,35.20278201238693,23.408103271448645,80.83887357493994,6.087240800992129,275.134788177286,rice
63.53835697799086,36.455967756969414,37.44374827702722,25.65960970658156,84.72436655766933,6.283809558855731,303.42912014242916,rice
73.80661553557431,56.61068054789806,39.945071739642735,20.502409718571876,81.77589796218987,6.8592469406434855,217.17572459890195,rice
88.41645118997319,35.79605681082559,35.735068536557165,23.843052704437184,85.54919952334345,6.949054666000253,206.6300605148409,rice
87.2336382621664,39.95035379113683,36.65495003238099,20.249780749885108,81.05300116380238,5.945586078666731,227.71881457966714,rice
88.15962637762932,47.02710707801272,37.05389797908607,23.93712653922936,82.41097056896547,6.412215744339915,230.92608277858213,rice
80.8811966713059,43.70438152137512,42.65828813907267,20.873342733717497,84.39629030986754,6.015192925243701,233.00921299637878,rice
98.19634833955263,51.93517526688518,42.30872711296178,21.76195575597385,80.6167649463041,6.496557555463827,277.7376936261158,rice
81.55427204467604,44.55208304570212,43.11476843132698,20.009490296499113,82.89598617573766,6.551276392505337,278.5415762863565,rice
74.99787884139481,36.99090226716684,33.85272200081211,22.137380940771767,79.63396944038054,6.508603375842414,277.6926417262635,rice
83.84772795124064,41.92635058035191,38.702479902288886,24.198474189387806,82.81159488290578,6.379665413003321,219.73083797187337,rice
64.86166235115031,50.821739101826005,39.51853555613182,23.19079372969571,87.37746759135308,6.323116675040739,263.5463810927205,rice
75.3824879092841,40.66556396368345,44.47931831495768,26.406777827019965,83.00125489527912,6.236921919184311,284.38743733868074,rice
82.62434676143445,47.192451796148646,35.17057090808412,24.583781852239607,81.51163273629923,6.511368744977792,289.9243717753874,rice
85.10837426857503,45.829759343321044,37.938368569767334,23.437129204721284,82.13780601104934,6.843756650309468,207.278586443519,rice
100.63435981412313,41.73079616112129,40.545882695771645,23.97221176011413,80.50544091780917,6.897438211897115,268.8848837168231,rice
77.53419119969924,36.28356193645858,37.75662135951181,20.517466230147964,79.27590738634343,6.215828816133138,246.68815168434915,rice
60.76556762989699,54.613170794035696,37.54732630487983,25.81435693097875,81.21789396867038,6.039712969751534,255.44803945090538,rice
93.68460609177853,59.387364753477385,37.32273613043672,27.180332634640894,86.80327449997898,6.861727376483877,249.9344524612202,rice
94.90990755989878,55.042586237351834,38.16864059266144,26.805615794067542,80.656595025163,6.392005515578228,203.75552944732456,rice
76.93412863335969,46.633783717769994,42.48798213011047,22.641984342234867,81.95496871428986,6.661609702701067,297.2196020580948,rice
67.59443395670401,35.951295250916694,39.24520592914296,21.9574995072167,83.46441107786454,6.471814499019347,293.6603957903182,rice
90.13922865246819,36.46997668376605,43.20428235028554,21.07329536960218,82.3864272607948,6.1960834603379435,210.48693723021617,rice
79.64414982748262,53.14923217796904,35.76817588785898,24.316545512418546,80.6929356769092,6.8193276886636145,254.5880685208117,rice
93.99368020365138,41.76220210606582,37.90373626384506,21.942764772841148,81.37407909472593,6.564194037154615,214.18030825723764,rice
92.16027509772856,54.70909320410476,36.29350084418506,26.850999938152835,79.51662508344006,6.9991111749509685,204.1085914266995,rice
86.31781256576576,37.055582560127924,36.07363990509551,25.71626143711206,85.8751533221416,6.5377852670420875,282.81414177381674,rice
61.84349262264155,39.54666851344918,39.32139523424685,23.56153606244625,86.29056698720066,6.115574599627696,199.993245326707,rice
87.93335777432779,51.7256159710286,38.81174552461714,20.012462270035492,86.6296480206228,6.601013084904399,284.86339203809365,rice
67.30944479384691,57.41534065157758,35.38179887498723,21.80797130468158,79.8009915735805,6.5860028252923595,287.1646303866099,rice
93.09827117508723,54.152609746744474,34.428546370084945,21.394837331056184,83.44015977367914,6.487977931042193,261.93364060702646,rice
66.07654875247782,61.06129840226941,40.90370359447772,21.355712566189887,80.71680150600095,6.610513476343004,274.67279683355883,rice
97.72143925721984,43.978722780505855,43.09089974605876,25.433573439596692,82.73253406787515,6.891814013003317,259.90741501893984,rice
92.52607110768083,45.732137740077555,35.433108924412494,21.60914751344726,83.9266171137863,6.646755547599926,226.4239023790457,rice
98.62119597476473,57.6138439428914,34.974168049880824,25.520361326746638,85.07259058059748,6.668354523795592,278.6549697508653,rice
66.69842828459409,49.652460463420326,41.509828309466904,25.745706254986494,84.89979232223007,6.967743867073488,215.78001631435038,rice
67.24646730870465,35.862538925517455,38.32395359046862,21.716153343240585,82.09873091799355,6.93711529387465,258.10477759496644,rice
77.04256330534196,35.65187324134721,46.35277476536286,26.866930047188536,82.79852927849143,6.094826376223372,225.14358099105246,rice
71.97628325811102,49.55038417981864,45.16830292580689,26.161838491646815,84.01100448002325,6.693633290405147,287.0232766685849,rice
61.52269627415022,59.400341893809276,40.5159817893685,25.70830698491434,80.98868095121173,6.218611892148611,239.07724575173523,rice
66.01891272801468,45.56619034559629,41.777440201625474,23.16175890537286,80.78056193005183,6.378684542646395,256.89280877565994,rice
88.5613148603402,48.87308511186454,43.830382958033056,25.78750148978901,85.25656386368122,6.1801880388167465,247.59187529430963,rice
94.1980952536711,49.72560939431574,42.312686233753745,21.4554464985093,82.59533378533861,6.2377764531744155,257.8498520852371,rice
77.40611441820593,37.36841510760363,42.52287592499563,21.142463665357067,81.86256607444294,6.183876241751633,268.72374645564565,rice
76.75895295449133,49.189038045270784,43.5776839961552,25.076429428895583,83.34868657847488,6.897708364639431,232.87676985102843,rice
77.93191191324264,54.90730273930353,41.436083483428426,21.0217063034251,77.00620447688132,6.046407136498891,284.08033764137264,rice
96.97004571549398,50.17608889120577,35.603110842992024,26.370830011862132,83.13901488943307,6.973707532013203,253.0794217182694,rice
71.94679460200507,35.68465096481191,41.66235726479651,25.887077243478135,83.08637860555262,6.3574515734346155,289.4371479937318,rice
71.77529179879845,46.05863887051407,41.75327808570001,20.25464095678112,80.20036189743185,6.340121563251749,201.89702045788886,rice
84.50762706590257,49.86570835226603,42.09051106775495,23.355346818544252,80.83931145960578,6.070492910404191,260.96149404508316,rice
73.92087212099423,35.59657411606916,39.40299744230673,21.316391811083793,82.73864865613255,6.833752513470633,278.6955004828901,rice
59.61245371570166,47.40083411572131,36.505197960116256,27.933894937609004,85.05596954670172,6.08203400263217,290.5443357989659,rice
76.27393676717439,47.91022264892587,39.122118970303454,26.189185805857928,76.93722943217601,6.967757308848502,293.7124518233207,rice
79.3474154839626,49.038277746801974,46.16212814777761,24.968604598590765,81.21761357685952,6.349739976008118,240.21314034435127,rice
91.3033638159928,55.07197034067085,45.785216406652374,22.42114392919313,81.8288672275727,6.273176959161404,226.5338482749945,rice
99.13884442312386,59.66002497698612,35.35376508235225,24.777416068897985,85.115950886047,6.34221492539838,276.5578222784741,rice
66.61512964384993,44.12105572274712,43.274947533225344,19.26514816235928,83.95850733525491,6.213979658419087,229.98406936880795,rice
93.38528692516228,34.48086086768399,39.987685276948966,24.381257406882735,80.60229322637815,6.509259327498912,233.95172991316286,rice
100.23537100813809,58.805917017083,45.49299813115915,20.553934202406456,84.68293464056254,6.291145095950465,241.25511831839964,rice
76.34963413775282,40.316495304721045,38.935594688729736,22.36000264434157,83.30403582174341,5.966439289941428,279.57787779943544,rice
89.2992131359057,48.461643789441986,36.75158794357079,20.016807030637157,85.34327694917762,6.7462483188318085,282.33470997774396,rice
78.66883456429795,57.87279289037604,41.80977067132633,20.51157761388055,79.1859059693108,6.760165008144619,235.42184119525785,rice
89.08584919207205,44.31997628580835,39.96073878427113,23.4114082191208,83.04996928315266,6.636430439466857,281.1237088535504,rice
94.88207035029448,60.667753240111224,42.00361109964903,23.082068497513013,80.67527523332022,6.150788945618636,215.4818206960373,rice
63.590768041372606,38.83728172807459,37.316578864826845,25.176670133390495,84.32513587171971,6.2478854618042226,223.41011835350048,rice
88.62689314145742,38.419904642032066,41.52371951378846,22.234244968761157,86.7824539246641,6.055577788653396,271.4950587237532,rice
86.60110716010571,52.356890404957525,38.79272240226069,26.35794616804177,80.85109078526943,6.094056777902753,237.59155985396453,rice
83.64170591163656,43.77661420002051,36.38998953057739,25.863064653719928,82.32996160988867,7.043463014638518,306.9935147036218,rice
86.7496149545591,44.75570395328252,42.96792941888936,20.256342145957166,79.73047987839487,6.236880507324398,217.20770422652282,rice
67.6282075520589,46.6165319912428,45.251136483106016,23.51891777760818,81.04159819271173,6.908605803389606,216.56156408788584,rice
59.13529530438197,37.640599169956005,42.541700496562804,27.50895554842416,82.60294051586577,6.691930938961487,291.4676834364995,rice
82.12226346333036,53.41954651810655,42.870403105988,20.344085049773344,80.623105417813,6.422488863702643,228.5269052866936,rice
89.57364804353242,51.43439050417238,39.893370619497865,25.719176368773162,84.64842650985034,6.145582066492061,294.9415510428879,rice
62.38048064785562,35.911330837639184,39.449153352087045,23.30532728823136,80.32090713119753,6.209970089192386,303.8062234379312,rice
91.38684349139923,55.23787648929065,41.50096879475444,22.81150029892428,81.71956903357707,6.346762824462402,232.90583674179737,rice
97.0498975783686,45.03246786152411,37.17246401548651,23.174957594131826,78.97736941140393,6.423982241564422,262.9459899026329,rice
66.9113760651511,57.70152443267729,39.32009676832632,21.348389232018366,86.14176222546097,6.497832673935629,211.37901607296214,rice
89.95281640697387,41.7028878886523,41.96144851255023,22.037968162992737,83.78654809596941,6.264110758225144,288.73951906470654,rice
80.33101095503336,44.927042891380154,35.02500200852556,26.554918431108625,83.81429445626287,6.619199819652149,220.69994839421452,rice
63.572168202123926,48.784277159347184,36.75459542125792,25.044548640660725,79.58939793182942,6.150622356561625,262.06259620405984,rice
82.41025152100671,51.1008855612777,42.3889867318385,26.688545050375524,83.295015380371,6.952560263434247,239.67991690383573,rice
68.70227596046769,49.70550748790003,40.49919544900637,22.038666900529467,85.55920580715998,6.312307216830575,295.6385881119369,rice
87.97666533085626,57.38881686270998,37.230815180102056,20.487725104850977,81.27821030860913,6.918402253500801,257.08828575707304,rice
92.26354253790905,46.594226831961265,38.86674969220896,20.756570499173023,85.17885378929417,6.289883063603248,254.024999035216,rice
80.08473075775495,48.86507563035941,35.82137207599004,25.099636504442707,81.44550149183223,6.2827369493559315,267.2861356975401,rice
94.01682133947993,57.94069953442101,39.36688043003364,26.68054653407825,83.61086329978498,6.2086755080854,209.28531171022982,rice
94.59320936426043,51.42281448634847,35.52207288644858,24.236540389894085,79.71678371234584,6.197618835028058,272.82467297100703,rice
63.80998525118737,58.91608328149357,35.79421965296347,22.739446945257324,80.93403652766203,6.904332574584857,248.69307133863836,rice
82.56494052831565,44.55858335499919,43.51685885082727,23.635200467172066,85.39375312191999,6.362750393654818,240.20090598599455,rice
86.61354965287491,50.39382690777527,43.080139582535175,23.690026575046073,81.25781195602613,6.940015820343871,297.2828934396845,rice
80.40938571943809,49.00304019847789,43.095282504031026,26.885613878686947,84.1621007419483,6.145878108625871,216.92310911663358,rice
87.56500196040874,37.503540861392835,39.23207671669765,22.12135617003721,82.01292552932561,6.334969914163594,239.72546638465755,rice
94.95021294773471,47.79403014190753,42.493744513945984,25.025670201459846,85.49405122076183,6.895635748532293,272.6140216851887,rice
72.87109058898808,57.57768467480141,43.86105989912811,26.712209470116605,85.85393834012078,6.30151715212047,212.4181990551457,rice
89.40472914786793,45.904158249529175,41.03696459811348,25.678071701263885,82.53417453178872,6.4508466328876395,274.6813199542787,rice
65.87349942366025,41.5727048600457,37.31597160950903,19.890537912746233,81.81852666948369,6.424137709630983,212.50060073964642,rice
82.2020350364459,53.596015655198016,35.141622539674906,24.48265175498549,82.01723705303924,6.686856019894474,217.97015739858645,rice
85.9149635117427,47.54567365750722,37.15104205193199,22.06246047505942,85.99547456674084,6.321401038314341,215.74309443368153,rice
78.48844042970512,37.86176140390157,40.36556080742582,22.635923676239162,84.826568564029,6.699649219979381,201.96035056013858,rice
79.50519815003713,56.28555319811852,38.62129675346424,22.353849678890086,84.88209396017889,5.98872502659583,280.71207665456313,rice
94.14141074766232,54.25056039125955,42.76337567192622,25.03090315891446,85.40584944374162,6.355725371664274,258.8522919210107,rice
83.90791389893835,36.908700700526495,42.50686478596841,23.405661781107938,79.01065229448213,6.22375440140175,272.7055601209111,rice
101.63372817634796,37.88603346062564,38.289654796532204,25.771668283040547,82.77601848883903,6.33675496759094,287.1084260269568,rice
80.87975680287956,37.4167970218717,43.89742794260885,25.512431696616588,84.64058622683035,6.348855959816265,293.2432354128243,rice
85.00229673826152,34.924171745126074,41.43671919717997,21.964842012770927,82.69718214348875,6.847712805211713,288.4447277950766,rice
59.67179027849055,46.05205044542657,38.74150600713211,24.865799478726032,84.94173998206197,5.961260106509954,226.0879000095593,rice
90.80919050385225,58.27463436432193,39.806757766351296,22.07065785475683,80.23026319289028,6.556669730348796,259.7866724166896,rice
83.70572880065461,55.47903914959269,37.06707764862726,25.991588103963235,80.05188926215908,6.369962394268096,207.45085606115475,rice
74.24821627114953,44.73157205694768,40.7009219551953,24.044948821651595,85.75358138937546,7.140853140643295,271.97977956188515,rice
92.01561715451409,57.39491913320722,38.28160928307622,23.983964833659506,81.39126967365428,6.880232850958683,264.5543057787206,rice
86.25940099755533,36.3319950259551,42.80312994856577,25.674933486132165,84.43407836150672,6.222612412302228,225.3040191007509,rice
61.61304321703419,38.262980013159414,39.60050419360815,21.155273321645577,82.08741599697552,6.902070619238472,293.1547973232052,rice
87.25409423446254,24.69230964917748,49.24380592660186,25.78055320456879,87.43394309257029,6.2192926543531435,44.13268636240227,watermelon
83.46815645983158,28.40994315870631,44.91407173892477,24.21783689948996,83.04864844630691,7.0604767899802345,41.17998168804074,watermelon
80.5901718778267,13.993106685312359,49.00803795895379,24.738086907957836,84.63846346642556,6.565940098893588,60.222890255311114,watermelon
103.77079697299146,7.689890858867048,53.09120296760651,26.53262109125438,82.68562561642337,6.92780764629741,43.72838686880181,watermelon
85.97671252219044,5.986418744009415,52.65483781237636,23.90762837326367,86.23855463345822,5.978732697161472,42.25817765826195,watermelon
81.02714339658039,7.469011118685214,48.07605533040386,26.088060486240504,81.65374738916792,6.929441043253796,42.28852360766577,watermelon
105.16137539057466,13.937544986345042,53.32825948783397,24.482234655028005,84.68631586666412,6.36306054019927,48.29985478406019,watermelon
92.58826996762765,13.883864848676442,54.40000876724082,24.82867867013131,86.17381747250083,6.0892677063408716,47.937027402212564,watermelon
83.80103545683177,6.0774289451846295,54.29898282159596,25.947996492956406,88.96283128529684,6.026438109508597,49.276255371171644,watermelon
102.30740968841381,20.091284937745712,47.4446642108254,24.34150626714678,83.8676526146879,6.2216168938268925,55.65935401389973,watermelon
116.37957900852881,21.400732013007083,53.4194252618396,25.581634329754486,81.91547082289912,6.166102219588485,51.58415233556066,watermelon
84.81788081955638,20.844612488651215,54.08367690667724,27.56659971689359,84.64760629854716,6.986991653557172,44.3556778576228,watermelon
108.77721665011191,28.587941784321174,47.47049075629616,26.13729948972206,93.98164280562749,6.354122620489807,50.59074944500945,watermelon
100.06342794052192,14.107490054880218,50.116064214111844,24.178227164533116,87.9998474287854,6.309051536938024,42.5640403468315,watermelon
93.01562195937848,20.804821152583713,49.141062952430715,24.711444694510732,78.2901313096074,6.754581236250887,57.99026437275459,watermelon
101.79755177632742,25.33066672607378,47.59439675390798,23.84910709761028,84.6615574017221,6.840821702897155,46.13950416333963,watermelon
113.85240526838665,25.975240039467586,46.32636698349501,27.026077486399558,91.00709632280785,6.37339497177911,55.02578134703449,watermelon
84.17858679808715,29.07288859505606,51.35638576218298,26.93686967024298,89.77287724742206,6.738337846442967,40.006637773928276,watermelon
84.8352036905732,22.64787092020975,51.28725886229843,24.722642637032315,84.11365995979794,5.99811372104588,43.708046303111765,watermelon
97.15838691548288,5.84913011708561,51.111734939086446,26.7460831598133,80.76057082571641,6.2314794223488805,46.052663649691304,watermelon
106.6762524181848,18.56892288441707,48.2312919830453,25.810325095354315,91.30388277205148,6.89559008508458,56.34149164920324,watermelon
108.42187067846601,15.48074628036906,44.985441727215516,25.288294490397103,82.92713611727994,6.374016409766187,46.70067009537926,watermelon
107.32640706915787,10.7267651219866,52.782980542674764,25.870102427831377,86.75512577396196,6.0014010420443125,51.32691379819419,watermelon
105.98015731043114,19.318405287701232,50.04523766818095,24.886191449112577,82.27126764510366,6.869118819226815,42.78880738305347,watermelon
90.70214378875491,15.54368496007126,49.7889005714813,25.385004695393423,81.26480564192926,7.018698073750715,51.77534712980275,watermelon
84.79128535243537,15.233484813545964,49.14446498532281,25.998326283596104,82.11003968166727,6.318997932164466,45.680106703459614,watermelon
120.73398751105813,23.936527668343963,49.18412461069631,25.701865273189934,84.6394101030934,6.034698998249822,55.84601416571704,watermelon
115.91098049736644,6.045473774605478,52.39684179818546,25.605685808789914,81.94172731851523,6.5200906025942755,47.37726006995218,watermelon
85.19414897968741,6.634381671633021,50.62848002326915,24.89564695231764,81.5994417411706,7.148726492520221,53.536564339625684,watermelon
103.42465719237981,22.348316736482573,44.24176905782469,26.079758129884024,84.6218005134366,6.773435523526633,50.87988617478627,watermelon
107.34359437350489,20.23262644428782,54.290622974700064,24.957720032955688,86.5945370630244,6.407273375623307,50.08134578477801,watermelon
88.64759594421157,15.89147005177427,51.81853803712941,27.070719540905458,88.913929315677,5.96336654671148,45.77654826951405,watermelon
93.56043653389003,26.511794212600204,51.51950116393765,24.697807984811785,77.4791120698492,6.296772602572866,48.363904319987455,watermelon
87.50707595025342,22.781322505930444,49.8312468615515,24.05376175977752,80.18307681013746,6.36923391707454,56.38120686568003,watermelon
105.73015470828781,18.631940497480795,48.58626488090301,26.57368210834667,88.31672415828189,6.6028359761503035,48.55460415409072,watermelon
93.35806345145897,16.806932995146266,49.26492890426719,26.397683514751776,81.1514644899854,6.345012580603807,48.29922613025596,watermelon
115.13027282929676,14.643501416212995,54.25198194449545,25.966548621969842,84.88741831084413,6.2673741425188485,46.024602035492514,watermelon
106.07992202196336,27.797832625395834,51.36956407854423,24.967346590237693,84.44647474675646,5.966218178695544,41.68726584048013,watermelon
102.32903729533625,20.113868435041162,52.52285391386289,25.89006475085699,78.80291153341314,6.215744767587135,45.27033264979115,watermelon
94.21988274370398,8.192086765084461,46.2541946494844,26.179669138324833,80.56729643674522,6.798669653218681,51.3554936478671,watermelon
105.73090272615411,8.736660378728008,45.57179871274468,25.650701721572375,90.76544952821668,7.119272172198951,48.43631002932247,watermelon
93.96900190283728,18.823625143520225,48.569222732727,24.841301373976542,78.85835888694392,6.587196270599457,56.67027039494726,watermelon
109.37214392943217,13.213447627842118,52.08429806057696,27.110446290886472,83.72199089727428,6.61490423733306,42.180518065097985,watermelon
98.05494663869902,9.129930465618541,53.50974761907792,26.896979367589044,82.68899759942066,6.434605955716452,50.450555571763,watermelon
89.95369278557408,10.187083070945567,48.32176429207702,26.077006275247218,86.96984316510112,6.767853420468807,58.68831907478288,watermelon
91.84639248465521,24.93931464231253,51.496240200446,24.63612590456459,85.00206968351242,6.500043787567377,59.51282823132376,watermelon
89.21901112337234,7.869510626282373,46.59656878046129,26.01933747629453,89.63521790273165,6.523327033626048,43.39214072030021,watermelon
91.29659225983737,8.641842637848255,51.32276783068547,23.775720540759824,88.12235032906214,6.904098181569477,42.60038494924295,watermelon
88.01375795031657,20.42082195281477,53.63455522008695,26.026130596325057,90.22776085547548,6.583446525987594,47.02471270505986,watermelon
103.8942397009267,22.367326358194177,53.226020158764435,24.12291654820318,77.17835813513702,5.84069103274633,42.08806729458917,watermelon
99.60602453543817,9.558614696413214,44.931329951426775,26.25062104659908,86.25283350858443,6.7517205130312306,52.99391092760383,watermelon
110.3070410446162,27.005803086319947,54.31281464761966,24.71071890955943,89.46216991220881,6.313386375134906,57.79193666403276,watermelon
93.00568753037128,19.41001569863856,47.508301307465544,25.75847175549507,84.16356712008393,7.108445160764567,44.74708798918551,watermelon
87.6427889783509,13.353137531981007,48.289399389387356,25.498877357897204,85.25140439562698,6.982631363988635,48.05842312576921,watermelon
106.89184729935052,6.895897114873585,48.71148626442825,26.798126072673078,82.62691918413778,6.308746831778533,45.2602658500673,watermelon
91.117536296263,22.856275978468044,55.4384362576801,23.748944300114292,91.07929715346039,6.143236253350294,44.58320927492848,watermelon
78.5679542585788,22.94488546904589,49.27839347886914,25.803964787460465,81.75333547190984,6.896497443373486,46.853658171698626,watermelon
97.17359663147887,20.39631608065505,50.070102428795195,25.39873984245883,79.01057003817805,6.1422375234061235,53.37516566461471,watermelon
94.7291675174928,26.02209114174303,53.065382833061435,25.660192741871676,82.2402461634984,6.86720568645569,43.880278691626316,watermelon
111.38267338083439,23.33996045851838,48.94470703189187,26.917959733978865,87.35943041952729,6.764566259007481,53.94113850721534,watermelon
102.9357070993167,20.66632411742756,45.23951499889221,27.02529920425724,79.8907752513563,7.02412287046962,45.06259679480666,watermelon
102.68796325462301,13.965671977231066,49.96802470251111,26.265208873237842,80.57314304428232,6.449161160461192,58.85502199308722,watermelon
99.1129013306079,18.206280328089598,52.924525311341434,24.561699741843228,88.74514557212457,5.989337549206352,53.31276121278334,watermelon
115.24648174338446,11.575684334033653,55.69353424857802,26.304617915023407,87.73644864180353,6.705163593087744,57.9732194953824,watermelon
105.63102391104323,23.059256077189655,50.38169751806099,26.01473395929629,88.34384927129433,6.3086487959851585,41.54729560495699,watermelon
96.30337671989913,29.621104983919924,47.90610433457046,26.939612732338343,81.51605861463213,5.972225046848451,42.65851644350046,watermelon
95.15438151193285,21.48906758799487,53.37897566744887,24.02566346021682,88.46793166885,6.069112567867545,50.556350321905185,watermelon
110.5978267682591,14.887164192868422,48.72190925493211,24.01670510004843,84.50487582439224,6.2170299217491785,53.38173582414455,watermelon
101.40563417454294,27.896140308024652,49.936303922334815,24.352920791678137,83.77868463818787,6.692469257944679,57.12627535403742,watermelon
91.18599516108134,20.260329672291988,54.0741909834373,26.41081789047806,81.33793583919918,6.536323127702306,50.38245813945638,watermelon
86.64345316478388,5.025113016939333,47.045776952958434,24.838981476675848,82.33702162736685,6.529986444926255,53.25737460314027,watermelon
99.13276876332037,24.249265918000276,47.64817156732177,25.64006051488857,86.20259229729031,6.467774371781257,39.176533186644505,watermelon
116.87616038825422,20.493350715181332,47.581580006494114,26.577213655267958,92.04617075484632,6.094578835114923,48.203775192564216,watermelon
86.8553242693904,21.673665821085116,45.104586468381456,26.070362201463812,85.7825106105595,6.442804181680447,58.16221025506958,watermelon
79.32609925209029,16.660937247789242,51.18049039892799,24.710200365634634,88.00774586885734,6.05323142817707,56.274146675896375,watermelon
99.42052924638192,28.21834511126652,53.84857007855299,25.59693438645188,89.8644044117827,6.486677270429272,60.10349440146555,watermelon
117.88132867729148,11.197304255295073,55.53095038243381,24.419205303579197,86.08846586379448,6.216153407489032,55.923258282453446,watermelon
113.12439330755427,6.340494769435418,48.54504077344516,27.341386633200734,80.18741185117783,6.109264490550351,53.533982143518486,watermelon
98.26906534037334,22.399711981124824,46.49449179598291,26.078962082576016,80.86672763272767,6.107333025347603,54.36240057954768,watermelon
106.68053773712478,26.229859598004523,45.1694373665091,24.620944974706163,89.47140534918702,6.964838561459726,41.6656235521856,watermelon
82.21876588454022,27.144883495926813,47.71898018280894,27.4010732246451,84.0692896392803,6.459195405466959,52.59447573439323,watermelon
114.42879990255317,5.795348300436253,49.626486955459804,23.637803495750678,86.25875173866461,6.818493248535206,55.3199028970687,watermelon
83.38913120908536,13.063778917759203,54.73638884776779,24.367231180490272,89.82528593766781,6.715196290025927,47.76180771526173,watermelon
93.3746509199074,17.40029307203464,52.30357547982529,25.329440093779816,85.56429656948961,6.18999323323098,48.639860171171684,watermelon
107.00750083039232,15.894085718419813,46.20699838459654,23.51309813898398,82.2500017127958,6.88662517020396,49.801084194041444,watermelon
113.99741080613717,26.639495891912816,44.879174138491884,25.430027709341164,89.82036187688016,6.208031136856385,56.892518947195,watermelon
106.974029803226,17.941509508358106,49.6459907612609,26.184695262514154,80.09732780791197,6.741168662175399,41.4360260219174,watermelon
89.0182819959368,21.550667884650032,53.189627204186635,25.919236760374424,82.59836599282616,6.471359573724723,58.49924535446436,watermelon
93.99410346289461,6.1946960497845645,46.35981247180174,24.2360144606686,79.97001806923736,6.64577903215446,43.62327985249494,watermelon
95.91192647341245,26.01340693368985,51.97511458302209,26.824344191707038,83.14780522760805,6.2864658363517,49.40359117818644,watermelon
114.65113725214238,18.742848563594478,53.31117219624065,25.902982618275125,81.96830780616519,6.45045753251569,51.79611713878625,watermelon
113.69730836712509,6.728586236913032,49.777486758347976,25.064027030200666,87.27548665076827,6.015870589359855,48.84253627815995,watermelon
115.95027608986787,14.44831588799644,50.42968574583643,24.769662039707004,87.59908328191068,6.12267861115677,56.09436756868698,watermelon
79.08908953438392,26.955117338326954,54.94703580786101,24.819492564537462,83.80965540685538,6.60448231857936,49.618818525151525,watermelon
87.8782707862227,8.327945699029778,47.081744573939865,23.895397820039317,90.95569087188416,6.376518704030072,53.5062174670683,watermelon
103.2038363632916,8.68957189421707,47.35819834159299,26.445556039118543,86.361684624923,6.19261321622153,43.00042430435608,watermelon
96.79760894369184,10.366858568064316,50.89469027165219,25.461070632007527,79.41158217758364,6.280912523694873,42.035796679367735,watermelon
90.70889218090701,28.165291854203375,45.30316451587483,26.307645637626297,83.69835246421835,6.082489869937573,58.4225542009955,watermelon
89.83772487415266,16.20686621108557,51.64954933682311,25.56528398379335,86.50501469233569,6.7706156226017375,42.96452045276849,watermelon
106.18198600859147,18.4889034332463,44.428775138444706,27.06247299464319,90.49505452956515,6.284450552694062,46.13011947375173,watermelon
100.86720049150729,9.240450600478527,54.01880290856918,27.3485850540028,82.75726739009686,6.043697786630795,58.18369963217356,watermelon
85.83478804902427,19.787402712751497,48.00193243089166,26.36645590199888,81.97485338851467,6.1829839321113305,48.11904958737686,watermelon
101.37642089451622,27.431252427292673,53.55592969725078,26.82344954539878,88.09862398242564,6.0968624557474085,39.94581879793105,watermelon
114.03874140536263,15.545917155010594,52.695748734270104,25.70273391987775,86.5397426210013,6.3472807065473535,50.28128246188322,watermelon
108.25502903759981,13.638000861135618,47.13845660754585,26.988217406666635,80.86991933327398,6.640200693300436,43.56185796112317,watermelon
111.23399796867417,5.4158807163402525,46.54054008362415,26.316389658012948,90.95962306883226,6.309187823743778,48.5339004161423,watermelon
87.18298903528242,10.770088708415349,50.803668978114516,26.381828144988596,84.92122958098996,6.7188058827107175,42.517405663190914,watermelon
103.06163988844443,21.70396775852282,48.06123957154095,24.916758633739292,86.42297419932967,5.874643737366612,47.21324317893984,watermelon
80.26531842397665,13.727201348355702,48.7189802365545,26.148557564459406,92.93557362927999,7.089442022071742,45.939813573513675,watermelon
109.714860749501,17.720593664382957,50.10741429996548,25.769551462866477,79.28185121352311,6.640744692954428,54.63702566130927,watermelon
116.19162835922295,26.983875503028997,46.94035944450246,25.95798670646533,84.42216323783626,6.36851978226451,52.462816145644446,watermelon
109.52459560392805,14.753026432441567,48.119734064808064,25.656846167818163,83.32873375115001,6.7275886562794485,43.53546442476942,watermelon
82.8233587292606,6.097357939260925,53.61513951479885,24.901352142504532,83.86475112977571,6.429176782629469,51.77739049081632,watermelon
101.66381912783801,6.141682401290789,45.93274880197124,25.370294605506736,88.55096035310252,7.075774001439766,41.89949450804952,watermelon
84.0548517155533,5.995108523370158,54.31314536321663,25.28815773115637,88.5113193018708,6.438543269697589,52.450962196264,watermelon
80.28994022939474,16.56879428218947,49.345802640097645,26.33114222090445,86.59247656306474,6.977891818859815,57.098065347755224,watermelon
105.81120598404702,10.496231073341947,54.58125737825502,26.74017295270881,84.88340629940136,6.852184358530436,53.34694919125714,watermelon
101.60505106363401,25.00676204751511,46.78521478006031,25.204945429031145,85.74510207957586,6.060911148841385,55.8620636751326,watermelon
83.7330610768126,11.172155719372155,52.17603860187087,25.801013822445398,80.60818068139943,6.248511821818748,58.3277172189772,watermelon
91.711757146041,22.51410104110744,48.77726921132586,27.557200641369857,84.3567144933575,6.545776936805799,49.09435937363542,watermelon
100.86809752010309,21.08866146512287,51.591823501786344,25.35985389041251,85.63885601394637,7.095725325866015,40.7549303389363,watermelon
114.46001269308886,11.466710271321741,54.08436398781046,25.98381447181036,80.37563123406713,6.095490707540172,56.20430627195252,watermelon
80.75237902942,19.76971124349264,52.63902853025392,24.996243386909793,82.78898830519783,6.370281130261105,61.2059971132761,watermelon
88.63250040511592,26.344151648246868,54.103321260777804,26.077184964275457,82.15250718986718,6.282267618602611,42.69788686065629,watermelon
89.90026337896006,16.622617442882103,52.97075765042713,24.397915543598323,89.29562834860572,6.140626772302083,49.12809278489302,watermelon
96.75171753127054,12.564570322846532,49.77993013714404,26.104753290709464,87.2140776968636,6.591503904145544,55.769718891610445,watermelon
104.19898093429549,8.606033271133507,47.60606365911918,26.68092234246689,91.27532963065823,5.8397944095949805,57.5489195938072,watermelon
107.80770778967205,9.473960474074625,53.21560503976167,25.7429598004995,88.42544812949961,6.629224015675838,50.6877662938186,watermelon
91.12985374532835,8.082242165916089,49.527004514042446,26.444709082248472,87.15520718658706,6.451545988331353,41.580941081171716,watermelon
103.06624875455266,23.87855963126974,50.26885929181322,25.74734865194442,83.23932457430209,6.489190338404912,58.287240289734484,watermelon
98.37571709134588,20.66578504788475,51.96121076812607,25.34932736063992,88.35627277855122,6.796436391226829,47.22138371566351,watermelon
80.42437277527854,23.11672771117925,47.506169415911984,25.81181998798446,81.4645798232757,6.902022660269102,56.78677961684236,watermelon
116.0358461990684,12.486050199305891,50.45331564069076,26.320933968046262,83.8203788840373,6.603153213618332,44.57474001056018,watermelon
90.74041782646233,18.618633715375882,45.56091190460415,27.531195373819283,82.47649869807071,6.920445498812047,56.522594641621765,watermelon
111.58928283592212,7.273625873127889,53.085290852423704,24.333327950553333,88.51576344153906,7.0942165106048485,57.11764849586435,watermelon
80.84579293346764,9.447616548206401,47.06583764767749,27.07610437642189,88.49862360553509,6.588893574677864,57.533398775532824,watermelon
107.85574451576741,23.94614919582058,45.44910488787398,26.042745220254545,84.80249165049163,5.90650391224086,52.13020187871706,watermelon
92.80234040528352,26.063346713703016,53.11673857084612,24.915833485304642,86.81955164087911,6.73994407888254,43.7419419641222,watermelon
88.89671228260592,22.151318670750737,54.42957772578024,24.348735587195964,82.24011493475801,7.135565891707948,43.066571200641135,watermelon
116.68991201701348,24.02452092565408,47.01908188272847,27.09118875581387,87.84975340697488,6.668955388018275,60.68400047879808,watermelon
110.86821060114299,8.223871401765104,52.435670011744854,24.852050018578755,80.71700725601683,6.565295758750117,52.76682058661771,watermelon
116.62272709491072,19.2921590763348,54.697187401244356,25.989590480791566,88.4129427225075,6.102686051717545,43.214580542777774,watermelon
104.89929700264,23.438402059119383,53.301092309355965,24.171740354469033,85.50762407129331,6.677373429209967,57.41999273808586,watermelon
120.71677758258448,26.97234425194704,50.9121052539341,25.24626622893075,88.40236700234307,6.307712052186036,43.89840814480077,watermelon
104.76422347529858,18.127028244116232,44.95063522088911,24.839879593189984,81.59107228099144,6.789389612613016,56.14893011728885,watermelon
104.42780086539886,26.38854986399231,47.49177670987596,24.088580236676364,91.49777200035841,6.4786124540837156,53.68168952173555,watermelon
81.50206231233564,14.968660310605534,48.773600898246464,23.706709287889286,81.97419959725771,6.109972267268271,49.863076260977266,watermelon
79.30029484826271,20.725365703137363,53.35884783145452,24.438923310211905,87.29985065706828,6.553987267926925,61.60577002420357,watermelon
97.61223609140808,19.652650481778903,52.603810744028536,25.30211614015157,87.12894200991158,5.871169110259418,43.10690546675327,watermelon
88.93210925922472,15.543152189781381,49.364499595377445,27.61748076999043,86.2470294777827,6.432427042110153,55.849618322411914,watermelon
98.56649865095841,17.73525572617435,49.77892081775607,25.774617232218546,84.89710530505631,6.663355301393026,49.83840997207939,watermelon
108.73032332386586,10.366173069975124,52.67119554514574,24.052952428543236,87.38955007853639,6.142356924810981,45.276218290891876,watermelon
94.78514873980133,8.325242414774515,51.57920292350866,26.885809834597417,90.87908563150589,7.059463960366888,50.97347187476571,watermelon
104.37928105347827,18.950471411786477,46.04039312220316,26.77080998830488,89.92010244014325,7.212102026032261,42.12076992096507,watermelon
81.67578748522418,21.55041068963949,44.20052824672364,23.930959976181864,86.45417130807873,6.401333831022807,40.504281965562214,watermelon
100.55815649177228,15.699156717151553,52.57003550465516,27.680645265242596,89.20339042518653,6.536528047803215,46.03510517634213,watermelon
123.18334542396641,25.816631022361918,45.263249606504715,26.816523869706714,82.74328181474806,6.8928434633941436,40.48293920248325,watermelon
83.29013645848336,15.308414952063082,47.17079225639886,28.127694070395755,81.7373393465097,6.63882687178402,44.155321714045044,watermelon
86.2610773837714,20.16383783259761,54.67899753261997,26.024702955596496,84.84721603487093,6.654152870997825,42.75322965113771,watermelon
102.62220970118825,5.088243581010656,54.85713787120336,25.79245635033078,91.97660160482363,6.185613139466253,51.99298650344478,watermelon
94.94192602818808,23.128234805931765,52.49536551656855,27.215494126764078,90.5089980666386,6.34811797126394,46.4217049468727,watermelon
88.03223946446992,27.483053884440086,48.91188871235237,26.80688642442387,85.49257464247275,6.524466816508849,49.886361800598245,watermelon
112.30534720294042,15.24455094207575,51.810158988604115,24.038302134499855,82.45505530699933,6.5215345040876285,56.073829512098804,watermelon
113.60289825214507,11.210361077388974,48.89066653124053,26.5357115094137,84.43577926743627,6.57582534526988,47.664414235962454,watermelon
102.42844546844306,28.22037093913484,49.12355432384257,26.78093413927432,79.89592015153924,6.426874796586851,55.92518970002807,watermelon
114.33184913661798,15.55229754812082,53.9692607830635,24.936756168825628,88.52136456921068,6.811350705148107,49.97234871126196,watermelon
92.40637970378215,12.53097559472281,53.74662711932622,26.050704613334158,82.7336258764935,5.96969915792606,53.76502293724209,watermelon
88.111669825126,31.040959042633325,48.49398823441591,24.605786674338226,87.85798046482319,6.305161274249011,54.83046184410353,watermelon
109.23715882109956,30.56695476101395,45.57634437907198,26.63917356292443,80.72738172180718,6.731699235724871,60.275004417238925,watermelon
85.01354341719652,20.46971396889482,46.97878638106842,27.118266018420677,81.91513010937736,7.058872496297978,41.05721964849123,watermelon
121.57593602416898,16.384345995162096,54.22125074082291,25.24700999021273,90.65009762796376,6.050169906122464,50.282843186606144,watermelon
108.18994227120524,11.702783777611836,50.36078301848122,26.131835907852647,86.32590110560005,6.640376745137623,51.45003409725692,watermelon
96.7827886361609,22.341263939181818,46.19064198946194,26.56091540790009,88.45462757079694,7.2341773343266365,43.4847649191847,watermelon
118.41945873097883,27.619806228294795,51.28330198447098,25.068212859578914,82.69972554174129,6.3089581063279425,47.297744068294186,watermelon
109.81079429546081,23.63639138563178,50.84327071282616,25.183590936455147,79.54794825220371,6.145790565614462,59.824137893825956,watermelon
92.63644631834289,26.274025115870106,45.45885544334292,25.4337685308054,82.7378407259073,6.856962500609731,44.39506044289969,watermelon
87.91834385436233,19.535077659743568,50.15205857713903,27.354203568231735,91.43835155071733,5.945099044835122,56.03348715719144,watermelon
110.2015930901767,6.763863333750118,48.54855469075851,24.703089034823776,83.92406231169588,6.674756003689906,39.375202879170736,watermelon
84.67647838233059,12.181507090052142,52.53140504862086,24.154385946807537,84.02805170398216,6.633420785255256,40.68354660629746,watermelon
104.98516274851747,17.331374481499683,53.24575383249733,26.782966108494435,84.03407502271551,6.312238868221807,59.4787233201047,watermelon
109.81688273149058,25.44625800589208,51.415353415892234,26.47277054673436,86.55343829096586,6.584298952844769,49.39787597104883,watermelon
115.0925798048963,14.215181613689664,52.02504222588386,26.575929228358362,88.35768191098319,7.055257406943115,55.932749427859164,watermelon
119.33247682357175,10.90851833128107,45.28364341950096,24.696968380566016,78.81740466850978,6.912227828546922,42.206323094896604,watermelon
84.58070542004741,15.00973469956693,47.235292369785945,24.548161363528955,86.64623093949942,6.6693876326795385,53.79669756066324,watermelon
100.86771486168622,24.087217479198006,53.94801430256229,24.097323256775773,84.66304452826417,7.11473147970619,51.093542953798874,watermelon
80.69176738953283,27.726332318567167,52.4690775889822,24.290541731029183,88.4517252777021,6.20704714000353,56.249868981973556,watermelon
98.5234100137356,22.533150409558285,45.16840893271378,26.489686917796078,88.82755817375853,6.675296553797857,57.30075003675293,watermelon
86.65032853004969,8.19401086887861,47.10025538847554,25.58097423901593,81.95327764965802,6.771528061693606,57.82532233646965,watermelon
101.64486571593895,18.93795387289795,51.715277526120204,24.429054968600656,87.05916105631457,6.782847451954366,42.91459048001403,watermelon
95.36623340821593,18.47781573020146,49.57333260184132,24.530682578593773,79.3481638260461,5.993454590001004,56.12234778706782,watermelon
121.37520252113153,13.962860756816974,50.373072701927256,27.36443215734558,92.48082276534333,6.205090095468609,60.861392951577464,watermelon
88.73933387411229,24.570255683573865,47.28554559731528,24.963822525966485,88.3362407682898,6.12500480136911,55.47843413534005,watermelon
79.03954427619391,10.728120043273783,55.95592560332164,25.038390634722703,78.46571414723834,6.728302002824799,52.00058876903236,watermelon
101.96684593589602,22.968834116597645,52.360110050144755,26.297628212237722,86.95639392465279,6.751086643685916,49.0632803095388,watermelon
114.67910926969945,17.426986910912376,49.076210928562425,25.411296332269636,85.27879137026356,6.661662234974493,41.93376901592746,watermelon
89.2621104707033,26.948202190830234,49.19063948511155,26.39620689965049,81.61372529378626,6.3743957181593345,44.9561851895758,watermelon
99.6204311655298,16.082782582937547,50.35078681210675,27.304838608509186,79.40145142276971,6.985009644364105,50.002361848348826,watermelon
117.9766924554545,23.85529222666838,53.79064079726543,26.441804901414244,85.92609494005846,6.722795445235759,59.3900517620015,watermelon
82.52036301256122,26.900932507380247,50.491413126566854,23.96831608518998,81.95009219785466,6.077742267384174,39.820621840540724,watermelon
115.80400274411691,23.88930195588614,45.440917955965915,27.793578872062685,85.94451038833321,6.527025450280457,49.605501317474136,watermelon
